#
# A fatal error has been detected by the Java Runtime Environment:
#
#  SIGSEGV (0xb) at pc=0x000000013f126dc0, pid=5451, tid=38659
#
# JRE version: OpenJDK Runtime Environment GraalVM CE 17.0.9+9.1 (17.0.9+9) (build 17.0.9+9-jvmci-23.0-b22)
# Java VM: OpenJDK 64-Bit Server VM GraalVM CE 17.0.9+9.1 (17.0.9+9-jvmci-23.0-b22, mixed mode, sharing, tiered, jvmci, jvmci compiler, compressed oops, compressed class ptrs, g1 gc, bsd-aarch64)
# Problematic frame:
# C  [libtesseract.5.dylib+0x11adc0]  tesseract::assign_blobs_to_blocks2(tesseract::Image, tesseract::BLOCK_LIST*, tesseract::TO_BLOCK_LIST*)+0x18c
#
# No core dump will be written. Core dumps have been disabled. To enable core dumping, try "ulimit -c unlimited" before starting Java again
#
# If you would like to submit a bug report, please visit:
#   https://github.com/oracle/graal/issues
# The crash happened outside the Java Virtual Machine in native code.
# See problematic frame for where to report the bug.
#

---------------  S U M M A R Y ------------

Command Line: -XX:ThreadPriorityPolicy=1 -XX:+UnlockExperimentalVMOptions -XX:+EnableJVMCIProduct -XX:-UnlockExperimentalVMOptions -agentlib:jdwp=transport=dt_socket,address=127.0.0.1:50040,suspend=y,server=n -ea -Djna.library.path=/opt/homebrew/Cellar/tesseract/5.5.1/lib -Didea.test.cyclic.buffer.size=1048576 -javaagent:/Users/hibatullaha/Library/Caches/JetBrains/IntelliJIdea2024.3/captureAgent/debugger-agent.jar -Dkotlinx.coroutines.debug.enable.creation.stack.trace=false -Ddebugger.agent.enable.coroutines=true -Dkotlinx.coroutines.debug.enable.flows.stack.trace=true -Dkotlinx.coroutines.debug.enable.mutable.state.flows.stack.trace=true -Dfile.encoding=UTF-8 com.intellij.rt.junit.JUnitStarter -ideVersion5 -junit5 com.irfaan.efaktur.service.FakturValidationServiceTest,testProcessingFakturFromFile

Host: "MacBookPro17,1" arm64, 8 cores, 16G, Darwin 24.3.0, macOS 15.3.2 (24D81)
Time: Mon Jul  7 09:46:30 2025 WIB elapsed time: 4.898063 seconds (0d 0h 0m 4s)

---------------  T H R E A D  ---------------

Current thread (0x000000013c237000):  JavaThread "image-processing-3" [_thread_in_native, id=38659, stack(0x0000000322cfc000,0x0000000322eff000)]

Stack: [0x0000000322cfc000,0x0000000322eff000],  sp=0x0000000322efbf30,  free space=2047k
Native frames: (J=compiled Java code, j=interpreted, Vv=VM code, C=native code)
C  [libtesseract.5.dylib+0x11adc0]  tesseract::assign_blobs_to_blocks2(tesseract::Image, tesseract::BLOCK_LIST*, tesseract::TO_BLOCK_LIST*)+0x18c
C  [libtesseract.5.dylib+0x11b044]  tesseract::Textord::find_components(tesseract::Image, tesseract::BLOCK_LIST*, tesseract::TO_BLOCK_LIST*)+0xc0
C  [libtesseract.5.dylib+0x115810]  tesseract::Textord::TextordPage(tesseract::PageSegMode, tesseract::FCOORD const&, int, int, tesseract::Image, tesseract::Image, tesseract::Image, bool, tesseract::BLOBNBOX_LIST*, tesseract::BLOCK_LIST*, tesseract::TO_BLOCK_LIST*, float*)+0x9c
C  [libtesseract.5.dylib+0x35acc]  tesseract::Tesseract::SegmentPage(char const*, tesseract::BLOCK_LIST*, tesseract::Tesseract*, tesseract::OSResults*)+0x3d8
C  [libtesseract.5.dylib+0x46f0]  tesseract::TessBaseAPI::FindLines()+0x2dc
C  [libtesseract.5.dylib+0x48b8]  tesseract::TessBaseAPI::Recognize(tesseract::ETEXT_DESC*)+0x2c
C  [libtesseract.5.dylib+0x3990]  tesseract::TessBaseAPI::GetUTF8Text()+0x3c
C  [jna3723072929043281702.tmp+0x1004c]  ffi_prep_closure_loc+0x164c
C  [jna3723072929043281702.tmp+0xe970]  ffi_call+0x57c
C  [jna3723072929043281702.tmp+0x678c]  Java_com_sun_jna_Native_invokePointer+0x96c
C  [jna3723072929043281702.tmp+0x5e4c]  Java_com_sun_jna_Native_invokePointer+0x2c
j  com.sun.jna.Native.invokePointer(Lcom/sun/jna/Function;JI[Ljava/lang/Object;)J+0
j  com.sun.jna.Function.invokePointer(I[Ljava/lang/Object;)Lcom/sun/jna/Pointer;+7
j  com.sun.jna.Function.invoke([Ljava/lang/Object;Ljava/lang/Class;ZI)Ljava/lang/Object;+387
j  com.sun.jna.Function.invoke(Ljava/lang/reflect/Method;[Ljava/lang/Class;Ljava/lang/Class;[Ljava/lang/Object;Ljava/util/Map;)Ljava/lang/Object;+271
j  com.sun.jna.Library$Handler.invoke(Ljava/lang/Object;Ljava/lang/reflect/Method;[Ljava/lang/Object;)Ljava/lang/Object;+390
j  jdk.proxy2.$Proxy127.TessBaseAPIGetUTF8Text(Lnet/sourceforge/tess4j/ITessAPI$TessBaseAPI;)Lcom/sun/jna/Pointer;+16 jdk.proxy2
j  net.sourceforge.tess4j.Tesseract.getOCRText(Ljava/lang/String;I)Ljava/lang/String;+264
j  net.sourceforge.tess4j.Tesseract.doOCR(Ljavax/imageio/IIOImage;Ljava/lang/String;Ljava/util/List;I)Ljava/lang/String;+91
j  net.sourceforge.tess4j.Tesseract.doOCR(Ljava/util/List;Ljava/lang/String;Ljava/util/List;)Ljava/lang/String;+106
j  net.sourceforge.tess4j.Tesseract.doOCR(Ljava/awt/image/BufferedImage;Ljava/lang/String;Ljava/util/List;)Ljava/lang/String;+27
j  net.sourceforge.tess4j.Tesseract.doOCR(Ljava/awt/image/BufferedImage;)Ljava/lang/String;+7
j  com.irfaan.efaktur.util.FileUtil.doOcr(Ljava/awt/image/BufferedImage;)Ljava/lang/String;+100
j  java.lang.invoke.LambdaForm$DMH+0x000000f001014000.invokeVirtual(Ljava/lang/Object;Ljava/lang/Object;Ljava/lang/Object;)Ljava/lang/Object;+11 java.base@17.0.9
j  java.lang.invoke.LambdaForm$MH+0x000000f001555000.invoke(Ljava/lang/Object;Ljava/lang/Object;)Ljava/lang/Object;+39 java.base@17.0.9
j  java.lang.invoke.LambdaForm$MH+0x000000f0015dc400.invoke(Ljava/lang/Object;Ljava/lang/Object;Ljava/lang/Object;)Ljava/lang/Object;+45 java.base@17.0.9
j  java.lang.invoke.LambdaForm$MH+0x000000f00154c800.invokeExact_MT(Ljava/lang/Object;Ljava/lang/Object;Ljava/lang/Object;Ljava/lang/Object;)Ljava/lang/Object;+20 java.base@17.0.9
j  java.lang.invoke.MethodHandle.invokeWithArguments([Ljava/lang/Object;)Ljava/lang/Object;+28 java.base@17.0.9
j  org.mockito.internal.util.reflection.InstrumentationMemberAccessor$Dispatcher$ByteBuddy$fUJLcIdF.invokeWithArguments(Ljava/lang/invoke/MethodHandle;[Ljava/lang/Object;)Ljava/lang/Object;+2
j  org.mockito.internal.util.reflection.InstrumentationMemberAccessor.invoke(Ljava/lang/reflect/Method;Ljava/lang/Object;[Ljava/lang/Object;)Ljava/lang/Object;+155
j  org.mockito.internal.util.reflection.ModuleMemberAccessor.invoke(Ljava/lang/reflect/Method;Ljava/lang/Object;[Ljava/lang/Object;)Ljava/lang/Object;+7
j  org.mockito.internal.creation.bytebuddy.MockMethodAdvice.tryInvoke(Ljava/lang/reflect/Method;Ljava/lang/Object;[Ljava/lang/Object;)Ljava/lang/Object;+8
j  org.mockito.internal.creation.bytebuddy.MockMethodAdvice$RealMethodCall.invoke()Ljava/lang/Object;+29
j  org.mockito.internal.invocation.InterceptedInvocation.callRealMethod()Ljava/lang/Object;+20
j  org.mockito.internal.stubbing.answers.CallsRealMethods.answer(Lorg/mockito/invocation/InvocationOnMock;)Ljava/lang/Object;+24
j  org.mockito.Answers.answer(Lorg/mockito/invocation/InvocationOnMock;)Ljava/lang/Object;+5
j  org.mockito.internal.handler.MockHandlerImpl.handle(Lorg/mockito/invocation/Invocation;)Ljava/lang/Object;+245
j  org.mockito.internal.handler.NullResultGuardian.handle(Lorg/mockito/invocation/Invocation;)Ljava/lang/Object;+5
j  org.mockito.internal.handler.InvocationNotifierHandler.handle(Lorg/mockito/invocation/Invocation;)Ljava/lang/Object;+5
j  org.mockito.internal.creation.bytebuddy.MockMethodInterceptor.doIntercept(Ljava/lang/Object;Ljava/lang/reflect/Method;[Ljava/lang/Object;Lorg/mockito/internal/invocation/RealMethod;Lorg/mockito/invocation/Location;)Ljava/lang/Object;+26
j  org.mockito.internal.creation.bytebuddy.MockMethodAdvice.handle(Ljava/lang/Object;Ljava/lang/reflect/Method;[Ljava/lang/Object;)Ljava/util/concurrent/Callable;+77
j  com.irfaan.efaktur.util.FileUtil.doOcr(Ljava/awt/image/BufferedImage;)Ljava/lang/String;+73
j  com.irfaan.efaktur.service.FakturValidationService.extractImageIntoText(Ljava/lang/String;Ljava/awt/image/BufferedImage;)Ljava/lang/String;+34
j  com.irfaan.efaktur.service.FakturValidationService.extractValueFromImage(Lorg/springframework/web/multipart/MultipartFile;Ljava/awt/image/BufferedImage;Ljava/util/Map;)Ljava/lang/String;+17
j  com.irfaan.efaktur.service.FakturValidationService.lambda$processingEfaktur$0(Lorg/springframework/web/multipart/MultipartFile;Ljava/awt/image/BufferedImage;Ljava/util/Map;)Ljava/lang/String;+4
j  com.irfaan.efaktur.service.FakturValidationService$$Lambda$1033+0x000000f0015e1a60.call()Ljava/lang/Object;+16
j  java.util.concurrent.FutureTask.run$$$capture()V+39 java.base@17.0.9
j  java.util.concurrent.FutureTask.run()V+5 java.base@17.0.9
j  java.util.concurrent.ThreadPoolExecutor.runWorker(Ljava/util/concurrent/ThreadPoolExecutor$Worker;)V+92 java.base@17.0.9
j  java.util.concurrent.ThreadPoolExecutor$Worker.run()V+5 java.base@17.0.9
j  java.lang.Thread.run()V+11 java.base@17.0.9
v  ~StubRoutines::call_stub
V  [libjvm.dylib+0x471328]  JavaCalls::call_helper(JavaValue*, methodHandle const&, JavaCallArguments*, JavaThread*)+0x38c
V  [libjvm.dylib+0x470344]  JavaCalls::call_virtual(JavaValue*, Klass*, Symbol*, Symbol*, JavaCallArguments*, JavaThread*)+0x11c
V  [libjvm.dylib+0x470410]  JavaCalls::call_virtual(JavaValue*, Handle, Klass*, Symbol*, Symbol*, JavaThread*)+0x64
V  [libjvm.dylib+0x52562c]  thread_entry(JavaThread*, JavaThread*)+0xc4
V  [libjvm.dylib+0x906084]  JavaThread::thread_main_inner()+0x15c
V  [libjvm.dylib+0x9046f8]  Thread::call_run()+0xe0
V  [libjvm.dylib+0x7a3f70]  thread_native_entry(Thread*)+0x158
C  [libsystem_pthread.dylib+0x72e4]  _pthread_start+0x88

Java frames: (J=compiled Java code, j=interpreted, Vv=VM code)
j  com.sun.jna.Native.invokePointer(Lcom/sun/jna/Function;JI[Ljava/lang/Object;)J+0
j  com.sun.jna.Function.invokePointer(I[Ljava/lang/Object;)Lcom/sun/jna/Pointer;+7
j  com.sun.jna.Function.invoke([Ljava/lang/Object;Ljava/lang/Class;ZI)Ljava/lang/Object;+387
j  com.sun.jna.Function.invoke(Ljava/lang/reflect/Method;[Ljava/lang/Class;Ljava/lang/Class;[Ljava/lang/Object;Ljava/util/Map;)Ljava/lang/Object;+271
j  com.sun.jna.Library$Handler.invoke(Ljava/lang/Object;Ljava/lang/reflect/Method;[Ljava/lang/Object;)Ljava/lang/Object;+390
j  jdk.proxy2.$Proxy127.TessBaseAPIGetUTF8Text(Lnet/sourceforge/tess4j/ITessAPI$TessBaseAPI;)Lcom/sun/jna/Pointer;+16 jdk.proxy2
j  net.sourceforge.tess4j.Tesseract.getOCRText(Ljava/lang/String;I)Ljava/lang/String;+264
j  net.sourceforge.tess4j.Tesseract.doOCR(Ljavax/imageio/IIOImage;Ljava/lang/String;Ljava/util/List;I)Ljava/lang/String;+91
j  net.sourceforge.tess4j.Tesseract.doOCR(Ljava/util/List;Ljava/lang/String;Ljava/util/List;)Ljava/lang/String;+106
j  net.sourceforge.tess4j.Tesseract.doOCR(Ljava/awt/image/BufferedImage;Ljava/lang/String;Ljava/util/List;)Ljava/lang/String;+27
j  net.sourceforge.tess4j.Tesseract.doOCR(Ljava/awt/image/BufferedImage;)Ljava/lang/String;+7
j  com.irfaan.efaktur.util.FileUtil.doOcr(Ljava/awt/image/BufferedImage;)Ljava/lang/String;+100
j  java.lang.invoke.LambdaForm$DMH+0x000000f001014000.invokeVirtual(Ljava/lang/Object;Ljava/lang/Object;Ljava/lang/Object;)Ljava/lang/Object;+11 java.base@17.0.9
j  java.lang.invoke.LambdaForm$MH+0x000000f001555000.invoke(Ljava/lang/Object;Ljava/lang/Object;)Ljava/lang/Object;+39 java.base@17.0.9
j  java.lang.invoke.LambdaForm$MH+0x000000f0015dc400.invoke(Ljava/lang/Object;Ljava/lang/Object;Ljava/lang/Object;)Ljava/lang/Object;+45 java.base@17.0.9
j  java.lang.invoke.LambdaForm$MH+0x000000f00154c800.invokeExact_MT(Ljava/lang/Object;Ljava/lang/Object;Ljava/lang/Object;Ljava/lang/Object;)Ljava/lang/Object;+20 java.base@17.0.9
j  java.lang.invoke.MethodHandle.invokeWithArguments([Ljava/lang/Object;)Ljava/lang/Object;+28 java.base@17.0.9
j  org.mockito.internal.util.reflection.InstrumentationMemberAccessor$Dispatcher$ByteBuddy$fUJLcIdF.invokeWithArguments(Ljava/lang/invoke/MethodHandle;[Ljava/lang/Object;)Ljava/lang/Object;+2
j  org.mockito.internal.util.reflection.InstrumentationMemberAccessor.invoke(Ljava/lang/reflect/Method;Ljava/lang/Object;[Ljava/lang/Object;)Ljava/lang/Object;+155
j  org.mockito.internal.util.reflection.ModuleMemberAccessor.invoke(Ljava/lang/reflect/Method;Ljava/lang/Object;[Ljava/lang/Object;)Ljava/lang/Object;+7
j  org.mockito.internal.creation.bytebuddy.MockMethodAdvice.tryInvoke(Ljava/lang/reflect/Method;Ljava/lang/Object;[Ljava/lang/Object;)Ljava/lang/Object;+8
j  org.mockito.internal.creation.bytebuddy.MockMethodAdvice$RealMethodCall.invoke()Ljava/lang/Object;+29
j  org.mockito.internal.invocation.InterceptedInvocation.callRealMethod()Ljava/lang/Object;+20
j  org.mockito.internal.stubbing.answers.CallsRealMethods.answer(Lorg/mockito/invocation/InvocationOnMock;)Ljava/lang/Object;+24
j  org.mockito.Answers.answer(Lorg/mockito/invocation/InvocationOnMock;)Ljava/lang/Object;+5
j  org.mockito.internal.handler.MockHandlerImpl.handle(Lorg/mockito/invocation/Invocation;)Ljava/lang/Object;+245
j  org.mockito.internal.handler.NullResultGuardian.handle(Lorg/mockito/invocation/Invocation;)Ljava/lang/Object;+5
j  org.mockito.internal.handler.InvocationNotifierHandler.handle(Lorg/mockito/invocation/Invocation;)Ljava/lang/Object;+5
j  org.mockito.internal.creation.bytebuddy.MockMethodInterceptor.doIntercept(Ljava/lang/Object;Ljava/lang/reflect/Method;[Ljava/lang/Object;Lorg/mockito/internal/invocation/RealMethod;Lorg/mockito/invocation/Location;)Ljava/lang/Object;+26
j  org.mockito.internal.creation.bytebuddy.MockMethodAdvice.handle(Ljava/lang/Object;Ljava/lang/reflect/Method;[Ljava/lang/Object;)Ljava/util/concurrent/Callable;+77
j  com.irfaan.efaktur.util.FileUtil.doOcr(Ljava/awt/image/BufferedImage;)Ljava/lang/String;+73
j  com.irfaan.efaktur.service.FakturValidationService.extractImageIntoText(Ljava/lang/String;Ljava/awt/image/BufferedImage;)Ljava/lang/String;+34
j  com.irfaan.efaktur.service.FakturValidationService.extractValueFromImage(Lorg/springframework/web/multipart/MultipartFile;Ljava/awt/image/BufferedImage;Ljava/util/Map;)Ljava/lang/String;+17
j  com.irfaan.efaktur.service.FakturValidationService.lambda$processingEfaktur$0(Lorg/springframework/web/multipart/MultipartFile;Ljava/awt/image/BufferedImage;Ljava/util/Map;)Ljava/lang/String;+4
j  com.irfaan.efaktur.service.FakturValidationService$$Lambda$1033+0x000000f0015e1a60.call()Ljava/lang/Object;+16
j  java.util.concurrent.FutureTask.run$$$capture()V+39 java.base@17.0.9
j  java.util.concurrent.FutureTask.run()V+5 java.base@17.0.9
j  java.util.concurrent.ThreadPoolExecutor.runWorker(Ljava/util/concurrent/ThreadPoolExecutor$Worker;)V+92 java.base@17.0.9
j  java.util.concurrent.ThreadPoolExecutor$Worker.run()V+5 java.base@17.0.9
j  java.lang.Thread.run()V+11 java.base@17.0.9
v  ~StubRoutines::call_stub

siginfo: si_signo: 11 (SIGSEGV), si_code: 2 (SEGV_ACCERR), si_addr: 0x0000000000000000

Registers:
 x0=0x0000000322efbea0  x1=0x000000013ceff388  x2=0x0000000000000000  x3=0x000000013ce00000
 x4=0x000000013cefefb0  x5=0x000000000000003d  x6=0x0000000000000000  x7=0x0000000000003fff
 x8=0x0000600005d3ba10  x9=0x0000600002ee9c20 x10=0x0000000000179f41 x11=0x0000000000008ba0
x12=0x0000000000080004 x13=0x0000000000080004 x14=0x0000000000000001 x15=0x00000001f49a8000
x16=0xd796000102d18080 x17=0x0000000000000000 x18=0x0000000000000000 x19=0x0000600005d3ba10
x20=0x0000600002ef4c80 x21=0x0000600002ee9c20 x22=0x0000600002df9838 x23=0x0000600002efa080
x24=0x0000600002ee9cc0 x25=0x0000000000000000 x26=0x0000600002df9830 x27=0x0000000000000000
x28=0x0000000000000000  fp=0x0000000322efbfc0  lr=0x000000013f126d70  sp=0x0000000322efbf30
pc=0x000000013f126dc0 cpsr=0x0000000060001000

Register to memory mapping:

 x0=0x0000000322efbea0 is pointing into the stack for thread: 0x000000013c237000
 x1=0x000000013ceff388 points into unknown readable memory: 0x0000000000000000 | 00 00 00 00 00 00 00 00
 x2=0x0 is NULL
 x3=0x000000013ce00000 points into unknown readable memory: 0x0000000000000000 | 00 00 00 00 00 00 00 00
 x4=0x000000013cefefb0 points into unknown readable memory: 0x0000000000000000 | 00 00 00 00 00 00 00 00
 x5=0x000000000000003d is an unknown value
 x6=0x0 is NULL
 x7=0x0000000000003fff is an unknown value
 x8=0x0000600005d3ba10 points into unknown readable memory: 0x0000600005d24200 | 00 42 d2 05 00 60 00 00
 x9=0x0000600002ee9c20 points into unknown readable memory: 0x0000600002ee9cc0 | c0 9c ee 02 00 60 00 00
x10=0x0000000000179f41 is an unknown value
x11=0x0000000000008ba0 is an unknown value
x12=0x0000000000080004 is an unknown value
x13=0x0000000000080004 is an unknown value
x14=0x0000000000000001 is an unknown value
x15=0x00000001f49a8000: cbc_des_encrypt+0x10 in /usr/lib/system/libcorecrypto.dylib at 0x000000018d1ef000
x16=0xd796000102d18080 is an unknown value
x17=0x0 is NULL
x18=0x0 is NULL
x19=0x0000600005d3ba10 points into unknown readable memory: 0x0000600005d24300 | 00 43 d2 05 00 60 00 00
x20=0x0000600002ef4c80 points into unknown readable memory: 0x0000600002ef4d20 | 20 4d ef 02 00 60 00 00
x21=0x0000600002ee9c20 points into unknown readable memory: 0x0000600002ee9cc0 | c0 9c ee 02 00 60 00 00
x22=0x0000600002df9838 points into unknown readable memory: 0x0000600002ee9cc0 | c0 9c ee 02 00 60 00 00
x23=0x0000600002efa080 points into unknown readable memory: 0x0000600002efa080 | 80 a0 ef 02 00 60 00 00
x24=0x0000600002ee9cc0 points into unknown readable memory: 0x0000600002ef4c80 | 80 4c ef 02 00 60 00 00
x25=0x0 is NULL
x26=0x0000600002df9830 points into unknown readable memory: 0x0000000000000000 | 00 00 00 00 00 00 00 00
x27=0x0 is NULL
x28=0x0 is NULL


Top of Stack: (sp=0x0000000322efbf30)
0x0000000322efbf30:   00006000004b4a00 0000000322efc140
0x0000000322efbf40:   0000000000000000 0000600005d290d0
0x0000000322efbf50:   0000600002efa080 00006000004b4a00
0x0000000322efbf60:   0000000000000000 0000600002ee9c20
0x0000000322efbf70:   00000000000001ee 0000000000000001
0x0000000322efbf80:   0000600002efa080 0000600002efa080
0x0000000322efbf90:   00006000004b4a00 0000000000001338
0x0000000322efbfa0:   0000600005d290d0 0000000000002c60
0x0000000322efbfb0:   000000015007bc18 0000000322efc140
0x0000000322efbfc0:   0000000322efc030 000000013f127044
0x0000000322efbfd0:   0000000322efcea0 0000000000000001
0x0000000322efbfe0:   0000000150079b7c 0000000000023ba8
0x0000000322efbff0:   00006000004bd580 000060000056f500
0x0000000322efc000:   0000000000000006 000000015007c9bc
0x0000000322efc010:   0000000322efc140 000000015007bc20
0x0000000322efc020:   000000015007bc18 0000600005d290d0
0x0000000322efc030:   0000000322efc100 000000013f121810
0x0000000322efc040:   0000000322efc0d0 000000018d2946f4
0x0000000322efc050:   0000000322efcee0 000000015007c9bc
0x0000000322efc060:   000000015007bc20 0000000000000006
0x0000000322efc070:   0000000322efc100 000000018d2946f4
0x0000000322efc080:   0000000322efc110 000000018d295b48
0x0000000322efc090:   0000000322efcea0 0000000000000001
0x0000000322efc0a0:   0000000322efc130 000000013ce04024
0x0000000322efc0b0:   0000000150079b7c 0000000000023ba8
0x0000000322efc0c0:   0000600002498a08 0000000000000000
0x0000000322efc0d0:   0000000000000000 0000000000000006
0x0000000322efc0e0:   0000000000001338 000000015007c9a0
0x0000000322efc0f0:   0000600005d290d0 0000000150058000
0x0000000322efc100:   0000000322efc200 000000013f041acc
0x0000000322efc110:   0000000322efc100 0000000322efc148
0x0000000322efc120:   0000600005d290d0 0000000322efc140 

Instructions: (pc=0x000000013f126dc0)
0x000000013f126cc0:   f6 03 1a aa c8 8e 40 f8 e8 1f 00 f9 a8 00 00 b4
0x000000013f126cd0:   15 01 40 f9 95 00 00 b4 b4 02 40 f9 03 00 00 14
0x000000013f126ce0:   15 00 80 d2 14 00 80 d2 e8 3a 40 f9 08 07 00 b4
0x000000013f126cf0:   19 01 40 f9 b9 00 00 b4 fc 03 19 aa f8 03 15 aa
0x000000013f126d00:   f3 03 08 aa 2e 00 00 14 1c 00 80 d2 f3 03 08 aa
0x000000013f126d10:   09 00 80 d2 00 00 80 d2 0a 01 40 f9 1f 01 0a eb
0x000000013f126d20:   c0 00 00 54 7c 02 00 f9 e9 03 13 aa e0 03 1c aa
0x000000013f126d30:   3f 03 08 eb 81 00 00 54 e9 3a 00 f9 fc 03 00 aa
0x000000013f126d40:   f3 03 09 aa 3f 03 00 f9 00 13 80 52 13 27 01 94
0x000000013f126d50:   f8 03 00 aa e1 03 19 aa be dd fe 97 28 00 80 52
0x000000013f126d60:   08 53 02 39 e0 17 40 f9 e1 03 18 aa a0 fe ff 97
0x000000013f126d70:   c9 02 40 f9 29 01 00 b4 14 03 00 f9 95 01 00 b4
0x000000013f126d80:   b8 02 00 f9 f5 1f 00 f9 e8 03 16 aa bf 02 09 eb
0x000000013f126d90:   21 01 00 54 07 00 00 14 18 03 00 f9 d8 02 00 f9
0x000000013f126da0:   e8 e3 00 91 f4 03 18 aa 02 00 00 14 e8 1f 40 f9
0x000000013f126db0:   18 01 00 f9 e8 3a 40 f9 a8 00 00 b4 f9 03 1c aa
0x000000013f126dc0:   9c 03 40 f9 f5 03 18 aa d2 ff ff 17 f6 03 1a aa
0x000000013f126dd0:   c8 8e 41 f8 e8 1f 00 f9 a8 00 00 b4 15 01 40 f9
0x000000013f126de0:   95 00 00 b4 b4 02 40 f9 03 00 00 14 15 00 80 d2
0x000000013f126df0:   14 00 80 d2 e8 3e 40 f9 08 07 00 b4 19 01 40 f9
0x000000013f126e00:   b9 00 00 b4 fc 03 19 aa f8 03 15 aa f3 03 08 aa
0x000000013f126e10:   2e 00 00 14 1c 00 80 d2 f3 03 08 aa 09 00 80 d2
0x000000013f126e20:   00 00 80 d2 0a 01 40 f9 1f 01 0a eb c0 00 00 54
0x000000013f126e30:   7c 02 00 f9 e9 03 13 aa e0 03 1c aa 3f 03 08 eb
0x000000013f126e40:   81 00 00 54 e9 3e 00 f9 fc 03 00 aa f3 03 09 aa
0x000000013f126e50:   3f 03 00 f9 00 13 80 52 d0 26 01 94 f8 03 00 aa
0x000000013f126e60:   e1 03 19 aa 7b dd fe 97 28 00 80 52 08 53 02 39
0x000000013f126e70:   e0 17 40 f9 e1 03 18 aa 5d fe ff 97 c9 02 40 f9
0x000000013f126e80:   29 01 00 b4 14 03 00 f9 95 01 00 b4 b8 02 00 f9
0x000000013f126e90:   f5 1f 00 f9 e8 03 16 aa bf 02 09 eb 21 01 00 54
0x000000013f126ea0:   07 00 00 14 18 03 00 f9 d8 02 00 f9 e8 e3 00 91
0x000000013f126eb0:   f4 03 18 aa 02 00 00 14 e8 1f 40 f9 18 01 00 f9 


Stack slot to memory mapping:
stack at sp + 0 slots: 0x00006000004b4a00 points into unknown readable memory: 0x0000133800002c60 | 60 2c 00 00 38 13 00 00
stack at sp + 1 slots: 0x0000000322efc140 is pointing into the stack for thread: 0x000000013c237000
stack at sp + 2 slots: 0x0 is NULL
stack at sp + 3 slots: 0x0000600005d290d0 points into unknown readable memory: 0x0000600002efa080 | 80 a0 ef 02 00 60 00 00
stack at sp + 4 slots: 0x0000600002efa080 points into unknown readable memory: 0x0000600002efa080 | 80 a0 ef 02 00 60 00 00
stack at sp + 5 slots: 0x00006000004b4a00 points into unknown readable memory: 0x0000133800002c60 | 60 2c 00 00 38 13 00 00
stack at sp + 6 slots: 0x0 is NULL
stack at sp + 7 slots: 0x0000600002ee9c20 points into unknown readable memory: 0x0000600002ee9cc0 | c0 9c ee 02 00 60 00 00


---------------  P R O C E S S  ---------------

Threads class SMR info:
_java_thread_list=0x000060000191ffc0, length=24, elements={
0x000000011d013e00, 0x000000014e80be00, 0x000000014d015e00, 0x000000013d043000,
0x000000013d046e00, 0x000000014e010000, 0x000000011c808200, 0x000000011c80aa00,
0x000000014f016400, 0x000000013d07f400, 0x000000013d07fa00, 0x000000011c0b3c00,
0x000000011c0b4200, 0x000000014f088c00, 0x000000014e016400, 0x000000014eebf600,
0x000000013c03a400, 0x000000014eef9400, 0x000000012fa79600, 0x000000013c1c1600,
0x000000013c24ce00, 0x000000013c237000, 0x000000012f1d4400, 0x000000012fcae000
}

Java Threads: ( => current thread )
  0x000000011d013e00 JavaThread "main" [_thread_blocked, id=4611, stack(0x000000016d19c000,0x000000016d39f000)]
  0x000000014e80be00 JavaThread "Reference Handler" daemon [_thread_blocked, id=19459, stack(0x000000016dff0000,0x000000016e1f3000)]
  0x000000014d015e00 JavaThread "Finalizer" daemon [_thread_blocked, id=18435, stack(0x000000016e1fc000,0x000000016e3ff000)]
  0x000000013d043000 JavaThread "Signal Dispatcher" daemon [_thread_blocked, id=30979, stack(0x000000016e520000,0x000000016e723000)]
  0x000000013d046e00 JavaThread "Service Thread" daemon [_thread_blocked, id=22787, stack(0x000000016e72c000,0x000000016e92f000)]
  0x000000014e010000 JavaThread "Monitor Deflation Thread" daemon [_thread_blocked, id=30211, stack(0x000000016e938000,0x000000016eb3b000)]
  0x000000011c808200 JavaThread "JVMCI-native CompilerThread0" daemon [_thread_blocked, id=23043, stack(0x000000016eb44000,0x000000016ef47000)]
  0x000000011c80aa00 JavaThread "C1 CompilerThread0" daemon [_thread_blocked, id=23555, stack(0x000000016ef50000,0x000000016f353000)]
  0x000000014f016400 JavaThread "Sweeper thread" daemon [_thread_blocked, id=23811, stack(0x000000016f35c000,0x000000016f55f000)]
  0x000000013d07f400 JavaThread "Common-Cleaner" daemon [_thread_blocked, id=29187, stack(0x000000016f568000,0x000000016f76b000)]
  0x000000013d07fa00 JavaThread "C1 CompilerThread1" daemon [_thread_blocked, id=24067, stack(0x000000016f774000,0x000000016fb77000)]
  0x000000011c0b3c00 JavaThread "JDWP Transport Listener: dt_socket" daemon [_thread_blocked, id=24323, stack(0x000000016fb80000,0x000000016fd83000)]
  0x000000011c0b4200 JavaThread "JDWP Event Helper Thread" daemon [_thread_blocked, id=28163, stack(0x000000016fd8c000,0x000000016ff8f000)]
  0x000000014f088c00 JavaThread "JDWP Command Reader" daemon [_thread_in_native, id=27907, stack(0x0000000300004000,0x0000000300207000)]
  0x000000014e016400 JavaThread "Notification Thread" daemon [_thread_blocked, id=25091, stack(0x0000000300210000,0x0000000300413000)]
  0x000000014eebf600 JavaThread "JavaCPP Deallocator" daemon [_thread_blocked, id=41219, stack(0x0000000314004000,0x0000000314207000)]
  0x000000013c03a400 JavaThread "process reaper" daemon [_thread_blocked, id=36099, stack(0x000000016ff98000,0x000000016ffcf000)]
  0x000000014eef9400 JavaThread "Attach Listener" daemon [_thread_blocked, id=39427, stack(0x00000003224cc000,0x00000003226cf000)]
  0x000000012fa79600 JavaThread "Java2D Disposer" daemon [_thread_blocked, id=38919, stack(0x00000003226d8000,0x00000003228db000)]
  0x000000013c1c1600 JavaThread "image-processing-1" [_thread_in_native, id=36615, stack(0x00000003228e4000,0x0000000322ae7000)]
  0x000000013c24ce00 JavaThread "image-processing-2" [_thread_in_native, id=36871, stack(0x0000000322af0000,0x0000000322cf3000)]
=>0x000000013c237000 JavaThread "image-processing-3" [_thread_in_native, id=38659, stack(0x0000000322cfc000,0x0000000322eff000)]
  0x000000012f1d4400 JavaThread "AppKit Thread" daemon [_thread_in_native, id=259, stack(0x000000016c914000,0x000000016d110000)]
  0x000000012fcae000 JavaThread "JNA Cleaner" daemon [_thread_blocked, id=42247, stack(0x000000030147c000,0x000000030167f000)]

Other Threads:
  0x000000014da04b40 VMThread "VM Thread" [stack: 0x000000016dde4000,0x000000016dfe7000] [id=17923]
  0x000000014da198a0 WatcherThread [stack: 0x000000030041c000,0x000000030061f000] [id=27651]
  0x000000014d805860 GCTaskThread "GC Thread#0" [stack: 0x000000016d3a8000,0x000000016d5ab000] [id=13059]
  0x000000014d82cd30 GCTaskThread "GC Thread#1" [stack: 0x0000000300628000,0x000000030082b000] [id=27139]
  0x000000013ce19740 GCTaskThread "GC Thread#2" [stack: 0x0000000300834000,0x0000000300a37000] [id=26883]
  0x000000014d82d220 GCTaskThread "GC Thread#3" [stack: 0x0000000300a40000,0x0000000300c43000] [id=26627]
  0x000000014d82d6a0 GCTaskThread "GC Thread#4" [stack: 0x0000000300c4c000,0x0000000300e4f000] [id=26115]
  0x000000014da24cc0 GCTaskThread "GC Thread#5" [stack: 0x0000000300e58000,0x000000030105b000] [id=33027]
  0x000000014d82db20 GCTaskThread "GC Thread#6" [stack: 0x0000000301064000,0x0000000301267000] [id=43011]
  0x000000014d82e390 GCTaskThread "GC Thread#7" [stack: 0x0000000301270000,0x0000000301473000] [id=42755]
  0x000000014d805f10 ConcurrentGCThread "G1 Main Marker" [stack: 0x000000016d5b4000,0x000000016d7b7000] [id=14851]
  0x000000013ce04470 ConcurrentGCThread "G1 Conc#0" [stack: 0x000000016d7c0000,0x000000016d9c3000] [id=14595]
  0x0000000103a45190 ConcurrentGCThread "G1 Conc#1" [stack: 0x0000000301a94000,0x0000000301c97000] [id=34051]
  0x000000013ce061a0 ConcurrentGCThread "G1 Refine#0" [stack: 0x000000016d9cc000,0x000000016dbcf000] [id=21507]
  0x000000013ce06a40 ConcurrentGCThread "G1 Service" [stack: 0x000000016dbd8000,0x000000016dddb000] [id=16643]

Threads with active compile tasks:

VM state: not at safepoint (normal execution)

VM Mutex/Monitor currently owned by a thread: None

Heap address: 0x0000000700000000, size: 4096 MB, Compressed Oops mode: Zero based, Oop shift amount: 3

CDS archive(s) mapped at: [0x000000f000000000-0x000000f000ba8000-0x000000f000ba8000), size 12222464, SharedBaseAddress: 0x000000f000000000, ArchiveRelocationMode: 1.
Compressed class space mapped at: 0x000000f001000000-0x000000f041000000, reserved size: 1073741824
Narrow klass base: 0x000000f000000000, Narrow klass shift: 0, Narrow klass range: 0x100000000

GC Precious Log:
 CPUs: 8 total, 8 available
 Memory: 16384M
 Large Page Support: Disabled
 NUMA Support: Disabled
 Compressed Oops: Enabled (Zero based)
 Heap Region Size: 2M
 Heap Min Capacity: 8M
 Heap Initial Capacity: 256M
 Heap Max Capacity: 4G
 Pre-touch: Disabled
 Parallel Workers: 8
 Concurrent Workers: 2
 Concurrent Refinement Workers: 8
 Periodic GC: Disabled

Heap:
 garbage-first heap   total 4079616K, used 2170202K [0x0000000700000000, 0x0000000800000000)
  region size 2048K, 3 young (6144K), 1 survivors (2048K)
 Metaspace       used 51302K, committed 51776K, reserved 1114112K
  class space    used 5978K, committed 6208K, reserved 1048576K

Heap Regions: E=young(eden), S=young(survivor), O=old, HS=humongous(starts), HC=humongous(continues), CS=collection set, F=free, OA=open archive, CA=closed archive, TAMS=top-at-mark-start (previous, next)
|   0|0x0000000700000000, 0x0000000700200000, 0x0000000700200000|100%| O|  |TAMS 0x0000000700200000, 0x0000000700000000| Untracked 
|   1|0x0000000700200000, 0x0000000700400000, 0x0000000700400000|100%| O|  |TAMS 0x0000000700400000, 0x0000000700200000| Untracked 
|   2|0x0000000700400000, 0x0000000700600000, 0x0000000700600000|100%| O|  |TAMS 0x0000000700600000, 0x0000000700400000| Untracked 
|   3|0x0000000700600000, 0x00000007007f8c00, 0x0000000700800000| 98%| O|  |TAMS 0x00000007007f8c00, 0x0000000700600000| Untracked 
|   4|0x0000000700800000, 0x0000000700a00000, 0x0000000700a00000|100%| O|  |TAMS 0x0000000700a00000, 0x0000000700800000| Untracked 
|   5|0x0000000700a00000, 0x0000000700c00000, 0x0000000700c00000|100%| O|  |TAMS 0x0000000700c00000, 0x0000000700a00000| Untracked 
|   6|0x0000000700c00000, 0x0000000700e00000, 0x0000000700e00000|100%|HS|  |TAMS 0x0000000700e00000, 0x0000000700c00000| Complete 
|   7|0x0000000700e00000, 0x0000000701000000, 0x0000000701000000|100%| O|  |TAMS 0x0000000701000000, 0x0000000700e00000| Untracked 
|   8|0x0000000701000000, 0x0000000701000000, 0x0000000701200000|  0%| F|  |TAMS 0x0000000701000000, 0x0000000701000000| Untracked 
|   9|0x0000000701200000, 0x0000000701400000, 0x0000000701400000|100%| O|  |TAMS 0x0000000701400000, 0x0000000701200000| Untracked 
|  10|0x0000000701400000, 0x0000000701600000, 0x0000000701600000|100%| O|  |TAMS 0x0000000701600000, 0x0000000701400000| Untracked 
|  11|0x0000000701600000, 0x0000000701733600, 0x0000000701800000| 60%| O|  |TAMS 0x0000000701733600, 0x0000000701600000| Untracked 
|  12|0x0000000701800000, 0x0000000701800000, 0x0000000701a00000|  0%| F|  |TAMS 0x0000000701800000, 0x0000000701800000| Untracked 
|  13|0x0000000701a00000, 0x0000000701a00000, 0x0000000701c00000|  0%| F|  |TAMS 0x0000000701a00000, 0x0000000701a00000| Untracked 
|  14|0x0000000701c00000, 0x0000000701c00000, 0x0000000701e00000|  0%| F|  |TAMS 0x0000000701c00000, 0x0000000701c00000| Untracked 
|  15|0x0000000701e00000, 0x0000000701e00000, 0x0000000702000000|  0%| F|  |TAMS 0x0000000701e00000, 0x0000000701e00000| Untracked 
|  16|0x0000000702000000, 0x0000000702000000, 0x0000000702200000|  0%| F|  |TAMS 0x0000000702000000, 0x0000000702000000| Untracked 
|  17|0x0000000702200000, 0x0000000702200000, 0x0000000702400000|  0%| F|  |TAMS 0x0000000702200000, 0x0000000702200000| Untracked 
|  18|0x0000000702400000, 0x0000000702600000, 0x0000000702600000|100%|HS|  |TAMS 0x0000000702600000, 0x0000000702400000| Complete 
|  19|0x0000000702600000, 0x0000000702800000, 0x0000000702800000|100%|HC|  |TAMS 0x0000000702800000, 0x0000000702600000| Complete 
|  20|0x0000000702800000, 0x0000000702a00000, 0x0000000702a00000|100%|HC|  |TAMS 0x0000000702a00000, 0x0000000702800000| Complete 
|  21|0x0000000702a00000, 0x0000000702c00000, 0x0000000702c00000|100%|HC|  |TAMS 0x0000000702c00000, 0x0000000702a00000| Complete 
|  22|0x0000000702c00000, 0x0000000702e00000, 0x0000000702e00000|100%|HC|  |TAMS 0x0000000702e00000, 0x0000000702c00000| Complete 
|  23|0x0000000702e00000, 0x0000000703000000, 0x0000000703000000|100%|HC|  |TAMS 0x0000000703000000, 0x0000000702e00000| Complete 
|  24|0x0000000703000000, 0x0000000703200000, 0x0000000703200000|100%|HC|  |TAMS 0x0000000703200000, 0x0000000703000000| Complete 
|  25|0x0000000703200000, 0x0000000703400000, 0x0000000703400000|100%|HC|  |TAMS 0x0000000703400000, 0x0000000703200000| Complete 
|  26|0x0000000703400000, 0x0000000703600000, 0x0000000703600000|100%|HC|  |TAMS 0x0000000703600000, 0x0000000703400000| Complete 
|  27|0x0000000703600000, 0x0000000703800000, 0x0000000703800000|100%|HC|  |TAMS 0x0000000703800000, 0x0000000703600000| Complete 
|  28|0x0000000703800000, 0x0000000703a00000, 0x0000000703a00000|100%|HC|  |TAMS 0x0000000703a00000, 0x0000000703800000| Complete 
|  29|0x0000000703a00000, 0x0000000703c00000, 0x0000000703c00000|100%|HC|  |TAMS 0x0000000703c00000, 0x0000000703a00000| Complete 
|  30|0x0000000703c00000, 0x0000000703e00000, 0x0000000703e00000|100%|HC|  |TAMS 0x0000000703e00000, 0x0000000703c00000| Complete 
|  31|0x0000000703e00000, 0x0000000704000000, 0x0000000704000000|100%|HC|  |TAMS 0x0000000704000000, 0x0000000703e00000| Complete 
|  32|0x0000000704000000, 0x0000000704200000, 0x0000000704200000|100%|HC|  |TAMS 0x0000000704200000, 0x0000000704000000| Complete 
|  33|0x0000000704200000, 0x0000000704400000, 0x0000000704400000|100%|HC|  |TAMS 0x0000000704400000, 0x0000000704200000| Complete 
|  34|0x0000000704400000, 0x0000000704600000, 0x0000000704600000|100%|HC|  |TAMS 0x0000000704600000, 0x0000000704400000| Complete 
|  35|0x0000000704600000, 0x0000000704800000, 0x0000000704800000|100%|HC|  |TAMS 0x0000000704800000, 0x0000000704600000| Complete 
|  36|0x0000000704800000, 0x0000000704a00000, 0x0000000704a00000|100%|HC|  |TAMS 0x0000000704a00000, 0x0000000704800000| Complete 
|  37|0x0000000704a00000, 0x0000000704c00000, 0x0000000704c00000|100%|HC|  |TAMS 0x0000000704c00000, 0x0000000704a00000| Complete 
|  38|0x0000000704c00000, 0x0000000704e00000, 0x0000000704e00000|100%|HC|  |TAMS 0x0000000704e00000, 0x0000000704c00000| Complete 
|  39|0x0000000704e00000, 0x0000000705000000, 0x0000000705000000|100%|HC|  |TAMS 0x0000000705000000, 0x0000000704e00000| Complete 
|  40|0x0000000705000000, 0x0000000705200000, 0x0000000705200000|100%|HC|  |TAMS 0x0000000705200000, 0x0000000705000000| Complete 
|  41|0x0000000705200000, 0x0000000705400000, 0x0000000705400000|100%|HC|  |TAMS 0x0000000705400000, 0x0000000705200000| Complete 
|  42|0x0000000705400000, 0x0000000705600000, 0x0000000705600000|100%|HC|  |TAMS 0x0000000705600000, 0x0000000705400000| Complete 
|  43|0x0000000705600000, 0x0000000705800000, 0x0000000705800000|100%|HC|  |TAMS 0x0000000705800000, 0x0000000705600000| Complete 
|  44|0x0000000705800000, 0x0000000705a00000, 0x0000000705a00000|100%|HC|  |TAMS 0x0000000705a00000, 0x0000000705800000| Complete 
|  45|0x0000000705a00000, 0x0000000705c00000, 0x0000000705c00000|100%|HC|  |TAMS 0x0000000705c00000, 0x0000000705a00000| Complete 
|  46|0x0000000705c00000, 0x0000000705e00000, 0x0000000705e00000|100%|HC|  |TAMS 0x0000000705e00000, 0x0000000705c00000| Complete 
|  47|0x0000000705e00000, 0x0000000706000000, 0x0000000706000000|100%|HC|  |TAMS 0x0000000706000000, 0x0000000705e00000| Complete 
|  48|0x0000000706000000, 0x0000000706200000, 0x0000000706200000|100%|HC|  |TAMS 0x0000000706200000, 0x0000000706000000| Complete 
|  49|0x0000000706200000, 0x0000000706400000, 0x0000000706400000|100%|HC|  |TAMS 0x0000000706400000, 0x0000000706200000| Complete 
|  50|0x0000000706400000, 0x0000000706600000, 0x0000000706600000|100%|HC|  |TAMS 0x0000000706600000, 0x0000000706400000| Complete 
|  51|0x0000000706600000, 0x0000000706800000, 0x0000000706800000|100%|HC|  |TAMS 0x0000000706800000, 0x0000000706600000| Complete 
|  52|0x0000000706800000, 0x0000000706a00000, 0x0000000706a00000|100%|HC|  |TAMS 0x0000000706a00000, 0x0000000706800000| Complete 
|  53|0x0000000706a00000, 0x0000000706c00000, 0x0000000706c00000|100%|HC|  |TAMS 0x0000000706c00000, 0x0000000706a00000| Complete 
|  54|0x0000000706c00000, 0x0000000706e00000, 0x0000000706e00000|100%|HC|  |TAMS 0x0000000706e00000, 0x0000000706c00000| Complete 
|  55|0x0000000706e00000, 0x0000000707000000, 0x0000000707000000|100%|HC|  |TAMS 0x0000000707000000, 0x0000000706e00000| Complete 
|  56|0x0000000707000000, 0x0000000707200000, 0x0000000707200000|100%|HC|  |TAMS 0x0000000707200000, 0x0000000707000000| Complete 
|  57|0x0000000707200000, 0x0000000707400000, 0x0000000707400000|100%|HC|  |TAMS 0x0000000707400000, 0x0000000707200000| Complete 
|  58|0x0000000707400000, 0x0000000707600000, 0x0000000707600000|100%|HC|  |TAMS 0x0000000707600000, 0x0000000707400000| Complete 
|  59|0x0000000707600000, 0x0000000707800000, 0x0000000707800000|100%|HC|  |TAMS 0x0000000707800000, 0x0000000707600000| Complete 
|  60|0x0000000707800000, 0x0000000707a00000, 0x0000000707a00000|100%|HC|  |TAMS 0x0000000707a00000, 0x0000000707800000| Complete 
|  61|0x0000000707a00000, 0x0000000707c00000, 0x0000000707c00000|100%|HC|  |TAMS 0x0000000707c00000, 0x0000000707a00000| Complete 
|  62|0x0000000707c00000, 0x0000000707e00000, 0x0000000707e00000|100%|HC|  |TAMS 0x0000000707e00000, 0x0000000707c00000| Complete 
|  63|0x0000000707e00000, 0x0000000708000000, 0x0000000708000000|100%|HC|  |TAMS 0x0000000708000000, 0x0000000707e00000| Complete 
|  64|0x0000000708000000, 0x0000000708200000, 0x0000000708200000|100%|HC|  |TAMS 0x0000000708200000, 0x0000000708000000| Complete 
|  65|0x0000000708200000, 0x0000000708400000, 0x0000000708400000|100%|HC|  |TAMS 0x0000000708400000, 0x0000000708200000| Complete 
|  66|0x0000000708400000, 0x0000000708600000, 0x0000000708600000|100%|HC|  |TAMS 0x0000000708600000, 0x0000000708400000| Complete 
|  67|0x0000000708600000, 0x0000000708800000, 0x0000000708800000|100%|HC|  |TAMS 0x0000000708800000, 0x0000000708600000| Complete 
|  68|0x0000000708800000, 0x0000000708a00000, 0x0000000708a00000|100%|HC|  |TAMS 0x0000000708a00000, 0x0000000708800000| Complete 
|  69|0x0000000708a00000, 0x0000000708c00000, 0x0000000708c00000|100%|HC|  |TAMS 0x0000000708c00000, 0x0000000708a00000| Complete 
|  70|0x0000000708c00000, 0x0000000708e00000, 0x0000000708e00000|100%|HC|  |TAMS 0x0000000708e00000, 0x0000000708c00000| Complete 
|  71|0x0000000708e00000, 0x0000000709000000, 0x0000000709000000|100%|HC|  |TAMS 0x0000000709000000, 0x0000000708e00000| Complete 
|  72|0x0000000709000000, 0x0000000709200000, 0x0000000709200000|100%|HC|  |TAMS 0x0000000709200000, 0x0000000709000000| Complete 
|  73|0x0000000709200000, 0x0000000709400000, 0x0000000709400000|100%|HC|  |TAMS 0x0000000709400000, 0x0000000709200000| Complete 
|  74|0x0000000709400000, 0x0000000709600000, 0x0000000709600000|100%|HC|  |TAMS 0x0000000709600000, 0x0000000709400000| Complete 
|  75|0x0000000709600000, 0x0000000709800000, 0x0000000709800000|100%|HC|  |TAMS 0x0000000709800000, 0x0000000709600000| Complete 
|  76|0x0000000709800000, 0x0000000709a00000, 0x0000000709a00000|100%|HC|  |TAMS 0x0000000709a00000, 0x0000000709800000| Complete 
|  77|0x0000000709a00000, 0x0000000709c00000, 0x0000000709c00000|100%|HC|  |TAMS 0x0000000709c00000, 0x0000000709a00000| Complete 
|  78|0x0000000709c00000, 0x0000000709e00000, 0x0000000709e00000|100%|HC|  |TAMS 0x0000000709e00000, 0x0000000709c00000| Complete 
|  79|0x0000000709e00000, 0x000000070a000000, 0x000000070a000000|100%|HC|  |TAMS 0x000000070a000000, 0x0000000709e00000| Complete 
|  80|0x000000070a000000, 0x000000070a200000, 0x000000070a200000|100%|HC|  |TAMS 0x000000070a200000, 0x000000070a000000| Complete 
|  81|0x000000070a200000, 0x000000070a400000, 0x000000070a400000|100%|HC|  |TAMS 0x000000070a400000, 0x000000070a200000| Complete 
|  82|0x000000070a400000, 0x000000070a600000, 0x000000070a600000|100%|HC|  |TAMS 0x000000070a600000, 0x000000070a400000| Complete 
|  83|0x000000070a600000, 0x000000070a800000, 0x000000070a800000|100%|HC|  |TAMS 0x000000070a800000, 0x000000070a600000| Complete 
|  84|0x000000070a800000, 0x000000070aa00000, 0x000000070aa00000|100%|HC|  |TAMS 0x000000070aa00000, 0x000000070a800000| Complete 
|  85|0x000000070aa00000, 0x000000070ac00000, 0x000000070ac00000|100%|HC|  |TAMS 0x000000070ac00000, 0x000000070aa00000| Complete 
|  86|0x000000070ac00000, 0x000000070ae00000, 0x000000070ae00000|100%|HC|  |TAMS 0x000000070ae00000, 0x000000070ac00000| Complete 
|  87|0x000000070ae00000, 0x000000070b000000, 0x000000070b000000|100%|HC|  |TAMS 0x000000070b000000, 0x000000070ae00000| Complete 
|  88|0x000000070b000000, 0x000000070b200000, 0x000000070b200000|100%|HC|  |TAMS 0x000000070b200000, 0x000000070b000000| Complete 
|  89|0x000000070b200000, 0x000000070b400000, 0x000000070b400000|100%|HC|  |TAMS 0x000000070b400000, 0x000000070b200000| Complete 
|  90|0x000000070b400000, 0x000000070b600000, 0x000000070b600000|100%|HC|  |TAMS 0x000000070b600000, 0x000000070b400000| Complete 
|  91|0x000000070b600000, 0x000000070b800000, 0x000000070b800000|100%|HC|  |TAMS 0x000000070b800000, 0x000000070b600000| Complete 
|  92|0x000000070b800000, 0x000000070ba00000, 0x000000070ba00000|100%|HC|  |TAMS 0x000000070ba00000, 0x000000070b800000| Complete 
|  93|0x000000070ba00000, 0x000000070bc00000, 0x000000070bc00000|100%|HC|  |TAMS 0x000000070bc00000, 0x000000070ba00000| Complete 
|  94|0x000000070bc00000, 0x000000070be00000, 0x000000070be00000|100%|HC|  |TAMS 0x000000070be00000, 0x000000070bc00000| Complete 
|  95|0x000000070be00000, 0x000000070c000000, 0x000000070c000000|100%|HC|  |TAMS 0x000000070c000000, 0x000000070be00000| Complete 
|  96|0x000000070c000000, 0x000000070c200000, 0x000000070c200000|100%|HC|  |TAMS 0x000000070c200000, 0x000000070c000000| Complete 
|  97|0x000000070c200000, 0x000000070c400000, 0x000000070c400000|100%|HC|  |TAMS 0x000000070c400000, 0x000000070c200000| Complete 
|  98|0x000000070c400000, 0x000000070c600000, 0x000000070c600000|100%|HC|  |TAMS 0x000000070c600000, 0x000000070c400000| Complete 
|  99|0x000000070c600000, 0x000000070c800000, 0x000000070c800000|100%|HC|  |TAMS 0x000000070c800000, 0x000000070c600000| Complete 
| 100|0x000000070c800000, 0x000000070ca00000, 0x000000070ca00000|100%|HC|  |TAMS 0x000000070ca00000, 0x000000070c800000| Complete 
| 101|0x000000070ca00000, 0x000000070cc00000, 0x000000070cc00000|100%|HC|  |TAMS 0x000000070cc00000, 0x000000070ca00000| Complete 
| 102|0x000000070cc00000, 0x000000070ce00000, 0x000000070ce00000|100%|HC|  |TAMS 0x000000070ce00000, 0x000000070cc00000| Complete 
| 103|0x000000070ce00000, 0x000000070d000000, 0x000000070d000000|100%|HC|  |TAMS 0x000000070d000000, 0x000000070ce00000| Complete 
| 104|0x000000070d000000, 0x000000070d200000, 0x000000070d200000|100%|HC|  |TAMS 0x000000070d200000, 0x000000070d000000| Complete 
| 105|0x000000070d200000, 0x000000070d400000, 0x000000070d400000|100%|HC|  |TAMS 0x000000070d400000, 0x000000070d200000| Complete 
| 106|0x000000070d400000, 0x000000070d600000, 0x000000070d600000|100%|HC|  |TAMS 0x000000070d600000, 0x000000070d400000| Complete 
| 107|0x000000070d600000, 0x000000070d800000, 0x000000070d800000|100%|HC|  |TAMS 0x000000070d800000, 0x000000070d600000| Complete 
| 108|0x000000070d800000, 0x000000070da00000, 0x000000070da00000|100%|HC|  |TAMS 0x000000070da00000, 0x000000070d800000| Complete 
| 109|0x000000070da00000, 0x000000070dc00000, 0x000000070dc00000|100%|HC|  |TAMS 0x000000070dc00000, 0x000000070da00000| Complete 
| 110|0x000000070dc00000, 0x000000070de00000, 0x000000070de00000|100%|HC|  |TAMS 0x000000070de00000, 0x000000070dc00000| Complete 
| 111|0x000000070de00000, 0x000000070e000000, 0x000000070e000000|100%|HC|  |TAMS 0x000000070e000000, 0x000000070de00000| Complete 
| 112|0x000000070e000000, 0x000000070e200000, 0x000000070e200000|100%|HC|  |TAMS 0x000000070e200000, 0x000000070e000000| Complete 
| 113|0x000000070e200000, 0x000000070e400000, 0x000000070e400000|100%|HC|  |TAMS 0x000000070e400000, 0x000000070e200000| Complete 
| 114|0x000000070e400000, 0x000000070e600000, 0x000000070e600000|100%|HC|  |TAMS 0x000000070e600000, 0x000000070e400000| Complete 
| 115|0x000000070e600000, 0x000000070e800000, 0x000000070e800000|100%|HC|  |TAMS 0x000000070e800000, 0x000000070e600000| Complete 
| 116|0x000000070e800000, 0x000000070ea00000, 0x000000070ea00000|100%|HC|  |TAMS 0x000000070ea00000, 0x000000070e800000| Complete 
| 117|0x000000070ea00000, 0x000000070ec00000, 0x000000070ec00000|100%|HC|  |TAMS 0x000000070ec00000, 0x000000070ea00000| Complete 
| 118|0x000000070ec00000, 0x000000070ee00000, 0x000000070ee00000|100%|HC|  |TAMS 0x000000070ee00000, 0x000000070ec00000| Complete 
| 119|0x000000070ee00000, 0x000000070f000000, 0x000000070f000000|100%|HC|  |TAMS 0x000000070f000000, 0x000000070ee00000| Complete 
| 120|0x000000070f000000, 0x000000070f200000, 0x000000070f200000|100%|HC|  |TAMS 0x000000070f200000, 0x000000070f000000| Complete 
| 121|0x000000070f200000, 0x000000070f400000, 0x000000070f400000|100%|HC|  |TAMS 0x000000070f400000, 0x000000070f200000| Complete 
| 122|0x000000070f400000, 0x000000070f600000, 0x000000070f600000|100%|HC|  |TAMS 0x000000070f600000, 0x000000070f400000| Complete 
| 123|0x000000070f600000, 0x000000070f800000, 0x000000070f800000|100%|HC|  |TAMS 0x000000070f800000, 0x000000070f600000| Complete 
| 124|0x000000070f800000, 0x000000070fa00000, 0x000000070fa00000|100%|HC|  |TAMS 0x000000070fa00000, 0x000000070f800000| Complete 
| 125|0x000000070fa00000, 0x000000070fa00000, 0x000000070fc00000|  0%| F|  |TAMS 0x000000070fa00000, 0x000000070fa00000| Untracked 
| 126|0x000000070fc00000, 0x000000070fc00000, 0x000000070fe00000|  0%| F|  |TAMS 0x000000070fc00000, 0x000000070fc00000| Untracked 
| 127|0x000000070fe00000, 0x000000070fe00000, 0x0000000710000000|  0%| F|  |TAMS 0x000000070fe00000, 0x000000070fe00000| Untracked 
| 128|0x0000000710000000, 0x0000000710200000, 0x0000000710200000|100%|HS|  |TAMS 0x0000000710200000, 0x0000000710000000| Complete 
| 129|0x0000000710200000, 0x0000000710400000, 0x0000000710400000|100%|HC|  |TAMS 0x0000000710400000, 0x0000000710200000| Complete 
| 130|0x0000000710400000, 0x0000000710600000, 0x0000000710600000|100%|HC|  |TAMS 0x0000000710600000, 0x0000000710400000| Complete 
| 131|0x0000000710600000, 0x0000000710800000, 0x0000000710800000|100%|HC|  |TAMS 0x0000000710800000, 0x0000000710600000| Complete 
| 132|0x0000000710800000, 0x0000000710a00000, 0x0000000710a00000|100%|HC|  |TAMS 0x0000000710a00000, 0x0000000710800000| Complete 
| 133|0x0000000710a00000, 0x0000000710c00000, 0x0000000710c00000|100%|HC|  |TAMS 0x0000000710c00000, 0x0000000710a00000| Complete 
| 134|0x0000000710c00000, 0x0000000710e00000, 0x0000000710e00000|100%|HC|  |TAMS 0x0000000710e00000, 0x0000000710c00000| Complete 
| 135|0x0000000710e00000, 0x0000000711000000, 0x0000000711000000|100%|HC|  |TAMS 0x0000000711000000, 0x0000000710e00000| Complete 
| 136|0x0000000711000000, 0x0000000711200000, 0x0000000711200000|100%|HC|  |TAMS 0x0000000711200000, 0x0000000711000000| Complete 
| 137|0x0000000711200000, 0x0000000711400000, 0x0000000711400000|100%|HC|  |TAMS 0x0000000711400000, 0x0000000711200000| Complete 
| 138|0x0000000711400000, 0x0000000711600000, 0x0000000711600000|100%|HC|  |TAMS 0x0000000711600000, 0x0000000711400000| Complete 
| 139|0x0000000711600000, 0x0000000711800000, 0x0000000711800000|100%|HC|  |TAMS 0x0000000711800000, 0x0000000711600000| Complete 
| 140|0x0000000711800000, 0x0000000711a00000, 0x0000000711a00000|100%|HC|  |TAMS 0x0000000711a00000, 0x0000000711800000| Complete 
| 141|0x0000000711a00000, 0x0000000711c00000, 0x0000000711c00000|100%|HC|  |TAMS 0x0000000711c00000, 0x0000000711a00000| Complete 
| 142|0x0000000711c00000, 0x0000000711e00000, 0x0000000711e00000|100%|HC|  |TAMS 0x0000000711e00000, 0x0000000711c00000| Complete 
| 143|0x0000000711e00000, 0x0000000712000000, 0x0000000712000000|100%|HC|  |TAMS 0x0000000712000000, 0x0000000711e00000| Complete 
| 144|0x0000000712000000, 0x0000000712200000, 0x0000000712200000|100%|HC|  |TAMS 0x0000000712200000, 0x0000000712000000| Complete 
| 145|0x0000000712200000, 0x0000000712400000, 0x0000000712400000|100%|HC|  |TAMS 0x0000000712400000, 0x0000000712200000| Complete 
| 146|0x0000000712400000, 0x0000000712600000, 0x0000000712600000|100%|HC|  |TAMS 0x0000000712600000, 0x0000000712400000| Complete 
| 147|0x0000000712600000, 0x0000000712800000, 0x0000000712800000|100%|HC|  |TAMS 0x0000000712800000, 0x0000000712600000| Complete 
| 148|0x0000000712800000, 0x0000000712a00000, 0x0000000712a00000|100%|HC|  |TAMS 0x0000000712a00000, 0x0000000712800000| Complete 
| 149|0x0000000712a00000, 0x0000000712c00000, 0x0000000712c00000|100%|HC|  |TAMS 0x0000000712c00000, 0x0000000712a00000| Complete 
| 150|0x0000000712c00000, 0x0000000712e00000, 0x0000000712e00000|100%|HC|  |TAMS 0x0000000712e00000, 0x0000000712c00000| Complete 
| 151|0x0000000712e00000, 0x0000000713000000, 0x0000000713000000|100%|HC|  |TAMS 0x0000000713000000, 0x0000000712e00000| Complete 
| 152|0x0000000713000000, 0x0000000713200000, 0x0000000713200000|100%|HC|  |TAMS 0x0000000713200000, 0x0000000713000000| Complete 
| 153|0x0000000713200000, 0x0000000713400000, 0x0000000713400000|100%|HC|  |TAMS 0x0000000713400000, 0x0000000713200000| Complete 
| 154|0x0000000713400000, 0x0000000713600000, 0x0000000713600000|100%|HC|  |TAMS 0x0000000713600000, 0x0000000713400000| Complete 
| 155|0x0000000713600000, 0x0000000713800000, 0x0000000713800000|100%|HC|  |TAMS 0x0000000713800000, 0x0000000713600000| Complete 
| 156|0x0000000713800000, 0x0000000713a00000, 0x0000000713a00000|100%|HC|  |TAMS 0x0000000713a00000, 0x0000000713800000| Complete 
| 157|0x0000000713a00000, 0x0000000713c00000, 0x0000000713c00000|100%|HC|  |TAMS 0x0000000713c00000, 0x0000000713a00000| Complete 
| 158|0x0000000713c00000, 0x0000000713e00000, 0x0000000713e00000|100%|HC|  |TAMS 0x0000000713e00000, 0x0000000713c00000| Complete 
| 159|0x0000000713e00000, 0x0000000714000000, 0x0000000714000000|100%|HC|  |TAMS 0x0000000714000000, 0x0000000713e00000| Complete 
| 160|0x0000000714000000, 0x0000000714200000, 0x0000000714200000|100%|HC|  |TAMS 0x0000000714200000, 0x0000000714000000| Complete 
| 161|0x0000000714200000, 0x0000000714400000, 0x0000000714400000|100%|HC|  |TAMS 0x0000000714400000, 0x0000000714200000| Complete 
| 162|0x0000000714400000, 0x0000000714600000, 0x0000000714600000|100%|HC|  |TAMS 0x0000000714600000, 0x0000000714400000| Complete 
| 163|0x0000000714600000, 0x0000000714800000, 0x0000000714800000|100%|HC|  |TAMS 0x0000000714800000, 0x0000000714600000| Complete 
| 164|0x0000000714800000, 0x0000000714a00000, 0x0000000714a00000|100%|HC|  |TAMS 0x0000000714a00000, 0x0000000714800000| Complete 
| 165|0x0000000714a00000, 0x0000000714c00000, 0x0000000714c00000|100%|HC|  |TAMS 0x0000000714c00000, 0x0000000714a00000| Complete 
| 166|0x0000000714c00000, 0x0000000714e00000, 0x0000000714e00000|100%|HC|  |TAMS 0x0000000714e00000, 0x0000000714c00000| Complete 
| 167|0x0000000714e00000, 0x0000000715000000, 0x0000000715000000|100%|HC|  |TAMS 0x0000000715000000, 0x0000000714e00000| Complete 
| 168|0x0000000715000000, 0x0000000715200000, 0x0000000715200000|100%|HC|  |TAMS 0x0000000715200000, 0x0000000715000000| Complete 
| 169|0x0000000715200000, 0x0000000715400000, 0x0000000715400000|100%|HC|  |TAMS 0x0000000715400000, 0x0000000715200000| Complete 
| 170|0x0000000715400000, 0x0000000715600000, 0x0000000715600000|100%|HC|  |TAMS 0x0000000715600000, 0x0000000715400000| Complete 
| 171|0x0000000715600000, 0x0000000715800000, 0x0000000715800000|100%|HC|  |TAMS 0x0000000715800000, 0x0000000715600000| Complete 
| 172|0x0000000715800000, 0x0000000715a00000, 0x0000000715a00000|100%|HC|  |TAMS 0x0000000715a00000, 0x0000000715800000| Complete 
| 173|0x0000000715a00000, 0x0000000715c00000, 0x0000000715c00000|100%|HC|  |TAMS 0x0000000715c00000, 0x0000000715a00000| Complete 
| 174|0x0000000715c00000, 0x0000000715e00000, 0x0000000715e00000|100%|HC|  |TAMS 0x0000000715e00000, 0x0000000715c00000| Complete 
| 175|0x0000000715e00000, 0x0000000716000000, 0x0000000716000000|100%|HC|  |TAMS 0x0000000716000000, 0x0000000715e00000| Complete 
| 176|0x0000000716000000, 0x0000000716200000, 0x0000000716200000|100%|HC|  |TAMS 0x0000000716200000, 0x0000000716000000| Complete 
| 177|0x0000000716200000, 0x0000000716400000, 0x0000000716400000|100%|HC|  |TAMS 0x0000000716400000, 0x0000000716200000| Complete 
| 178|0x0000000716400000, 0x0000000716600000, 0x0000000716600000|100%|HC|  |TAMS 0x0000000716600000, 0x0000000716400000| Complete 
| 179|0x0000000716600000, 0x0000000716800000, 0x0000000716800000|100%|HC|  |TAMS 0x0000000716800000, 0x0000000716600000| Complete 
| 180|0x0000000716800000, 0x0000000716a00000, 0x0000000716a00000|100%|HC|  |TAMS 0x0000000716a00000, 0x0000000716800000| Complete 
| 181|0x0000000716a00000, 0x0000000716c00000, 0x0000000716c00000|100%|HC|  |TAMS 0x0000000716c00000, 0x0000000716a00000| Complete 
| 182|0x0000000716c00000, 0x0000000716e00000, 0x0000000716e00000|100%|HC|  |TAMS 0x0000000716e00000, 0x0000000716c00000| Complete 
| 183|0x0000000716e00000, 0x0000000717000000, 0x0000000717000000|100%|HC|  |TAMS 0x0000000717000000, 0x0000000716e00000| Complete 
| 184|0x0000000717000000, 0x0000000717200000, 0x0000000717200000|100%|HC|  |TAMS 0x0000000717200000, 0x0000000717000000| Complete 
| 185|0x0000000717200000, 0x0000000717400000, 0x0000000717400000|100%|HC|  |TAMS 0x0000000717400000, 0x0000000717200000| Complete 
| 186|0x0000000717400000, 0x0000000717600000, 0x0000000717600000|100%|HC|  |TAMS 0x0000000717600000, 0x0000000717400000| Complete 
| 187|0x0000000717600000, 0x0000000717800000, 0x0000000717800000|100%|HC|  |TAMS 0x0000000717800000, 0x0000000717600000| Complete 
| 188|0x0000000717800000, 0x0000000717a00000, 0x0000000717a00000|100%|HC|  |TAMS 0x0000000717a00000, 0x0000000717800000| Complete 
| 189|0x0000000717a00000, 0x0000000717c00000, 0x0000000717c00000|100%|HC|  |TAMS 0x0000000717c00000, 0x0000000717a00000| Complete 
| 190|0x0000000717c00000, 0x0000000717e00000, 0x0000000717e00000|100%|HC|  |TAMS 0x0000000717e00000, 0x0000000717c00000| Complete 
| 191|0x0000000717e00000, 0x0000000718000000, 0x0000000718000000|100%|HC|  |TAMS 0x0000000718000000, 0x0000000717e00000| Complete 
| 192|0x0000000718000000, 0x0000000718200000, 0x0000000718200000|100%|HC|  |TAMS 0x0000000718200000, 0x0000000718000000| Complete 
| 193|0x0000000718200000, 0x0000000718400000, 0x0000000718400000|100%|HC|  |TAMS 0x0000000718400000, 0x0000000718200000| Complete 
| 194|0x0000000718400000, 0x0000000718600000, 0x0000000718600000|100%|HC|  |TAMS 0x0000000718600000, 0x0000000718400000| Complete 
| 195|0x0000000718600000, 0x0000000718800000, 0x0000000718800000|100%|HC|  |TAMS 0x0000000718800000, 0x0000000718600000| Complete 
| 196|0x0000000718800000, 0x0000000718a00000, 0x0000000718a00000|100%|HC|  |TAMS 0x0000000718a00000, 0x0000000718800000| Complete 
| 197|0x0000000718a00000, 0x0000000718c00000, 0x0000000718c00000|100%|HC|  |TAMS 0x0000000718c00000, 0x0000000718a00000| Complete 
| 198|0x0000000718c00000, 0x0000000718e00000, 0x0000000718e00000|100%|HC|  |TAMS 0x0000000718e00000, 0x0000000718c00000| Complete 
| 199|0x0000000718e00000, 0x0000000719000000, 0x0000000719000000|100%|HC|  |TAMS 0x0000000719000000, 0x0000000718e00000| Complete 
| 200|0x0000000719000000, 0x0000000719200000, 0x0000000719200000|100%|HC|  |TAMS 0x0000000719200000, 0x0000000719000000| Complete 
| 201|0x0000000719200000, 0x0000000719400000, 0x0000000719400000|100%|HC|  |TAMS 0x0000000719400000, 0x0000000719200000| Complete 
| 202|0x0000000719400000, 0x0000000719600000, 0x0000000719600000|100%|HC|  |TAMS 0x0000000719600000, 0x0000000719400000| Complete 
| 203|0x0000000719600000, 0x0000000719800000, 0x0000000719800000|100%|HC|  |TAMS 0x0000000719800000, 0x0000000719600000| Complete 
| 204|0x0000000719800000, 0x0000000719a00000, 0x0000000719a00000|100%|HC|  |TAMS 0x0000000719a00000, 0x0000000719800000| Complete 
| 205|0x0000000719a00000, 0x0000000719c00000, 0x0000000719c00000|100%|HC|  |TAMS 0x0000000719c00000, 0x0000000719a00000| Complete 
| 206|0x0000000719c00000, 0x0000000719e00000, 0x0000000719e00000|100%|HC|  |TAMS 0x0000000719e00000, 0x0000000719c00000| Complete 
| 207|0x0000000719e00000, 0x000000071a000000, 0x000000071a000000|100%|HC|  |TAMS 0x000000071a000000, 0x0000000719e00000| Complete 
| 208|0x000000071a000000, 0x000000071a200000, 0x000000071a200000|100%|HC|  |TAMS 0x000000071a200000, 0x000000071a000000| Complete 
| 209|0x000000071a200000, 0x000000071a400000, 0x000000071a400000|100%|HC|  |TAMS 0x000000071a400000, 0x000000071a200000| Complete 
| 210|0x000000071a400000, 0x000000071a600000, 0x000000071a600000|100%|HC|  |TAMS 0x000000071a600000, 0x000000071a400000| Complete 
| 211|0x000000071a600000, 0x000000071a800000, 0x000000071a800000|100%|HC|  |TAMS 0x000000071a800000, 0x000000071a600000| Complete 
| 212|0x000000071a800000, 0x000000071aa00000, 0x000000071aa00000|100%|HC|  |TAMS 0x000000071aa00000, 0x000000071a800000| Complete 
| 213|0x000000071aa00000, 0x000000071ac00000, 0x000000071ac00000|100%|HC|  |TAMS 0x000000071ac00000, 0x000000071aa00000| Complete 
| 214|0x000000071ac00000, 0x000000071ae00000, 0x000000071ae00000|100%|HC|  |TAMS 0x000000071ae00000, 0x000000071ac00000| Complete 
| 215|0x000000071ae00000, 0x000000071b000000, 0x000000071b000000|100%|HC|  |TAMS 0x000000071b000000, 0x000000071ae00000| Complete 
| 216|0x000000071b000000, 0x000000071b200000, 0x000000071b200000|100%|HC|  |TAMS 0x000000071b200000, 0x000000071b000000| Complete 
| 217|0x000000071b200000, 0x000000071b400000, 0x000000071b400000|100%|HC|  |TAMS 0x000000071b400000, 0x000000071b200000| Complete 
| 218|0x000000071b400000, 0x000000071b600000, 0x000000071b600000|100%|HC|  |TAMS 0x000000071b600000, 0x000000071b400000| Complete 
| 219|0x000000071b600000, 0x000000071b800000, 0x000000071b800000|100%|HC|  |TAMS 0x000000071b800000, 0x000000071b600000| Complete 
| 220|0x000000071b800000, 0x000000071ba00000, 0x000000071ba00000|100%|HC|  |TAMS 0x000000071ba00000, 0x000000071b800000| Complete 
| 221|0x000000071ba00000, 0x000000071bc00000, 0x000000071bc00000|100%|HC|  |TAMS 0x000000071bc00000, 0x000000071ba00000| Complete 
| 222|0x000000071bc00000, 0x000000071be00000, 0x000000071be00000|100%|HC|  |TAMS 0x000000071be00000, 0x000000071bc00000| Complete 
| 223|0x000000071be00000, 0x000000071c000000, 0x000000071c000000|100%|HC|  |TAMS 0x000000071c000000, 0x000000071be00000| Complete 
| 224|0x000000071c000000, 0x000000071c200000, 0x000000071c200000|100%|HC|  |TAMS 0x000000071c200000, 0x000000071c000000| Complete 
| 225|0x000000071c200000, 0x000000071c400000, 0x000000071c400000|100%|HC|  |TAMS 0x000000071c400000, 0x000000071c200000| Complete 
| 226|0x000000071c400000, 0x000000071c600000, 0x000000071c600000|100%|HC|  |TAMS 0x000000071c600000, 0x000000071c400000| Complete 
| 227|0x000000071c600000, 0x000000071c800000, 0x000000071c800000|100%|HC|  |TAMS 0x000000071c800000, 0x000000071c600000| Complete 
| 228|0x000000071c800000, 0x000000071ca00000, 0x000000071ca00000|100%|HC|  |TAMS 0x000000071ca00000, 0x000000071c800000| Complete 
| 229|0x000000071ca00000, 0x000000071cc00000, 0x000000071cc00000|100%|HC|  |TAMS 0x000000071cc00000, 0x000000071ca00000| Complete 
| 230|0x000000071cc00000, 0x000000071ce00000, 0x000000071ce00000|100%|HC|  |TAMS 0x000000071ce00000, 0x000000071cc00000| Complete 
| 231|0x000000071ce00000, 0x000000071d000000, 0x000000071d000000|100%|HC|  |TAMS 0x000000071d000000, 0x000000071ce00000| Complete 
| 232|0x000000071d000000, 0x000000071d200000, 0x000000071d200000|100%|HC|  |TAMS 0x000000071d200000, 0x000000071d000000| Complete 
| 233|0x000000071d200000, 0x000000071d400000, 0x000000071d400000|100%|HC|  |TAMS 0x000000071d400000, 0x000000071d200000| Complete 
| 234|0x000000071d400000, 0x000000071d600000, 0x000000071d600000|100%|HC|  |TAMS 0x000000071d600000, 0x000000071d400000| Complete 
| 235|0x000000071d600000, 0x000000071d800000, 0x000000071d800000|100%|HS|  |TAMS 0x000000071d800000, 0x000000071d600000| Complete 
| 236|0x000000071d800000, 0x000000071da00000, 0x000000071da00000|100%|HC|  |TAMS 0x000000071da00000, 0x000000071d800000| Complete 
| 237|0x000000071da00000, 0x000000071dc00000, 0x000000071dc00000|100%|HC|  |TAMS 0x000000071dc00000, 0x000000071da00000| Complete 
| 238|0x000000071dc00000, 0x000000071de00000, 0x000000071de00000|100%|HC|  |TAMS 0x000000071de00000, 0x000000071dc00000| Complete 
| 239|0x000000071de00000, 0x000000071e000000, 0x000000071e000000|100%|HC|  |TAMS 0x000000071e000000, 0x000000071de00000| Complete 
| 240|0x000000071e000000, 0x000000071e200000, 0x000000071e200000|100%|HC|  |TAMS 0x000000071e200000, 0x000000071e000000| Complete 
| 241|0x000000071e200000, 0x000000071e400000, 0x000000071e400000|100%|HC|  |TAMS 0x000000071e400000, 0x000000071e200000| Complete 
| 242|0x000000071e400000, 0x000000071e600000, 0x000000071e600000|100%|HC|  |TAMS 0x000000071e600000, 0x000000071e400000| Complete 
| 243|0x000000071e600000, 0x000000071e800000, 0x000000071e800000|100%|HC|  |TAMS 0x000000071e800000, 0x000000071e600000| Complete 
| 244|0x000000071e800000, 0x000000071ea00000, 0x000000071ea00000|100%|HC|  |TAMS 0x000000071ea00000, 0x000000071e800000| Complete 
| 245|0x000000071ea00000, 0x000000071ec00000, 0x000000071ec00000|100%|HC|  |TAMS 0x000000071ec00000, 0x000000071ea00000| Complete 
| 246|0x000000071ec00000, 0x000000071ee00000, 0x000000071ee00000|100%|HC|  |TAMS 0x000000071ee00000, 0x000000071ec00000| Complete 
| 247|0x000000071ee00000, 0x000000071f000000, 0x000000071f000000|100%|HC|  |TAMS 0x000000071f000000, 0x000000071ee00000| Complete 
| 248|0x000000071f000000, 0x000000071f200000, 0x000000071f200000|100%|HC|  |TAMS 0x000000071f200000, 0x000000071f000000| Complete 
| 249|0x000000071f200000, 0x000000071f400000, 0x000000071f400000|100%|HC|  |TAMS 0x000000071f400000, 0x000000071f200000| Complete 
| 250|0x000000071f400000, 0x000000071f600000, 0x000000071f600000|100%|HC|  |TAMS 0x000000071f600000, 0x000000071f400000| Complete 
| 251|0x000000071f600000, 0x000000071f800000, 0x000000071f800000|100%|HC|  |TAMS 0x000000071f800000, 0x000000071f600000| Complete 
| 252|0x000000071f800000, 0x000000071fa00000, 0x000000071fa00000|100%|HC|  |TAMS 0x000000071fa00000, 0x000000071f800000| Complete 
| 253|0x000000071fa00000, 0x000000071fc00000, 0x000000071fc00000|100%|HC|  |TAMS 0x000000071fc00000, 0x000000071fa00000| Complete 
| 254|0x000000071fc00000, 0x000000071fe00000, 0x000000071fe00000|100%|HC|  |TAMS 0x000000071fe00000, 0x000000071fc00000| Complete 
| 255|0x000000071fe00000, 0x0000000720000000, 0x0000000720000000|100%|HC|  |TAMS 0x0000000720000000, 0x000000071fe00000| Complete 
| 256|0x0000000720000000, 0x0000000720200000, 0x0000000720200000|100%|HC|  |TAMS 0x0000000720200000, 0x0000000720000000| Complete 
| 257|0x0000000720200000, 0x0000000720400000, 0x0000000720400000|100%|HC|  |TAMS 0x0000000720400000, 0x0000000720200000| Complete 
| 258|0x0000000720400000, 0x0000000720600000, 0x0000000720600000|100%|HC|  |TAMS 0x0000000720600000, 0x0000000720400000| Complete 
| 259|0x0000000720600000, 0x0000000720800000, 0x0000000720800000|100%|HC|  |TAMS 0x0000000720800000, 0x0000000720600000| Complete 
| 260|0x0000000720800000, 0x0000000720a00000, 0x0000000720a00000|100%|HC|  |TAMS 0x0000000720a00000, 0x0000000720800000| Complete 
| 261|0x0000000720a00000, 0x0000000720c00000, 0x0000000720c00000|100%|HC|  |TAMS 0x0000000720c00000, 0x0000000720a00000| Complete 
| 262|0x0000000720c00000, 0x0000000720e00000, 0x0000000720e00000|100%|HC|  |TAMS 0x0000000720e00000, 0x0000000720c00000| Complete 
| 263|0x0000000720e00000, 0x0000000721000000, 0x0000000721000000|100%|HC|  |TAMS 0x0000000721000000, 0x0000000720e00000| Complete 
| 264|0x0000000721000000, 0x0000000721200000, 0x0000000721200000|100%|HC|  |TAMS 0x0000000721200000, 0x0000000721000000| Complete 
| 265|0x0000000721200000, 0x0000000721400000, 0x0000000721400000|100%|HC|  |TAMS 0x0000000721400000, 0x0000000721200000| Complete 
| 266|0x0000000721400000, 0x0000000721600000, 0x0000000721600000|100%|HC|  |TAMS 0x0000000721600000, 0x0000000721400000| Complete 
| 267|0x0000000721600000, 0x0000000721800000, 0x0000000721800000|100%|HC|  |TAMS 0x0000000721800000, 0x0000000721600000| Complete 
| 268|0x0000000721800000, 0x0000000721a00000, 0x0000000721a00000|100%|HC|  |TAMS 0x0000000721a00000, 0x0000000721800000| Complete 
| 269|0x0000000721a00000, 0x0000000721c00000, 0x0000000721c00000|100%|HC|  |TAMS 0x0000000721c00000, 0x0000000721a00000| Complete 
| 270|0x0000000721c00000, 0x0000000721e00000, 0x0000000721e00000|100%|HC|  |TAMS 0x0000000721e00000, 0x0000000721c00000| Complete 
| 271|0x0000000721e00000, 0x0000000722000000, 0x0000000722000000|100%|HC|  |TAMS 0x0000000722000000, 0x0000000721e00000| Complete 
| 272|0x0000000722000000, 0x0000000722200000, 0x0000000722200000|100%|HC|  |TAMS 0x0000000722200000, 0x0000000722000000| Complete 
| 273|0x0000000722200000, 0x0000000722400000, 0x0000000722400000|100%|HC|  |TAMS 0x0000000722400000, 0x0000000722200000| Complete 
| 274|0x0000000722400000, 0x0000000722600000, 0x0000000722600000|100%|HC|  |TAMS 0x0000000722600000, 0x0000000722400000| Complete 
| 275|0x0000000722600000, 0x0000000722800000, 0x0000000722800000|100%|HC|  |TAMS 0x0000000722800000, 0x0000000722600000| Complete 
| 276|0x0000000722800000, 0x0000000722a00000, 0x0000000722a00000|100%|HC|  |TAMS 0x0000000722a00000, 0x0000000722800000| Complete 
| 277|0x0000000722a00000, 0x0000000722c00000, 0x0000000722c00000|100%|HC|  |TAMS 0x0000000722c00000, 0x0000000722a00000| Complete 
| 278|0x0000000722c00000, 0x0000000722e00000, 0x0000000722e00000|100%|HC|  |TAMS 0x0000000722e00000, 0x0000000722c00000| Complete 
| 279|0x0000000722e00000, 0x0000000723000000, 0x0000000723000000|100%|HC|  |TAMS 0x0000000723000000, 0x0000000722e00000| Complete 
| 280|0x0000000723000000, 0x0000000723200000, 0x0000000723200000|100%|HC|  |TAMS 0x0000000723200000, 0x0000000723000000| Complete 
| 281|0x0000000723200000, 0x0000000723400000, 0x0000000723400000|100%|HC|  |TAMS 0x0000000723400000, 0x0000000723200000| Complete 
| 282|0x0000000723400000, 0x0000000723600000, 0x0000000723600000|100%|HC|  |TAMS 0x0000000723600000, 0x0000000723400000| Complete 
| 283|0x0000000723600000, 0x0000000723800000, 0x0000000723800000|100%|HC|  |TAMS 0x0000000723800000, 0x0000000723600000| Complete 
| 284|0x0000000723800000, 0x0000000723a00000, 0x0000000723a00000|100%|HC|  |TAMS 0x0000000723a00000, 0x0000000723800000| Complete 
| 285|0x0000000723a00000, 0x0000000723c00000, 0x0000000723c00000|100%|HC|  |TAMS 0x0000000723c00000, 0x0000000723a00000| Complete 
| 286|0x0000000723c00000, 0x0000000723e00000, 0x0000000723e00000|100%|HC|  |TAMS 0x0000000723e00000, 0x0000000723c00000| Complete 
| 287|0x0000000723e00000, 0x0000000724000000, 0x0000000724000000|100%|HC|  |TAMS 0x0000000724000000, 0x0000000723e00000| Complete 
| 288|0x0000000724000000, 0x0000000724200000, 0x0000000724200000|100%|HC|  |TAMS 0x0000000724200000, 0x0000000724000000| Complete 
| 289|0x0000000724200000, 0x0000000724400000, 0x0000000724400000|100%|HC|  |TAMS 0x0000000724400000, 0x0000000724200000| Complete 
| 290|0x0000000724400000, 0x0000000724600000, 0x0000000724600000|100%|HC|  |TAMS 0x0000000724600000, 0x0000000724400000| Complete 
| 291|0x0000000724600000, 0x0000000724800000, 0x0000000724800000|100%|HC|  |TAMS 0x0000000724800000, 0x0000000724600000| Complete 
| 292|0x0000000724800000, 0x0000000724a00000, 0x0000000724a00000|100%|HC|  |TAMS 0x0000000724a00000, 0x0000000724800000| Complete 
| 293|0x0000000724a00000, 0x0000000724c00000, 0x0000000724c00000|100%|HC|  |TAMS 0x0000000724c00000, 0x0000000724a00000| Complete 
| 294|0x0000000724c00000, 0x0000000724e00000, 0x0000000724e00000|100%|HC|  |TAMS 0x0000000724e00000, 0x0000000724c00000| Complete 
| 295|0x0000000724e00000, 0x0000000725000000, 0x0000000725000000|100%|HC|  |TAMS 0x0000000725000000, 0x0000000724e00000| Complete 
| 296|0x0000000725000000, 0x0000000725200000, 0x0000000725200000|100%|HC|  |TAMS 0x0000000725200000, 0x0000000725000000| Complete 
| 297|0x0000000725200000, 0x0000000725400000, 0x0000000725400000|100%|HC|  |TAMS 0x0000000725400000, 0x0000000725200000| Complete 
| 298|0x0000000725400000, 0x0000000725600000, 0x0000000725600000|100%|HC|  |TAMS 0x0000000725600000, 0x0000000725400000| Complete 
| 299|0x0000000725600000, 0x0000000725800000, 0x0000000725800000|100%|HC|  |TAMS 0x0000000725800000, 0x0000000725600000| Complete 
| 300|0x0000000725800000, 0x0000000725a00000, 0x0000000725a00000|100%|HC|  |TAMS 0x0000000725a00000, 0x0000000725800000| Complete 
| 301|0x0000000725a00000, 0x0000000725c00000, 0x0000000725c00000|100%|HC|  |TAMS 0x0000000725c00000, 0x0000000725a00000| Complete 
| 302|0x0000000725c00000, 0x0000000725e00000, 0x0000000725e00000|100%|HC|  |TAMS 0x0000000725e00000, 0x0000000725c00000| Complete 
| 303|0x0000000725e00000, 0x0000000726000000, 0x0000000726000000|100%|HC|  |TAMS 0x0000000726000000, 0x0000000725e00000| Complete 
| 304|0x0000000726000000, 0x0000000726200000, 0x0000000726200000|100%|HC|  |TAMS 0x0000000726200000, 0x0000000726000000| Complete 
| 305|0x0000000726200000, 0x0000000726400000, 0x0000000726400000|100%|HC|  |TAMS 0x0000000726400000, 0x0000000726200000| Complete 
| 306|0x0000000726400000, 0x0000000726600000, 0x0000000726600000|100%|HC|  |TAMS 0x0000000726600000, 0x0000000726400000| Complete 
| 307|0x0000000726600000, 0x0000000726800000, 0x0000000726800000|100%|HC|  |TAMS 0x0000000726800000, 0x0000000726600000| Complete 
| 308|0x0000000726800000, 0x0000000726a00000, 0x0000000726a00000|100%|HC|  |TAMS 0x0000000726a00000, 0x0000000726800000| Complete 
| 309|0x0000000726a00000, 0x0000000726c00000, 0x0000000726c00000|100%|HC|  |TAMS 0x0000000726c00000, 0x0000000726a00000| Complete 
| 310|0x0000000726c00000, 0x0000000726e00000, 0x0000000726e00000|100%|HC|  |TAMS 0x0000000726e00000, 0x0000000726c00000| Complete 
| 311|0x0000000726e00000, 0x0000000727000000, 0x0000000727000000|100%|HC|  |TAMS 0x0000000727000000, 0x0000000726e00000| Complete 
| 312|0x0000000727000000, 0x0000000727200000, 0x0000000727200000|100%|HC|  |TAMS 0x0000000727200000, 0x0000000727000000| Complete 
| 313|0x0000000727200000, 0x0000000727400000, 0x0000000727400000|100%|HC|  |TAMS 0x0000000727400000, 0x0000000727200000| Complete 
| 314|0x0000000727400000, 0x0000000727600000, 0x0000000727600000|100%|HC|  |TAMS 0x0000000727600000, 0x0000000727400000| Complete 
| 315|0x0000000727600000, 0x0000000727800000, 0x0000000727800000|100%|HC|  |TAMS 0x0000000727800000, 0x0000000727600000| Complete 
| 316|0x0000000727800000, 0x0000000727a00000, 0x0000000727a00000|100%|HC|  |TAMS 0x0000000727a00000, 0x0000000727800000| Complete 
| 317|0x0000000727a00000, 0x0000000727c00000, 0x0000000727c00000|100%|HC|  |TAMS 0x0000000727c00000, 0x0000000727a00000| Complete 
| 318|0x0000000727c00000, 0x0000000727e00000, 0x0000000727e00000|100%|HC|  |TAMS 0x0000000727e00000, 0x0000000727c00000| Complete 
| 319|0x0000000727e00000, 0x0000000728000000, 0x0000000728000000|100%|HC|  |TAMS 0x0000000728000000, 0x0000000727e00000| Complete 
| 320|0x0000000728000000, 0x0000000728200000, 0x0000000728200000|100%|HC|  |TAMS 0x0000000728200000, 0x0000000728000000| Complete 
| 321|0x0000000728200000, 0x0000000728400000, 0x0000000728400000|100%|HC|  |TAMS 0x0000000728400000, 0x0000000728200000| Complete 
| 322|0x0000000728400000, 0x0000000728600000, 0x0000000728600000|100%|HC|  |TAMS 0x0000000728600000, 0x0000000728400000| Complete 
| 323|0x0000000728600000, 0x0000000728800000, 0x0000000728800000|100%|HC|  |TAMS 0x0000000728800000, 0x0000000728600000| Complete 
| 324|0x0000000728800000, 0x0000000728a00000, 0x0000000728a00000|100%|HC|  |TAMS 0x0000000728a00000, 0x0000000728800000| Complete 
| 325|0x0000000728a00000, 0x0000000728c00000, 0x0000000728c00000|100%|HC|  |TAMS 0x0000000728c00000, 0x0000000728a00000| Complete 
| 326|0x0000000728c00000, 0x0000000728e00000, 0x0000000728e00000|100%|HC|  |TAMS 0x0000000728e00000, 0x0000000728c00000| Complete 
| 327|0x0000000728e00000, 0x0000000729000000, 0x0000000729000000|100%|HC|  |TAMS 0x0000000729000000, 0x0000000728e00000| Complete 
| 328|0x0000000729000000, 0x0000000729200000, 0x0000000729200000|100%|HC|  |TAMS 0x0000000729200000, 0x0000000729000000| Complete 
| 329|0x0000000729200000, 0x0000000729400000, 0x0000000729400000|100%|HC|  |TAMS 0x0000000729400000, 0x0000000729200000| Complete 
| 330|0x0000000729400000, 0x0000000729600000, 0x0000000729600000|100%|HC|  |TAMS 0x0000000729600000, 0x0000000729400000| Complete 
| 331|0x0000000729600000, 0x0000000729800000, 0x0000000729800000|100%|HC|  |TAMS 0x0000000729800000, 0x0000000729600000| Complete 
| 332|0x0000000729800000, 0x0000000729a00000, 0x0000000729a00000|100%|HC|  |TAMS 0x0000000729a00000, 0x0000000729800000| Complete 
| 333|0x0000000729a00000, 0x0000000729c00000, 0x0000000729c00000|100%|HC|  |TAMS 0x0000000729c00000, 0x0000000729a00000| Complete 
| 334|0x0000000729c00000, 0x0000000729e00000, 0x0000000729e00000|100%|HC|  |TAMS 0x0000000729e00000, 0x0000000729c00000| Complete 
| 335|0x0000000729e00000, 0x000000072a000000, 0x000000072a000000|100%|HC|  |TAMS 0x000000072a000000, 0x0000000729e00000| Complete 
| 336|0x000000072a000000, 0x000000072a200000, 0x000000072a200000|100%|HC|  |TAMS 0x000000072a200000, 0x000000072a000000| Complete 
| 337|0x000000072a200000, 0x000000072a400000, 0x000000072a400000|100%|HC|  |TAMS 0x000000072a400000, 0x000000072a200000| Complete 
| 338|0x000000072a400000, 0x000000072a600000, 0x000000072a600000|100%|HC|  |TAMS 0x000000072a600000, 0x000000072a400000| Complete 
| 339|0x000000072a600000, 0x000000072a800000, 0x000000072a800000|100%|HC|  |TAMS 0x000000072a800000, 0x000000072a600000| Complete 
| 340|0x000000072a800000, 0x000000072aa00000, 0x000000072aa00000|100%|HC|  |TAMS 0x000000072aa00000, 0x000000072a800000| Complete 
| 341|0x000000072aa00000, 0x000000072ac00000, 0x000000072ac00000|100%|HC|  |TAMS 0x000000072ac00000, 0x000000072aa00000| Complete 
| 342|0x000000072ac00000, 0x000000072ae00000, 0x000000072ae00000|100%|HC|  |TAMS 0x000000072ae00000, 0x000000072ac00000| Complete 
| 343|0x000000072ae00000, 0x000000072b000000, 0x000000072b000000|100%|HS|  |TAMS 0x000000072b000000, 0x000000072ae00000| Complete 
| 344|0x000000072b000000, 0x000000072b200000, 0x000000072b200000|100%|HC|  |TAMS 0x000000072b200000, 0x000000072b000000| Complete 
| 345|0x000000072b200000, 0x000000072b400000, 0x000000072b400000|100%|HC|  |TAMS 0x000000072b400000, 0x000000072b200000| Complete 
| 346|0x000000072b400000, 0x000000072b600000, 0x000000072b600000|100%|HC|  |TAMS 0x000000072b600000, 0x000000072b400000| Complete 
| 347|0x000000072b600000, 0x000000072b800000, 0x000000072b800000|100%|HC|  |TAMS 0x000000072b800000, 0x000000072b600000| Complete 
| 348|0x000000072b800000, 0x000000072ba00000, 0x000000072ba00000|100%|HC|  |TAMS 0x000000072ba00000, 0x000000072b800000| Complete 
| 349|0x000000072ba00000, 0x000000072bc00000, 0x000000072bc00000|100%|HC|  |TAMS 0x000000072bc00000, 0x000000072ba00000| Complete 
| 350|0x000000072bc00000, 0x000000072be00000, 0x000000072be00000|100%|HC|  |TAMS 0x000000072be00000, 0x000000072bc00000| Complete 
| 351|0x000000072be00000, 0x000000072c000000, 0x000000072c000000|100%|HC|  |TAMS 0x000000072c000000, 0x000000072be00000| Complete 
| 352|0x000000072c000000, 0x000000072c200000, 0x000000072c200000|100%|HC|  |TAMS 0x000000072c200000, 0x000000072c000000| Complete 
| 353|0x000000072c200000, 0x000000072c400000, 0x000000072c400000|100%|HC|  |TAMS 0x000000072c400000, 0x000000072c200000| Complete 
| 354|0x000000072c400000, 0x000000072c600000, 0x000000072c600000|100%|HC|  |TAMS 0x000000072c600000, 0x000000072c400000| Complete 
| 355|0x000000072c600000, 0x000000072c800000, 0x000000072c800000|100%|HC|  |TAMS 0x000000072c800000, 0x000000072c600000| Complete 
| 356|0x000000072c800000, 0x000000072ca00000, 0x000000072ca00000|100%|HC|  |TAMS 0x000000072ca00000, 0x000000072c800000| Complete 
| 357|0x000000072ca00000, 0x000000072cc00000, 0x000000072cc00000|100%|HC|  |TAMS 0x000000072cc00000, 0x000000072ca00000| Complete 
| 358|0x000000072cc00000, 0x000000072ce00000, 0x000000072ce00000|100%|HC|  |TAMS 0x000000072ce00000, 0x000000072cc00000| Complete 
| 359|0x000000072ce00000, 0x000000072d000000, 0x000000072d000000|100%|HC|  |TAMS 0x000000072d000000, 0x000000072ce00000| Complete 
| 360|0x000000072d000000, 0x000000072d200000, 0x000000072d200000|100%|HC|  |TAMS 0x000000072d200000, 0x000000072d000000| Complete 
| 361|0x000000072d200000, 0x000000072d400000, 0x000000072d400000|100%|HC|  |TAMS 0x000000072d400000, 0x000000072d200000| Complete 
| 362|0x000000072d400000, 0x000000072d600000, 0x000000072d600000|100%|HC|  |TAMS 0x000000072d600000, 0x000000072d400000| Complete 
| 363|0x000000072d600000, 0x000000072d800000, 0x000000072d800000|100%|HC|  |TAMS 0x000000072d800000, 0x000000072d600000| Complete 
| 364|0x000000072d800000, 0x000000072da00000, 0x000000072da00000|100%|HC|  |TAMS 0x000000072da00000, 0x000000072d800000| Complete 
| 365|0x000000072da00000, 0x000000072dc00000, 0x000000072dc00000|100%|HC|  |TAMS 0x000000072dc00000, 0x000000072da00000| Complete 
| 366|0x000000072dc00000, 0x000000072de00000, 0x000000072de00000|100%|HC|  |TAMS 0x000000072de00000, 0x000000072dc00000| Complete 
| 367|0x000000072de00000, 0x000000072e000000, 0x000000072e000000|100%|HC|  |TAMS 0x000000072e000000, 0x000000072de00000| Complete 
| 368|0x000000072e000000, 0x000000072e200000, 0x000000072e200000|100%|HC|  |TAMS 0x000000072e200000, 0x000000072e000000| Complete 
| 369|0x000000072e200000, 0x000000072e400000, 0x000000072e400000|100%|HC|  |TAMS 0x000000072e400000, 0x000000072e200000| Complete 
| 370|0x000000072e400000, 0x000000072e600000, 0x000000072e600000|100%|HC|  |TAMS 0x000000072e600000, 0x000000072e400000| Complete 
| 371|0x000000072e600000, 0x000000072e800000, 0x000000072e800000|100%|HC|  |TAMS 0x000000072e800000, 0x000000072e600000| Complete 
| 372|0x000000072e800000, 0x000000072ea00000, 0x000000072ea00000|100%|HC|  |TAMS 0x000000072ea00000, 0x000000072e800000| Complete 
| 373|0x000000072ea00000, 0x000000072ec00000, 0x000000072ec00000|100%|HC|  |TAMS 0x000000072ec00000, 0x000000072ea00000| Complete 
| 374|0x000000072ec00000, 0x000000072ee00000, 0x000000072ee00000|100%|HC|  |TAMS 0x000000072ee00000, 0x000000072ec00000| Complete 
| 375|0x000000072ee00000, 0x000000072f000000, 0x000000072f000000|100%|HC|  |TAMS 0x000000072f000000, 0x000000072ee00000| Complete 
| 376|0x000000072f000000, 0x000000072f200000, 0x000000072f200000|100%|HC|  |TAMS 0x000000072f200000, 0x000000072f000000| Complete 
| 377|0x000000072f200000, 0x000000072f400000, 0x000000072f400000|100%|HC|  |TAMS 0x000000072f400000, 0x000000072f200000| Complete 
| 378|0x000000072f400000, 0x000000072f600000, 0x000000072f600000|100%|HC|  |TAMS 0x000000072f600000, 0x000000072f400000| Complete 
| 379|0x000000072f600000, 0x000000072f800000, 0x000000072f800000|100%|HC|  |TAMS 0x000000072f800000, 0x000000072f600000| Complete 
| 380|0x000000072f800000, 0x000000072fa00000, 0x000000072fa00000|100%|HC|  |TAMS 0x000000072fa00000, 0x000000072f800000| Complete 
| 381|0x000000072fa00000, 0x000000072fc00000, 0x000000072fc00000|100%|HC|  |TAMS 0x000000072fc00000, 0x000000072fa00000| Complete 
| 382|0x000000072fc00000, 0x000000072fe00000, 0x000000072fe00000|100%|HC|  |TAMS 0x000000072fe00000, 0x000000072fc00000| Complete 
| 383|0x000000072fe00000, 0x0000000730000000, 0x0000000730000000|100%|HC|  |TAMS 0x0000000730000000, 0x000000072fe00000| Complete 
| 384|0x0000000730000000, 0x0000000730200000, 0x0000000730200000|100%|HC|  |TAMS 0x0000000730200000, 0x0000000730000000| Complete 
| 385|0x0000000730200000, 0x0000000730400000, 0x0000000730400000|100%|HC|  |TAMS 0x0000000730400000, 0x0000000730200000| Complete 
| 386|0x0000000730400000, 0x0000000730600000, 0x0000000730600000|100%|HC|  |TAMS 0x0000000730600000, 0x0000000730400000| Complete 
| 387|0x0000000730600000, 0x0000000730800000, 0x0000000730800000|100%|HC|  |TAMS 0x0000000730800000, 0x0000000730600000| Complete 
| 388|0x0000000730800000, 0x0000000730a00000, 0x0000000730a00000|100%|HC|  |TAMS 0x0000000730a00000, 0x0000000730800000| Complete 
| 389|0x0000000730a00000, 0x0000000730c00000, 0x0000000730c00000|100%|HC|  |TAMS 0x0000000730c00000, 0x0000000730a00000| Complete 
| 390|0x0000000730c00000, 0x0000000730e00000, 0x0000000730e00000|100%|HC|  |TAMS 0x0000000730e00000, 0x0000000730c00000| Complete 
| 391|0x0000000730e00000, 0x0000000731000000, 0x0000000731000000|100%|HC|  |TAMS 0x0000000731000000, 0x0000000730e00000| Complete 
| 392|0x0000000731000000, 0x0000000731200000, 0x0000000731200000|100%|HC|  |TAMS 0x0000000731200000, 0x0000000731000000| Complete 
| 393|0x0000000731200000, 0x0000000731400000, 0x0000000731400000|100%|HC|  |TAMS 0x0000000731400000, 0x0000000731200000| Complete 
| 394|0x0000000731400000, 0x0000000731600000, 0x0000000731600000|100%|HC|  |TAMS 0x0000000731600000, 0x0000000731400000| Complete 
| 395|0x0000000731600000, 0x0000000731800000, 0x0000000731800000|100%|HC|  |TAMS 0x0000000731800000, 0x0000000731600000| Complete 
| 396|0x0000000731800000, 0x0000000731a00000, 0x0000000731a00000|100%|HC|  |TAMS 0x0000000731a00000, 0x0000000731800000| Complete 
| 397|0x0000000731a00000, 0x0000000731c00000, 0x0000000731c00000|100%|HC|  |TAMS 0x0000000731c00000, 0x0000000731a00000| Complete 
| 398|0x0000000731c00000, 0x0000000731e00000, 0x0000000731e00000|100%|HC|  |TAMS 0x0000000731e00000, 0x0000000731c00000| Complete 
| 399|0x0000000731e00000, 0x0000000732000000, 0x0000000732000000|100%|HC|  |TAMS 0x0000000732000000, 0x0000000731e00000| Complete 
| 400|0x0000000732000000, 0x0000000732200000, 0x0000000732200000|100%|HC|  |TAMS 0x0000000732200000, 0x0000000732000000| Complete 
| 401|0x0000000732200000, 0x0000000732400000, 0x0000000732400000|100%|HC|  |TAMS 0x0000000732400000, 0x0000000732200000| Complete 
| 402|0x0000000732400000, 0x0000000732600000, 0x0000000732600000|100%|HC|  |TAMS 0x0000000732600000, 0x0000000732400000| Complete 
| 403|0x0000000732600000, 0x0000000732800000, 0x0000000732800000|100%|HC|  |TAMS 0x0000000732800000, 0x0000000732600000| Complete 
| 404|0x0000000732800000, 0x0000000732a00000, 0x0000000732a00000|100%|HC|  |TAMS 0x0000000732a00000, 0x0000000732800000| Complete 
| 405|0x0000000732a00000, 0x0000000732c00000, 0x0000000732c00000|100%|HC|  |TAMS 0x0000000732c00000, 0x0000000732a00000| Complete 
| 406|0x0000000732c00000, 0x0000000732e00000, 0x0000000732e00000|100%|HC|  |TAMS 0x0000000732e00000, 0x0000000732c00000| Complete 
| 407|0x0000000732e00000, 0x0000000733000000, 0x0000000733000000|100%|HC|  |TAMS 0x0000000733000000, 0x0000000732e00000| Complete 
| 408|0x0000000733000000, 0x0000000733200000, 0x0000000733200000|100%|HC|  |TAMS 0x0000000733200000, 0x0000000733000000| Complete 
| 409|0x0000000733200000, 0x0000000733400000, 0x0000000733400000|100%|HC|  |TAMS 0x0000000733400000, 0x0000000733200000| Complete 
| 410|0x0000000733400000, 0x0000000733600000, 0x0000000733600000|100%|HC|  |TAMS 0x0000000733600000, 0x0000000733400000| Complete 
| 411|0x0000000733600000, 0x0000000733800000, 0x0000000733800000|100%|HC|  |TAMS 0x0000000733800000, 0x0000000733600000| Complete 
| 412|0x0000000733800000, 0x0000000733a00000, 0x0000000733a00000|100%|HC|  |TAMS 0x0000000733a00000, 0x0000000733800000| Complete 
| 413|0x0000000733a00000, 0x0000000733c00000, 0x0000000733c00000|100%|HC|  |TAMS 0x0000000733c00000, 0x0000000733a00000| Complete 
| 414|0x0000000733c00000, 0x0000000733e00000, 0x0000000733e00000|100%|HC|  |TAMS 0x0000000733e00000, 0x0000000733c00000| Complete 
| 415|0x0000000733e00000, 0x0000000734000000, 0x0000000734000000|100%|HC|  |TAMS 0x0000000734000000, 0x0000000733e00000| Complete 
| 416|0x0000000734000000, 0x0000000734200000, 0x0000000734200000|100%|HC|  |TAMS 0x0000000734200000, 0x0000000734000000| Complete 
| 417|0x0000000734200000, 0x0000000734400000, 0x0000000734400000|100%|HC|  |TAMS 0x0000000734400000, 0x0000000734200000| Complete 
| 418|0x0000000734400000, 0x0000000734600000, 0x0000000734600000|100%|HC|  |TAMS 0x0000000734600000, 0x0000000734400000| Complete 
| 419|0x0000000734600000, 0x0000000734800000, 0x0000000734800000|100%|HC|  |TAMS 0x0000000734800000, 0x0000000734600000| Complete 
| 420|0x0000000734800000, 0x0000000734a00000, 0x0000000734a00000|100%|HC|  |TAMS 0x0000000734a00000, 0x0000000734800000| Complete 
| 421|0x0000000734a00000, 0x0000000734c00000, 0x0000000734c00000|100%|HC|  |TAMS 0x0000000734c00000, 0x0000000734a00000| Complete 
| 422|0x0000000734c00000, 0x0000000734e00000, 0x0000000734e00000|100%|HC|  |TAMS 0x0000000734e00000, 0x0000000734c00000| Complete 
| 423|0x0000000734e00000, 0x0000000735000000, 0x0000000735000000|100%|HC|  |TAMS 0x0000000735000000, 0x0000000734e00000| Complete 
| 424|0x0000000735000000, 0x0000000735200000, 0x0000000735200000|100%|HC|  |TAMS 0x0000000735200000, 0x0000000735000000| Complete 
| 425|0x0000000735200000, 0x0000000735400000, 0x0000000735400000|100%|HC|  |TAMS 0x0000000735400000, 0x0000000735200000| Complete 
| 426|0x0000000735400000, 0x0000000735600000, 0x0000000735600000|100%|HC|  |TAMS 0x0000000735600000, 0x0000000735400000| Complete 
| 427|0x0000000735600000, 0x0000000735800000, 0x0000000735800000|100%|HC|  |TAMS 0x0000000735800000, 0x0000000735600000| Complete 
| 428|0x0000000735800000, 0x0000000735a00000, 0x0000000735a00000|100%|HC|  |TAMS 0x0000000735a00000, 0x0000000735800000| Complete 
| 429|0x0000000735a00000, 0x0000000735c00000, 0x0000000735c00000|100%|HC|  |TAMS 0x0000000735c00000, 0x0000000735a00000| Complete 
| 430|0x0000000735c00000, 0x0000000735e00000, 0x0000000735e00000|100%|HC|  |TAMS 0x0000000735e00000, 0x0000000735c00000| Complete 
| 431|0x0000000735e00000, 0x0000000736000000, 0x0000000736000000|100%|HC|  |TAMS 0x0000000736000000, 0x0000000735e00000| Complete 
| 432|0x0000000736000000, 0x0000000736200000, 0x0000000736200000|100%|HC|  |TAMS 0x0000000736200000, 0x0000000736000000| Complete 
| 433|0x0000000736200000, 0x0000000736400000, 0x0000000736400000|100%|HC|  |TAMS 0x0000000736400000, 0x0000000736200000| Complete 
| 434|0x0000000736400000, 0x0000000736600000, 0x0000000736600000|100%|HC|  |TAMS 0x0000000736600000, 0x0000000736400000| Complete 
| 435|0x0000000736600000, 0x0000000736800000, 0x0000000736800000|100%|HC|  |TAMS 0x0000000736800000, 0x0000000736600000| Complete 
| 436|0x0000000736800000, 0x0000000736a00000, 0x0000000736a00000|100%|HC|  |TAMS 0x0000000736a00000, 0x0000000736800000| Complete 
| 437|0x0000000736a00000, 0x0000000736c00000, 0x0000000736c00000|100%|HC|  |TAMS 0x0000000736c00000, 0x0000000736a00000| Complete 
| 438|0x0000000736c00000, 0x0000000736e00000, 0x0000000736e00000|100%|HC|  |TAMS 0x0000000736e00000, 0x0000000736c00000| Complete 
| 439|0x0000000736e00000, 0x0000000737000000, 0x0000000737000000|100%|HC|  |TAMS 0x0000000737000000, 0x0000000736e00000| Complete 
| 440|0x0000000737000000, 0x0000000737200000, 0x0000000737200000|100%|HC|  |TAMS 0x0000000737200000, 0x0000000737000000| Complete 
| 441|0x0000000737200000, 0x0000000737400000, 0x0000000737400000|100%|HC|  |TAMS 0x0000000737400000, 0x0000000737200000| Complete 
| 442|0x0000000737400000, 0x0000000737600000, 0x0000000737600000|100%|HC|  |TAMS 0x0000000737600000, 0x0000000737400000| Complete 
| 443|0x0000000737600000, 0x0000000737800000, 0x0000000737800000|100%|HC|  |TAMS 0x0000000737800000, 0x0000000737600000| Complete 
| 444|0x0000000737800000, 0x0000000737a00000, 0x0000000737a00000|100%|HC|  |TAMS 0x0000000737a00000, 0x0000000737800000| Complete 
| 445|0x0000000737a00000, 0x0000000737c00000, 0x0000000737c00000|100%|HC|  |TAMS 0x0000000737c00000, 0x0000000737a00000| Complete 
| 446|0x0000000737c00000, 0x0000000737e00000, 0x0000000737e00000|100%|HC|  |TAMS 0x0000000737e00000, 0x0000000737c00000| Complete 
| 447|0x0000000737e00000, 0x0000000738000000, 0x0000000738000000|100%|HC|  |TAMS 0x0000000738000000, 0x0000000737e00000| Complete 
| 448|0x0000000738000000, 0x0000000738200000, 0x0000000738200000|100%|HC|  |TAMS 0x0000000738200000, 0x0000000738000000| Complete 
| 449|0x0000000738200000, 0x0000000738400000, 0x0000000738400000|100%|HC|  |TAMS 0x0000000738400000, 0x0000000738200000| Complete 
| 450|0x0000000738400000, 0x0000000738600000, 0x0000000738600000|100%|HS|  |TAMS 0x0000000738600000, 0x0000000738400000| Complete 
| 451|0x0000000738600000, 0x0000000738800000, 0x0000000738800000|100%|HC|  |TAMS 0x0000000738800000, 0x0000000738600000| Complete 
| 452|0x0000000738800000, 0x0000000738a00000, 0x0000000738a00000|100%|HC|  |TAMS 0x0000000738a00000, 0x0000000738800000| Complete 
| 453|0x0000000738a00000, 0x0000000738c00000, 0x0000000738c00000|100%|HC|  |TAMS 0x0000000738c00000, 0x0000000738a00000| Complete 
| 454|0x0000000738c00000, 0x0000000738e00000, 0x0000000738e00000|100%|HC|  |TAMS 0x0000000738e00000, 0x0000000738c00000| Complete 
| 455|0x0000000738e00000, 0x0000000739000000, 0x0000000739000000|100%|HC|  |TAMS 0x0000000739000000, 0x0000000738e00000| Complete 
| 456|0x0000000739000000, 0x0000000739200000, 0x0000000739200000|100%|HC|  |TAMS 0x0000000739200000, 0x0000000739000000| Complete 
| 457|0x0000000739200000, 0x0000000739400000, 0x0000000739400000|100%|HC|  |TAMS 0x0000000739400000, 0x0000000739200000| Complete 
| 458|0x0000000739400000, 0x0000000739600000, 0x0000000739600000|100%|HC|  |TAMS 0x0000000739600000, 0x0000000739400000| Complete 
| 459|0x0000000739600000, 0x0000000739800000, 0x0000000739800000|100%|HC|  |TAMS 0x0000000739800000, 0x0000000739600000| Complete 
| 460|0x0000000739800000, 0x0000000739a00000, 0x0000000739a00000|100%|HC|  |TAMS 0x0000000739a00000, 0x0000000739800000| Complete 
| 461|0x0000000739a00000, 0x0000000739c00000, 0x0000000739c00000|100%|HC|  |TAMS 0x0000000739c00000, 0x0000000739a00000| Complete 
| 462|0x0000000739c00000, 0x0000000739e00000, 0x0000000739e00000|100%|HC|  |TAMS 0x0000000739e00000, 0x0000000739c00000| Complete 
| 463|0x0000000739e00000, 0x000000073a000000, 0x000000073a000000|100%|HC|  |TAMS 0x000000073a000000, 0x0000000739e00000| Complete 
| 464|0x000000073a000000, 0x000000073a200000, 0x000000073a200000|100%|HC|  |TAMS 0x000000073a200000, 0x000000073a000000| Complete 
| 465|0x000000073a200000, 0x000000073a400000, 0x000000073a400000|100%|HC|  |TAMS 0x000000073a400000, 0x000000073a200000| Complete 
| 466|0x000000073a400000, 0x000000073a600000, 0x000000073a600000|100%|HC|  |TAMS 0x000000073a600000, 0x000000073a400000| Complete 
| 467|0x000000073a600000, 0x000000073a800000, 0x000000073a800000|100%|HC|  |TAMS 0x000000073a800000, 0x000000073a600000| Complete 
| 468|0x000000073a800000, 0x000000073aa00000, 0x000000073aa00000|100%|HC|  |TAMS 0x000000073aa00000, 0x000000073a800000| Complete 
| 469|0x000000073aa00000, 0x000000073ac00000, 0x000000073ac00000|100%|HC|  |TAMS 0x000000073ac00000, 0x000000073aa00000| Complete 
| 470|0x000000073ac00000, 0x000000073ae00000, 0x000000073ae00000|100%|HC|  |TAMS 0x000000073ae00000, 0x000000073ac00000| Complete 
| 471|0x000000073ae00000, 0x000000073b000000, 0x000000073b000000|100%|HC|  |TAMS 0x000000073b000000, 0x000000073ae00000| Complete 
| 472|0x000000073b000000, 0x000000073b200000, 0x000000073b200000|100%|HC|  |TAMS 0x000000073b200000, 0x000000073b000000| Complete 
| 473|0x000000073b200000, 0x000000073b400000, 0x000000073b400000|100%|HC|  |TAMS 0x000000073b400000, 0x000000073b200000| Complete 
| 474|0x000000073b400000, 0x000000073b600000, 0x000000073b600000|100%|HC|  |TAMS 0x000000073b600000, 0x000000073b400000| Complete 
| 475|0x000000073b600000, 0x000000073b800000, 0x000000073b800000|100%|HC|  |TAMS 0x000000073b800000, 0x000000073b600000| Complete 
| 476|0x000000073b800000, 0x000000073ba00000, 0x000000073ba00000|100%|HC|  |TAMS 0x000000073ba00000, 0x000000073b800000| Complete 
| 477|0x000000073ba00000, 0x000000073bc00000, 0x000000073bc00000|100%|HC|  |TAMS 0x000000073bc00000, 0x000000073ba00000| Complete 
| 478|0x000000073bc00000, 0x000000073be00000, 0x000000073be00000|100%|HC|  |TAMS 0x000000073be00000, 0x000000073bc00000| Complete 
| 479|0x000000073be00000, 0x000000073c000000, 0x000000073c000000|100%|HC|  |TAMS 0x000000073c000000, 0x000000073be00000| Complete 
| 480|0x000000073c000000, 0x000000073c200000, 0x000000073c200000|100%|HC|  |TAMS 0x000000073c200000, 0x000000073c000000| Complete 
| 481|0x000000073c200000, 0x000000073c400000, 0x000000073c400000|100%|HC|  |TAMS 0x000000073c400000, 0x000000073c200000| Complete 
| 482|0x000000073c400000, 0x000000073c600000, 0x000000073c600000|100%|HC|  |TAMS 0x000000073c600000, 0x000000073c400000| Complete 
| 483|0x000000073c600000, 0x000000073c800000, 0x000000073c800000|100%|HC|  |TAMS 0x000000073c800000, 0x000000073c600000| Complete 
| 484|0x000000073c800000, 0x000000073ca00000, 0x000000073ca00000|100%|HC|  |TAMS 0x000000073ca00000, 0x000000073c800000| Complete 
| 485|0x000000073ca00000, 0x000000073cc00000, 0x000000073cc00000|100%|HC|  |TAMS 0x000000073cc00000, 0x000000073ca00000| Complete 
| 486|0x000000073cc00000, 0x000000073ce00000, 0x000000073ce00000|100%|HC|  |TAMS 0x000000073ce00000, 0x000000073cc00000| Complete 
| 487|0x000000073ce00000, 0x000000073d000000, 0x000000073d000000|100%|HC|  |TAMS 0x000000073d000000, 0x000000073ce00000| Complete 
| 488|0x000000073d000000, 0x000000073d200000, 0x000000073d200000|100%|HC|  |TAMS 0x000000073d200000, 0x000000073d000000| Complete 
| 489|0x000000073d200000, 0x000000073d400000, 0x000000073d400000|100%|HC|  |TAMS 0x000000073d400000, 0x000000073d200000| Complete 
| 490|0x000000073d400000, 0x000000073d600000, 0x000000073d600000|100%|HC|  |TAMS 0x000000073d600000, 0x000000073d400000| Complete 
| 491|0x000000073d600000, 0x000000073d800000, 0x000000073d800000|100%|HC|  |TAMS 0x000000073d800000, 0x000000073d600000| Complete 
| 492|0x000000073d800000, 0x000000073da00000, 0x000000073da00000|100%|HC|  |TAMS 0x000000073da00000, 0x000000073d800000| Complete 
| 493|0x000000073da00000, 0x000000073dc00000, 0x000000073dc00000|100%|HC|  |TAMS 0x000000073dc00000, 0x000000073da00000| Complete 
| 494|0x000000073dc00000, 0x000000073de00000, 0x000000073de00000|100%|HC|  |TAMS 0x000000073de00000, 0x000000073dc00000| Complete 
| 495|0x000000073de00000, 0x000000073e000000, 0x000000073e000000|100%|HC|  |TAMS 0x000000073e000000, 0x000000073de00000| Complete 
| 496|0x000000073e000000, 0x000000073e200000, 0x000000073e200000|100%|HC|  |TAMS 0x000000073e200000, 0x000000073e000000| Complete 
| 497|0x000000073e200000, 0x000000073e400000, 0x000000073e400000|100%|HC|  |TAMS 0x000000073e400000, 0x000000073e200000| Complete 
| 498|0x000000073e400000, 0x000000073e600000, 0x000000073e600000|100%|HC|  |TAMS 0x000000073e600000, 0x000000073e400000| Complete 
| 499|0x000000073e600000, 0x000000073e800000, 0x000000073e800000|100%|HC|  |TAMS 0x000000073e800000, 0x000000073e600000| Complete 
| 500|0x000000073e800000, 0x000000073ea00000, 0x000000073ea00000|100%|HC|  |TAMS 0x000000073ea00000, 0x000000073e800000| Complete 
| 501|0x000000073ea00000, 0x000000073ec00000, 0x000000073ec00000|100%|HC|  |TAMS 0x000000073ec00000, 0x000000073ea00000| Complete 
| 502|0x000000073ec00000, 0x000000073ee00000, 0x000000073ee00000|100%|HC|  |TAMS 0x000000073ee00000, 0x000000073ec00000| Complete 
| 503|0x000000073ee00000, 0x000000073f000000, 0x000000073f000000|100%|HC|  |TAMS 0x000000073f000000, 0x000000073ee00000| Complete 
| 504|0x000000073f000000, 0x000000073f200000, 0x000000073f200000|100%|HC|  |TAMS 0x000000073f200000, 0x000000073f000000| Complete 
| 505|0x000000073f200000, 0x000000073f400000, 0x000000073f400000|100%|HC|  |TAMS 0x000000073f400000, 0x000000073f200000| Complete 
| 506|0x000000073f400000, 0x000000073f600000, 0x000000073f600000|100%|HC|  |TAMS 0x000000073f600000, 0x000000073f400000| Complete 
| 507|0x000000073f600000, 0x000000073f800000, 0x000000073f800000|100%|HC|  |TAMS 0x000000073f800000, 0x000000073f600000| Complete 
| 508|0x000000073f800000, 0x000000073fa00000, 0x000000073fa00000|100%|HC|  |TAMS 0x000000073fa00000, 0x000000073f800000| Complete 
| 509|0x000000073fa00000, 0x000000073fc00000, 0x000000073fc00000|100%|HC|  |TAMS 0x000000073fc00000, 0x000000073fa00000| Complete 
| 510|0x000000073fc00000, 0x000000073fe00000, 0x000000073fe00000|100%|HC|  |TAMS 0x000000073fe00000, 0x000000073fc00000| Complete 
| 511|0x000000073fe00000, 0x0000000740000000, 0x0000000740000000|100%|HC|  |TAMS 0x0000000740000000, 0x000000073fe00000| Complete 
| 512|0x0000000740000000, 0x0000000740200000, 0x0000000740200000|100%|HC|  |TAMS 0x0000000740200000, 0x0000000740000000| Complete 
| 513|0x0000000740200000, 0x0000000740400000, 0x0000000740400000|100%|HC|  |TAMS 0x0000000740400000, 0x0000000740200000| Complete 
| 514|0x0000000740400000, 0x0000000740600000, 0x0000000740600000|100%|HC|  |TAMS 0x0000000740600000, 0x0000000740400000| Complete 
| 515|0x0000000740600000, 0x0000000740800000, 0x0000000740800000|100%|HC|  |TAMS 0x0000000740800000, 0x0000000740600000| Complete 
| 516|0x0000000740800000, 0x0000000740a00000, 0x0000000740a00000|100%|HC|  |TAMS 0x0000000740a00000, 0x0000000740800000| Complete 
| 517|0x0000000740a00000, 0x0000000740c00000, 0x0000000740c00000|100%|HC|  |TAMS 0x0000000740c00000, 0x0000000740a00000| Complete 
| 518|0x0000000740c00000, 0x0000000740e00000, 0x0000000740e00000|100%|HC|  |TAMS 0x0000000740e00000, 0x0000000740c00000| Complete 
| 519|0x0000000740e00000, 0x0000000741000000, 0x0000000741000000|100%|HC|  |TAMS 0x0000000741000000, 0x0000000740e00000| Complete 
| 520|0x0000000741000000, 0x0000000741200000, 0x0000000741200000|100%|HC|  |TAMS 0x0000000741200000, 0x0000000741000000| Complete 
| 521|0x0000000741200000, 0x0000000741400000, 0x0000000741400000|100%|HC|  |TAMS 0x0000000741400000, 0x0000000741200000| Complete 
| 522|0x0000000741400000, 0x0000000741600000, 0x0000000741600000|100%|HC|  |TAMS 0x0000000741600000, 0x0000000741400000| Complete 
| 523|0x0000000741600000, 0x0000000741800000, 0x0000000741800000|100%|HC|  |TAMS 0x0000000741800000, 0x0000000741600000| Complete 
| 524|0x0000000741800000, 0x0000000741a00000, 0x0000000741a00000|100%|HC|  |TAMS 0x0000000741a00000, 0x0000000741800000| Complete 
| 525|0x0000000741a00000, 0x0000000741c00000, 0x0000000741c00000|100%|HC|  |TAMS 0x0000000741c00000, 0x0000000741a00000| Complete 
| 526|0x0000000741c00000, 0x0000000741e00000, 0x0000000741e00000|100%|HC|  |TAMS 0x0000000741e00000, 0x0000000741c00000| Complete 
| 527|0x0000000741e00000, 0x0000000742000000, 0x0000000742000000|100%|HC|  |TAMS 0x0000000742000000, 0x0000000741e00000| Complete 
| 528|0x0000000742000000, 0x0000000742200000, 0x0000000742200000|100%|HC|  |TAMS 0x0000000742200000, 0x0000000742000000| Complete 
| 529|0x0000000742200000, 0x0000000742400000, 0x0000000742400000|100%|HC|  |TAMS 0x0000000742400000, 0x0000000742200000| Complete 
| 530|0x0000000742400000, 0x0000000742600000, 0x0000000742600000|100%|HC|  |TAMS 0x0000000742600000, 0x0000000742400000| Complete 
| 531|0x0000000742600000, 0x0000000742800000, 0x0000000742800000|100%|HC|  |TAMS 0x0000000742800000, 0x0000000742600000| Complete 
| 532|0x0000000742800000, 0x0000000742a00000, 0x0000000742a00000|100%|HC|  |TAMS 0x0000000742a00000, 0x0000000742800000| Complete 
| 533|0x0000000742a00000, 0x0000000742c00000, 0x0000000742c00000|100%|HC|  |TAMS 0x0000000742c00000, 0x0000000742a00000| Complete 
| 534|0x0000000742c00000, 0x0000000742e00000, 0x0000000742e00000|100%|HC|  |TAMS 0x0000000742e00000, 0x0000000742c00000| Complete 
| 535|0x0000000742e00000, 0x0000000743000000, 0x0000000743000000|100%|HC|  |TAMS 0x0000000743000000, 0x0000000742e00000| Complete 
| 536|0x0000000743000000, 0x0000000743200000, 0x0000000743200000|100%|HC|  |TAMS 0x0000000743200000, 0x0000000743000000| Complete 
| 537|0x0000000743200000, 0x0000000743400000, 0x0000000743400000|100%|HC|  |TAMS 0x0000000743400000, 0x0000000743200000| Complete 
| 538|0x0000000743400000, 0x0000000743600000, 0x0000000743600000|100%|HC|  |TAMS 0x0000000743600000, 0x0000000743400000| Complete 
| 539|0x0000000743600000, 0x0000000743800000, 0x0000000743800000|100%|HC|  |TAMS 0x0000000743800000, 0x0000000743600000| Complete 
| 540|0x0000000743800000, 0x0000000743a00000, 0x0000000743a00000|100%|HC|  |TAMS 0x0000000743a00000, 0x0000000743800000| Complete 
| 541|0x0000000743a00000, 0x0000000743c00000, 0x0000000743c00000|100%|HC|  |TAMS 0x0000000743c00000, 0x0000000743a00000| Complete 
| 542|0x0000000743c00000, 0x0000000743e00000, 0x0000000743e00000|100%|HC|  |TAMS 0x0000000743e00000, 0x0000000743c00000| Complete 
| 543|0x0000000743e00000, 0x0000000744000000, 0x0000000744000000|100%|HC|  |TAMS 0x0000000744000000, 0x0000000743e00000| Complete 
| 544|0x0000000744000000, 0x0000000744200000, 0x0000000744200000|100%|HC|  |TAMS 0x0000000744200000, 0x0000000744000000| Complete 
| 545|0x0000000744200000, 0x0000000744400000, 0x0000000744400000|100%|HC|  |TAMS 0x0000000744400000, 0x0000000744200000| Complete 
| 546|0x0000000744400000, 0x0000000744600000, 0x0000000744600000|100%|HC|  |TAMS 0x0000000744600000, 0x0000000744400000| Complete 
| 547|0x0000000744600000, 0x0000000744800000, 0x0000000744800000|100%|HC|  |TAMS 0x0000000744800000, 0x0000000744600000| Complete 
| 548|0x0000000744800000, 0x0000000744a00000, 0x0000000744a00000|100%|HC|  |TAMS 0x0000000744a00000, 0x0000000744800000| Complete 
| 549|0x0000000744a00000, 0x0000000744c00000, 0x0000000744c00000|100%|HC|  |TAMS 0x0000000744c00000, 0x0000000744a00000| Complete 
| 550|0x0000000744c00000, 0x0000000744e00000, 0x0000000744e00000|100%|HC|  |TAMS 0x0000000744e00000, 0x0000000744c00000| Complete 
| 551|0x0000000744e00000, 0x0000000745000000, 0x0000000745000000|100%|HC|  |TAMS 0x0000000745000000, 0x0000000744e00000| Complete 
| 552|0x0000000745000000, 0x0000000745200000, 0x0000000745200000|100%|HC|  |TAMS 0x0000000745200000, 0x0000000745000000| Complete 
| 553|0x0000000745200000, 0x0000000745400000, 0x0000000745400000|100%|HC|  |TAMS 0x0000000745400000, 0x0000000745200000| Complete 
| 554|0x0000000745400000, 0x0000000745600000, 0x0000000745600000|100%|HC|  |TAMS 0x0000000745600000, 0x0000000745400000| Complete 
| 555|0x0000000745600000, 0x0000000745800000, 0x0000000745800000|100%|HC|  |TAMS 0x0000000745800000, 0x0000000745600000| Complete 
| 556|0x0000000745800000, 0x0000000745a00000, 0x0000000745a00000|100%|HC|  |TAMS 0x0000000745a00000, 0x0000000745800000| Complete 
| 557|0x0000000745a00000, 0x0000000745c00000, 0x0000000745c00000|100%|HC|  |TAMS 0x0000000745c00000, 0x0000000745a00000| Complete 
| 558|0x0000000745c00000, 0x0000000745e00000, 0x0000000745e00000|100%|HS|  |TAMS 0x0000000745e00000, 0x0000000745c00000| Complete 
| 559|0x0000000745e00000, 0x0000000746000000, 0x0000000746000000|100%|HC|  |TAMS 0x0000000746000000, 0x0000000745e00000| Complete 
| 560|0x0000000746000000, 0x0000000746200000, 0x0000000746200000|100%|HC|  |TAMS 0x0000000746200000, 0x0000000746000000| Complete 
| 561|0x0000000746200000, 0x0000000746400000, 0x0000000746400000|100%|HC|  |TAMS 0x0000000746400000, 0x0000000746200000| Complete 
| 562|0x0000000746400000, 0x0000000746600000, 0x0000000746600000|100%|HC|  |TAMS 0x0000000746600000, 0x0000000746400000| Complete 
| 563|0x0000000746600000, 0x0000000746800000, 0x0000000746800000|100%|HC|  |TAMS 0x0000000746800000, 0x0000000746600000| Complete 
| 564|0x0000000746800000, 0x0000000746a00000, 0x0000000746a00000|100%|HC|  |TAMS 0x0000000746a00000, 0x0000000746800000| Complete 
| 565|0x0000000746a00000, 0x0000000746c00000, 0x0000000746c00000|100%|HC|  |TAMS 0x0000000746c00000, 0x0000000746a00000| Complete 
| 566|0x0000000746c00000, 0x0000000746e00000, 0x0000000746e00000|100%|HC|  |TAMS 0x0000000746e00000, 0x0000000746c00000| Complete 
| 567|0x0000000746e00000, 0x0000000747000000, 0x0000000747000000|100%|HC|  |TAMS 0x0000000747000000, 0x0000000746e00000| Complete 
| 568|0x0000000747000000, 0x0000000747200000, 0x0000000747200000|100%|HC|  |TAMS 0x0000000747200000, 0x0000000747000000| Complete 
| 569|0x0000000747200000, 0x0000000747400000, 0x0000000747400000|100%|HC|  |TAMS 0x0000000747400000, 0x0000000747200000| Complete 
| 570|0x0000000747400000, 0x0000000747600000, 0x0000000747600000|100%|HC|  |TAMS 0x0000000747600000, 0x0000000747400000| Complete 
| 571|0x0000000747600000, 0x0000000747800000, 0x0000000747800000|100%|HC|  |TAMS 0x0000000747800000, 0x0000000747600000| Complete 
| 572|0x0000000747800000, 0x0000000747a00000, 0x0000000747a00000|100%|HC|  |TAMS 0x0000000747a00000, 0x0000000747800000| Complete 
| 573|0x0000000747a00000, 0x0000000747c00000, 0x0000000747c00000|100%|HC|  |TAMS 0x0000000747c00000, 0x0000000747a00000| Complete 
| 574|0x0000000747c00000, 0x0000000747e00000, 0x0000000747e00000|100%|HC|  |TAMS 0x0000000747e00000, 0x0000000747c00000| Complete 
| 575|0x0000000747e00000, 0x0000000748000000, 0x0000000748000000|100%|HC|  |TAMS 0x0000000748000000, 0x0000000747e00000| Complete 
| 576|0x0000000748000000, 0x0000000748200000, 0x0000000748200000|100%|HC|  |TAMS 0x0000000748200000, 0x0000000748000000| Complete 
| 577|0x0000000748200000, 0x0000000748400000, 0x0000000748400000|100%|HC|  |TAMS 0x0000000748400000, 0x0000000748200000| Complete 
| 578|0x0000000748400000, 0x0000000748600000, 0x0000000748600000|100%|HC|  |TAMS 0x0000000748600000, 0x0000000748400000| Complete 
| 579|0x0000000748600000, 0x0000000748800000, 0x0000000748800000|100%|HC|  |TAMS 0x0000000748800000, 0x0000000748600000| Complete 
| 580|0x0000000748800000, 0x0000000748a00000, 0x0000000748a00000|100%|HC|  |TAMS 0x0000000748a00000, 0x0000000748800000| Complete 
| 581|0x0000000748a00000, 0x0000000748c00000, 0x0000000748c00000|100%|HC|  |TAMS 0x0000000748c00000, 0x0000000748a00000| Complete 
| 582|0x0000000748c00000, 0x0000000748e00000, 0x0000000748e00000|100%|HC|  |TAMS 0x0000000748e00000, 0x0000000748c00000| Complete 
| 583|0x0000000748e00000, 0x0000000749000000, 0x0000000749000000|100%|HC|  |TAMS 0x0000000749000000, 0x0000000748e00000| Complete 
| 584|0x0000000749000000, 0x0000000749200000, 0x0000000749200000|100%|HC|  |TAMS 0x0000000749200000, 0x0000000749000000| Complete 
| 585|0x0000000749200000, 0x0000000749400000, 0x0000000749400000|100%|HC|  |TAMS 0x0000000749400000, 0x0000000749200000| Complete 
| 586|0x0000000749400000, 0x0000000749600000, 0x0000000749600000|100%|HC|  |TAMS 0x0000000749600000, 0x0000000749400000| Complete 
| 587|0x0000000749600000, 0x0000000749800000, 0x0000000749800000|100%|HC|  |TAMS 0x0000000749800000, 0x0000000749600000| Complete 
| 588|0x0000000749800000, 0x0000000749a00000, 0x0000000749a00000|100%|HC|  |TAMS 0x0000000749a00000, 0x0000000749800000| Complete 
| 589|0x0000000749a00000, 0x0000000749c00000, 0x0000000749c00000|100%|HC|  |TAMS 0x0000000749c00000, 0x0000000749a00000| Complete 
| 590|0x0000000749c00000, 0x0000000749e00000, 0x0000000749e00000|100%|HC|  |TAMS 0x0000000749e00000, 0x0000000749c00000| Complete 
| 591|0x0000000749e00000, 0x000000074a000000, 0x000000074a000000|100%|HC|  |TAMS 0x000000074a000000, 0x0000000749e00000| Complete 
| 592|0x000000074a000000, 0x000000074a200000, 0x000000074a200000|100%|HC|  |TAMS 0x000000074a200000, 0x000000074a000000| Complete 
| 593|0x000000074a200000, 0x000000074a400000, 0x000000074a400000|100%|HC|  |TAMS 0x000000074a400000, 0x000000074a200000| Complete 
| 594|0x000000074a400000, 0x000000074a600000, 0x000000074a600000|100%|HC|  |TAMS 0x000000074a600000, 0x000000074a400000| Complete 
| 595|0x000000074a600000, 0x000000074a800000, 0x000000074a800000|100%|HC|  |TAMS 0x000000074a800000, 0x000000074a600000| Complete 
| 596|0x000000074a800000, 0x000000074aa00000, 0x000000074aa00000|100%|HC|  |TAMS 0x000000074aa00000, 0x000000074a800000| Complete 
| 597|0x000000074aa00000, 0x000000074ac00000, 0x000000074ac00000|100%|HC|  |TAMS 0x000000074ac00000, 0x000000074aa00000| Complete 
| 598|0x000000074ac00000, 0x000000074ae00000, 0x000000074ae00000|100%|HC|  |TAMS 0x000000074ae00000, 0x000000074ac00000| Complete 
| 599|0x000000074ae00000, 0x000000074b000000, 0x000000074b000000|100%|HC|  |TAMS 0x000000074b000000, 0x000000074ae00000| Complete 
| 600|0x000000074b000000, 0x000000074b200000, 0x000000074b200000|100%|HC|  |TAMS 0x000000074b200000, 0x000000074b000000| Complete 
| 601|0x000000074b200000, 0x000000074b400000, 0x000000074b400000|100%|HC|  |TAMS 0x000000074b400000, 0x000000074b200000| Complete 
| 602|0x000000074b400000, 0x000000074b600000, 0x000000074b600000|100%|HC|  |TAMS 0x000000074b600000, 0x000000074b400000| Complete 
| 603|0x000000074b600000, 0x000000074b800000, 0x000000074b800000|100%|HC|  |TAMS 0x000000074b800000, 0x000000074b600000| Complete 
| 604|0x000000074b800000, 0x000000074ba00000, 0x000000074ba00000|100%|HC|  |TAMS 0x000000074ba00000, 0x000000074b800000| Complete 
| 605|0x000000074ba00000, 0x000000074bc00000, 0x000000074bc00000|100%|HC|  |TAMS 0x000000074bc00000, 0x000000074ba00000| Complete 
| 606|0x000000074bc00000, 0x000000074be00000, 0x000000074be00000|100%|HC|  |TAMS 0x000000074be00000, 0x000000074bc00000| Complete 
| 607|0x000000074be00000, 0x000000074c000000, 0x000000074c000000|100%|HC|  |TAMS 0x000000074c000000, 0x000000074be00000| Complete 
| 608|0x000000074c000000, 0x000000074c200000, 0x000000074c200000|100%|HC|  |TAMS 0x000000074c200000, 0x000000074c000000| Complete 
| 609|0x000000074c200000, 0x000000074c400000, 0x000000074c400000|100%|HC|  |TAMS 0x000000074c400000, 0x000000074c200000| Complete 
| 610|0x000000074c400000, 0x000000074c600000, 0x000000074c600000|100%|HC|  |TAMS 0x000000074c600000, 0x000000074c400000| Complete 
| 611|0x000000074c600000, 0x000000074c800000, 0x000000074c800000|100%|HC|  |TAMS 0x000000074c800000, 0x000000074c600000| Complete 
| 612|0x000000074c800000, 0x000000074ca00000, 0x000000074ca00000|100%|HC|  |TAMS 0x000000074ca00000, 0x000000074c800000| Complete 
| 613|0x000000074ca00000, 0x000000074cc00000, 0x000000074cc00000|100%|HC|  |TAMS 0x000000074cc00000, 0x000000074ca00000| Complete 
| 614|0x000000074cc00000, 0x000000074ce00000, 0x000000074ce00000|100%|HC|  |TAMS 0x000000074ce00000, 0x000000074cc00000| Complete 
| 615|0x000000074ce00000, 0x000000074d000000, 0x000000074d000000|100%|HC|  |TAMS 0x000000074d000000, 0x000000074ce00000| Complete 
| 616|0x000000074d000000, 0x000000074d200000, 0x000000074d200000|100%|HC|  |TAMS 0x000000074d200000, 0x000000074d000000| Complete 
| 617|0x000000074d200000, 0x000000074d400000, 0x000000074d400000|100%|HC|  |TAMS 0x000000074d400000, 0x000000074d200000| Complete 
| 618|0x000000074d400000, 0x000000074d600000, 0x000000074d600000|100%|HC|  |TAMS 0x000000074d600000, 0x000000074d400000| Complete 
| 619|0x000000074d600000, 0x000000074d800000, 0x000000074d800000|100%|HC|  |TAMS 0x000000074d800000, 0x000000074d600000| Complete 
| 620|0x000000074d800000, 0x000000074da00000, 0x000000074da00000|100%|HC|  |TAMS 0x000000074da00000, 0x000000074d800000| Complete 
| 621|0x000000074da00000, 0x000000074dc00000, 0x000000074dc00000|100%|HC|  |TAMS 0x000000074dc00000, 0x000000074da00000| Complete 
| 622|0x000000074dc00000, 0x000000074de00000, 0x000000074de00000|100%|HC|  |TAMS 0x000000074de00000, 0x000000074dc00000| Complete 
| 623|0x000000074de00000, 0x000000074e000000, 0x000000074e000000|100%|HC|  |TAMS 0x000000074e000000, 0x000000074de00000| Complete 
| 624|0x000000074e000000, 0x000000074e200000, 0x000000074e200000|100%|HC|  |TAMS 0x000000074e200000, 0x000000074e000000| Complete 
| 625|0x000000074e200000, 0x000000074e400000, 0x000000074e400000|100%|HC|  |TAMS 0x000000074e400000, 0x000000074e200000| Complete 
| 626|0x000000074e400000, 0x000000074e600000, 0x000000074e600000|100%|HC|  |TAMS 0x000000074e600000, 0x000000074e400000| Complete 
| 627|0x000000074e600000, 0x000000074e800000, 0x000000074e800000|100%|HC|  |TAMS 0x000000074e800000, 0x000000074e600000| Complete 
| 628|0x000000074e800000, 0x000000074ea00000, 0x000000074ea00000|100%|HC|  |TAMS 0x000000074ea00000, 0x000000074e800000| Complete 
| 629|0x000000074ea00000, 0x000000074ec00000, 0x000000074ec00000|100%|HC|  |TAMS 0x000000074ec00000, 0x000000074ea00000| Complete 
| 630|0x000000074ec00000, 0x000000074ee00000, 0x000000074ee00000|100%|HC|  |TAMS 0x000000074ee00000, 0x000000074ec00000| Complete 
| 631|0x000000074ee00000, 0x000000074f000000, 0x000000074f000000|100%|HC|  |TAMS 0x000000074f000000, 0x000000074ee00000| Complete 
| 632|0x000000074f000000, 0x000000074f200000, 0x000000074f200000|100%|HC|  |TAMS 0x000000074f200000, 0x000000074f000000| Complete 
| 633|0x000000074f200000, 0x000000074f400000, 0x000000074f400000|100%|HC|  |TAMS 0x000000074f400000, 0x000000074f200000| Complete 
| 634|0x000000074f400000, 0x000000074f600000, 0x000000074f600000|100%|HC|  |TAMS 0x000000074f600000, 0x000000074f400000| Complete 
| 635|0x000000074f600000, 0x000000074f800000, 0x000000074f800000|100%|HC|  |TAMS 0x000000074f800000, 0x000000074f600000| Complete 
| 636|0x000000074f800000, 0x000000074fa00000, 0x000000074fa00000|100%|HC|  |TAMS 0x000000074fa00000, 0x000000074f800000| Complete 
| 637|0x000000074fa00000, 0x000000074fc00000, 0x000000074fc00000|100%|HC|  |TAMS 0x000000074fc00000, 0x000000074fa00000| Complete 
| 638|0x000000074fc00000, 0x000000074fe00000, 0x000000074fe00000|100%|HC|  |TAMS 0x000000074fe00000, 0x000000074fc00000| Complete 
| 639|0x000000074fe00000, 0x0000000750000000, 0x0000000750000000|100%|HC|  |TAMS 0x0000000750000000, 0x000000074fe00000| Complete 
| 640|0x0000000750000000, 0x0000000750200000, 0x0000000750200000|100%|HC|  |TAMS 0x0000000750200000, 0x0000000750000000| Complete 
| 641|0x0000000750200000, 0x0000000750400000, 0x0000000750400000|100%|HC|  |TAMS 0x0000000750400000, 0x0000000750200000| Complete 
| 642|0x0000000750400000, 0x0000000750600000, 0x0000000750600000|100%|HC|  |TAMS 0x0000000750600000, 0x0000000750400000| Complete 
| 643|0x0000000750600000, 0x0000000750800000, 0x0000000750800000|100%|HC|  |TAMS 0x0000000750800000, 0x0000000750600000| Complete 
| 644|0x0000000750800000, 0x0000000750a00000, 0x0000000750a00000|100%|HC|  |TAMS 0x0000000750a00000, 0x0000000750800000| Complete 
| 645|0x0000000750a00000, 0x0000000750c00000, 0x0000000750c00000|100%|HC|  |TAMS 0x0000000750c00000, 0x0000000750a00000| Complete 
| 646|0x0000000750c00000, 0x0000000750e00000, 0x0000000750e00000|100%|HC|  |TAMS 0x0000000750e00000, 0x0000000750c00000| Complete 
| 647|0x0000000750e00000, 0x0000000751000000, 0x0000000751000000|100%|HC|  |TAMS 0x0000000751000000, 0x0000000750e00000| Complete 
| 648|0x0000000751000000, 0x0000000751200000, 0x0000000751200000|100%|HC|  |TAMS 0x0000000751200000, 0x0000000751000000| Complete 
| 649|0x0000000751200000, 0x0000000751400000, 0x0000000751400000|100%|HC|  |TAMS 0x0000000751400000, 0x0000000751200000| Complete 
| 650|0x0000000751400000, 0x0000000751600000, 0x0000000751600000|100%|HC|  |TAMS 0x0000000751600000, 0x0000000751400000| Complete 
| 651|0x0000000751600000, 0x0000000751800000, 0x0000000751800000|100%|HC|  |TAMS 0x0000000751800000, 0x0000000751600000| Complete 
| 652|0x0000000751800000, 0x0000000751a00000, 0x0000000751a00000|100%|HC|  |TAMS 0x0000000751a00000, 0x0000000751800000| Complete 
| 653|0x0000000751a00000, 0x0000000751c00000, 0x0000000751c00000|100%|HC|  |TAMS 0x0000000751c00000, 0x0000000751a00000| Complete 
| 654|0x0000000751c00000, 0x0000000751e00000, 0x0000000751e00000|100%|HC|  |TAMS 0x0000000751e00000, 0x0000000751c00000| Complete 
| 655|0x0000000751e00000, 0x0000000752000000, 0x0000000752000000|100%|HC|  |TAMS 0x0000000752000000, 0x0000000751e00000| Complete 
| 656|0x0000000752000000, 0x0000000752200000, 0x0000000752200000|100%|HC|  |TAMS 0x0000000752200000, 0x0000000752000000| Complete 
| 657|0x0000000752200000, 0x0000000752400000, 0x0000000752400000|100%|HC|  |TAMS 0x0000000752400000, 0x0000000752200000| Complete 
| 658|0x0000000752400000, 0x0000000752600000, 0x0000000752600000|100%|HC|  |TAMS 0x0000000752600000, 0x0000000752400000| Complete 
| 659|0x0000000752600000, 0x0000000752800000, 0x0000000752800000|100%|HC|  |TAMS 0x0000000752800000, 0x0000000752600000| Complete 
| 660|0x0000000752800000, 0x0000000752a00000, 0x0000000752a00000|100%|HC|  |TAMS 0x0000000752a00000, 0x0000000752800000| Complete 
| 661|0x0000000752a00000, 0x0000000752c00000, 0x0000000752c00000|100%|HC|  |TAMS 0x0000000752c00000, 0x0000000752a00000| Complete 
| 662|0x0000000752c00000, 0x0000000752e00000, 0x0000000752e00000|100%|HC|  |TAMS 0x0000000752e00000, 0x0000000752c00000| Complete 
| 663|0x0000000752e00000, 0x0000000753000000, 0x0000000753000000|100%|HC|  |TAMS 0x0000000753000000, 0x0000000752e00000| Complete 
| 664|0x0000000753000000, 0x0000000753200000, 0x0000000753200000|100%|HC|  |TAMS 0x0000000753200000, 0x0000000753000000| Complete 
| 665|0x0000000753200000, 0x0000000753400000, 0x0000000753400000|100%|HS|  |TAMS 0x0000000753400000, 0x0000000753200000| Complete 
| 666|0x0000000753400000, 0x0000000753600000, 0x0000000753600000|100%|HC|  |TAMS 0x0000000753600000, 0x0000000753400000| Complete 
| 667|0x0000000753600000, 0x0000000753800000, 0x0000000753800000|100%|HC|  |TAMS 0x0000000753800000, 0x0000000753600000| Complete 
| 668|0x0000000753800000, 0x0000000753a00000, 0x0000000753a00000|100%|HC|  |TAMS 0x0000000753a00000, 0x0000000753800000| Complete 
| 669|0x0000000753a00000, 0x0000000753c00000, 0x0000000753c00000|100%|HC|  |TAMS 0x0000000753c00000, 0x0000000753a00000| Complete 
| 670|0x0000000753c00000, 0x0000000753e00000, 0x0000000753e00000|100%|HC|  |TAMS 0x0000000753e00000, 0x0000000753c00000| Complete 
| 671|0x0000000753e00000, 0x0000000754000000, 0x0000000754000000|100%|HC|  |TAMS 0x0000000754000000, 0x0000000753e00000| Complete 
| 672|0x0000000754000000, 0x0000000754200000, 0x0000000754200000|100%|HC|  |TAMS 0x0000000754200000, 0x0000000754000000| Complete 
| 673|0x0000000754200000, 0x0000000754400000, 0x0000000754400000|100%|HC|  |TAMS 0x0000000754400000, 0x0000000754200000| Complete 
| 674|0x0000000754400000, 0x0000000754600000, 0x0000000754600000|100%|HC|  |TAMS 0x0000000754600000, 0x0000000754400000| Complete 
| 675|0x0000000754600000, 0x0000000754800000, 0x0000000754800000|100%|HC|  |TAMS 0x0000000754800000, 0x0000000754600000| Complete 
| 676|0x0000000754800000, 0x0000000754a00000, 0x0000000754a00000|100%|HC|  |TAMS 0x0000000754a00000, 0x0000000754800000| Complete 
| 677|0x0000000754a00000, 0x0000000754c00000, 0x0000000754c00000|100%|HC|  |TAMS 0x0000000754c00000, 0x0000000754a00000| Complete 
| 678|0x0000000754c00000, 0x0000000754e00000, 0x0000000754e00000|100%|HC|  |TAMS 0x0000000754e00000, 0x0000000754c00000| Complete 
| 679|0x0000000754e00000, 0x0000000755000000, 0x0000000755000000|100%|HC|  |TAMS 0x0000000755000000, 0x0000000754e00000| Complete 
| 680|0x0000000755000000, 0x0000000755200000, 0x0000000755200000|100%|HC|  |TAMS 0x0000000755200000, 0x0000000755000000| Complete 
| 681|0x0000000755200000, 0x0000000755400000, 0x0000000755400000|100%|HC|  |TAMS 0x0000000755400000, 0x0000000755200000| Complete 
| 682|0x0000000755400000, 0x0000000755600000, 0x0000000755600000|100%|HC|  |TAMS 0x0000000755600000, 0x0000000755400000| Complete 
| 683|0x0000000755600000, 0x0000000755800000, 0x0000000755800000|100%|HC|  |TAMS 0x0000000755800000, 0x0000000755600000| Complete 
| 684|0x0000000755800000, 0x0000000755a00000, 0x0000000755a00000|100%|HC|  |TAMS 0x0000000755a00000, 0x0000000755800000| Complete 
| 685|0x0000000755a00000, 0x0000000755c00000, 0x0000000755c00000|100%|HC|  |TAMS 0x0000000755c00000, 0x0000000755a00000| Complete 
| 686|0x0000000755c00000, 0x0000000755e00000, 0x0000000755e00000|100%|HC|  |TAMS 0x0000000755e00000, 0x0000000755c00000| Complete 
| 687|0x0000000755e00000, 0x0000000756000000, 0x0000000756000000|100%|HC|  |TAMS 0x0000000756000000, 0x0000000755e00000| Complete 
| 688|0x0000000756000000, 0x0000000756200000, 0x0000000756200000|100%|HC|  |TAMS 0x0000000756200000, 0x0000000756000000| Complete 
| 689|0x0000000756200000, 0x0000000756400000, 0x0000000756400000|100%|HC|  |TAMS 0x0000000756400000, 0x0000000756200000| Complete 
| 690|0x0000000756400000, 0x0000000756600000, 0x0000000756600000|100%|HC|  |TAMS 0x0000000756600000, 0x0000000756400000| Complete 
| 691|0x0000000756600000, 0x0000000756800000, 0x0000000756800000|100%|HC|  |TAMS 0x0000000756800000, 0x0000000756600000| Complete 
| 692|0x0000000756800000, 0x0000000756a00000, 0x0000000756a00000|100%|HS|  |TAMS 0x0000000756a00000, 0x0000000756800000| Complete 
| 693|0x0000000756a00000, 0x0000000756c00000, 0x0000000756c00000|100%|HC|  |TAMS 0x0000000756c00000, 0x0000000756a00000| Complete 
| 694|0x0000000756c00000, 0x0000000756e00000, 0x0000000756e00000|100%|HC|  |TAMS 0x0000000756e00000, 0x0000000756c00000| Complete 
| 695|0x0000000756e00000, 0x0000000757000000, 0x0000000757000000|100%|HC|  |TAMS 0x0000000757000000, 0x0000000756e00000| Complete 
| 696|0x0000000757000000, 0x0000000757200000, 0x0000000757200000|100%|HC|  |TAMS 0x0000000757200000, 0x0000000757000000| Complete 
| 697|0x0000000757200000, 0x0000000757400000, 0x0000000757400000|100%|HC|  |TAMS 0x0000000757400000, 0x0000000757200000| Complete 
| 698|0x0000000757400000, 0x0000000757600000, 0x0000000757600000|100%|HC|  |TAMS 0x0000000757600000, 0x0000000757400000| Complete 
| 699|0x0000000757600000, 0x0000000757800000, 0x0000000757800000|100%|HC|  |TAMS 0x0000000757800000, 0x0000000757600000| Complete 
| 700|0x0000000757800000, 0x0000000757a00000, 0x0000000757a00000|100%|HC|  |TAMS 0x0000000757a00000, 0x0000000757800000| Complete 
| 701|0x0000000757a00000, 0x0000000757c00000, 0x0000000757c00000|100%|HC|  |TAMS 0x0000000757c00000, 0x0000000757a00000| Complete 
| 702|0x0000000757c00000, 0x0000000757e00000, 0x0000000757e00000|100%|HC|  |TAMS 0x0000000757e00000, 0x0000000757c00000| Complete 
| 703|0x0000000757e00000, 0x0000000758000000, 0x0000000758000000|100%|HC|  |TAMS 0x0000000758000000, 0x0000000757e00000| Complete 
| 704|0x0000000758000000, 0x0000000758200000, 0x0000000758200000|100%|HC|  |TAMS 0x0000000758200000, 0x0000000758000000| Complete 
| 705|0x0000000758200000, 0x0000000758400000, 0x0000000758400000|100%|HC|  |TAMS 0x0000000758400000, 0x0000000758200000| Complete 
| 706|0x0000000758400000, 0x0000000758600000, 0x0000000758600000|100%|HC|  |TAMS 0x0000000758600000, 0x0000000758400000| Complete 
| 707|0x0000000758600000, 0x0000000758800000, 0x0000000758800000|100%|HC|  |TAMS 0x0000000758800000, 0x0000000758600000| Complete 
| 708|0x0000000758800000, 0x0000000758a00000, 0x0000000758a00000|100%|HC|  |TAMS 0x0000000758a00000, 0x0000000758800000| Complete 
| 709|0x0000000758a00000, 0x0000000758c00000, 0x0000000758c00000|100%|HC|  |TAMS 0x0000000758c00000, 0x0000000758a00000| Complete 
| 710|0x0000000758c00000, 0x0000000758e00000, 0x0000000758e00000|100%|HC|  |TAMS 0x0000000758e00000, 0x0000000758c00000| Complete 
| 711|0x0000000758e00000, 0x0000000759000000, 0x0000000759000000|100%|HC|  |TAMS 0x0000000759000000, 0x0000000758e00000| Complete 
| 712|0x0000000759000000, 0x0000000759200000, 0x0000000759200000|100%|HC|  |TAMS 0x0000000759200000, 0x0000000759000000| Complete 
| 713|0x0000000759200000, 0x0000000759400000, 0x0000000759400000|100%|HC|  |TAMS 0x0000000759400000, 0x0000000759200000| Complete 
| 714|0x0000000759400000, 0x0000000759600000, 0x0000000759600000|100%|HC|  |TAMS 0x0000000759600000, 0x0000000759400000| Complete 
| 715|0x0000000759600000, 0x0000000759800000, 0x0000000759800000|100%|HC|  |TAMS 0x0000000759800000, 0x0000000759600000| Complete 
| 716|0x0000000759800000, 0x0000000759a00000, 0x0000000759a00000|100%|HC|  |TAMS 0x0000000759a00000, 0x0000000759800000| Complete 
| 717|0x0000000759a00000, 0x0000000759c00000, 0x0000000759c00000|100%|HC|  |TAMS 0x0000000759c00000, 0x0000000759a00000| Complete 
| 718|0x0000000759c00000, 0x0000000759e00000, 0x0000000759e00000|100%|HC|  |TAMS 0x0000000759e00000, 0x0000000759c00000| Complete 
| 719|0x0000000759e00000, 0x000000075a000000, 0x000000075a000000|100%|HS|  |TAMS 0x0000000759e00000, 0x0000000759e00000| Complete 
| 720|0x000000075a000000, 0x000000075a200000, 0x000000075a200000|100%|HC|  |TAMS 0x000000075a000000, 0x000000075a000000| Complete 
| 721|0x000000075a200000, 0x000000075a400000, 0x000000075a400000|100%|HC|  |TAMS 0x000000075a200000, 0x000000075a200000| Complete 
| 722|0x000000075a400000, 0x000000075a600000, 0x000000075a600000|100%|HC|  |TAMS 0x000000075a400000, 0x000000075a400000| Complete 
| 723|0x000000075a600000, 0x000000075a800000, 0x000000075a800000|100%|HC|  |TAMS 0x000000075a600000, 0x000000075a600000| Complete 
| 724|0x000000075a800000, 0x000000075aa00000, 0x000000075aa00000|100%|HC|  |TAMS 0x000000075a800000, 0x000000075a800000| Complete 
| 725|0x000000075aa00000, 0x000000075ac00000, 0x000000075ac00000|100%|HC|  |TAMS 0x000000075aa00000, 0x000000075aa00000| Complete 
| 726|0x000000075ac00000, 0x000000075ae00000, 0x000000075ae00000|100%|HC|  |TAMS 0x000000075ac00000, 0x000000075ac00000| Complete 
| 727|0x000000075ae00000, 0x000000075b000000, 0x000000075b000000|100%|HC|  |TAMS 0x000000075ae00000, 0x000000075ae00000| Complete 
| 728|0x000000075b000000, 0x000000075b200000, 0x000000075b200000|100%|HC|  |TAMS 0x000000075b000000, 0x000000075b000000| Complete 
| 729|0x000000075b200000, 0x000000075b400000, 0x000000075b400000|100%|HC|  |TAMS 0x000000075b200000, 0x000000075b200000| Complete 
| 730|0x000000075b400000, 0x000000075b600000, 0x000000075b600000|100%|HC|  |TAMS 0x000000075b400000, 0x000000075b400000| Complete 
| 731|0x000000075b600000, 0x000000075b800000, 0x000000075b800000|100%|HC|  |TAMS 0x000000075b600000, 0x000000075b600000| Complete 
| 732|0x000000075b800000, 0x000000075ba00000, 0x000000075ba00000|100%|HC|  |TAMS 0x000000075b800000, 0x000000075b800000| Complete 
| 733|0x000000075ba00000, 0x000000075bc00000, 0x000000075bc00000|100%|HC|  |TAMS 0x000000075ba00000, 0x000000075ba00000| Complete 
| 734|0x000000075bc00000, 0x000000075be00000, 0x000000075be00000|100%|HC|  |TAMS 0x000000075bc00000, 0x000000075bc00000| Complete 
| 735|0x000000075be00000, 0x000000075c000000, 0x000000075c000000|100%|HC|  |TAMS 0x000000075be00000, 0x000000075be00000| Complete 
| 736|0x000000075c000000, 0x000000075c200000, 0x000000075c200000|100%|HC|  |TAMS 0x000000075c000000, 0x000000075c000000| Complete 
| 737|0x000000075c200000, 0x000000075c400000, 0x000000075c400000|100%|HC|  |TAMS 0x000000075c200000, 0x000000075c200000| Complete 
| 738|0x000000075c400000, 0x000000075c600000, 0x000000075c600000|100%|HC|  |TAMS 0x000000075c400000, 0x000000075c400000| Complete 
| 739|0x000000075c600000, 0x000000075c800000, 0x000000075c800000|100%|HC|  |TAMS 0x000000075c600000, 0x000000075c600000| Complete 
| 740|0x000000075c800000, 0x000000075ca00000, 0x000000075ca00000|100%|HC|  |TAMS 0x000000075c800000, 0x000000075c800000| Complete 
| 741|0x000000075ca00000, 0x000000075cc00000, 0x000000075cc00000|100%|HC|  |TAMS 0x000000075ca00000, 0x000000075ca00000| Complete 
| 742|0x000000075cc00000, 0x000000075ce00000, 0x000000075ce00000|100%|HC|  |TAMS 0x000000075cc00000, 0x000000075cc00000| Complete 
| 743|0x000000075ce00000, 0x000000075d000000, 0x000000075d000000|100%|HC|  |TAMS 0x000000075ce00000, 0x000000075ce00000| Complete 
| 744|0x000000075d000000, 0x000000075d200000, 0x000000075d200000|100%|HC|  |TAMS 0x000000075d000000, 0x000000075d000000| Complete 
| 745|0x000000075d200000, 0x000000075d400000, 0x000000075d400000|100%|HC|  |TAMS 0x000000075d200000, 0x000000075d200000| Complete 
| 746|0x000000075d400000, 0x000000075d400000, 0x000000075d600000|  0%| F|  |TAMS 0x000000075d400000, 0x000000075d400000| Untracked 
| 747|0x000000075d600000, 0x000000075d600000, 0x000000075d800000|  0%| F|  |TAMS 0x000000075d600000, 0x000000075d600000| Untracked 
| 748|0x000000075d800000, 0x000000075d800000, 0x000000075da00000|  0%| F|  |TAMS 0x000000075d800000, 0x000000075d800000| Untracked 
| 749|0x000000075da00000, 0x000000075da00000, 0x000000075dc00000|  0%| F|  |TAMS 0x000000075da00000, 0x000000075da00000| Untracked 
| 750|0x000000075dc00000, 0x000000075dc00000, 0x000000075de00000|  0%| F|  |TAMS 0x000000075dc00000, 0x000000075dc00000| Untracked 
| 751|0x000000075de00000, 0x000000075de00000, 0x000000075e000000|  0%| F|  |TAMS 0x000000075de00000, 0x000000075de00000| Untracked 
| 752|0x000000075e000000, 0x000000075e000000, 0x000000075e200000|  0%| F|  |TAMS 0x000000075e000000, 0x000000075e000000| Untracked 
| 753|0x000000075e200000, 0x000000075e200000, 0x000000075e400000|  0%| F|  |TAMS 0x000000075e200000, 0x000000075e200000| Untracked 
| 754|0x000000075e400000, 0x000000075e400000, 0x000000075e600000|  0%| F|  |TAMS 0x000000075e400000, 0x000000075e400000| Untracked 
| 755|0x000000075e600000, 0x000000075e600000, 0x000000075e800000|  0%| F|  |TAMS 0x000000075e600000, 0x000000075e600000| Untracked 
| 756|0x000000075e800000, 0x000000075e800000, 0x000000075ea00000|  0%| F|  |TAMS 0x000000075e800000, 0x000000075e800000| Untracked 
| 757|0x000000075ea00000, 0x000000075ea00000, 0x000000075ec00000|  0%| F|  |TAMS 0x000000075ea00000, 0x000000075ea00000| Untracked 
| 758|0x000000075ec00000, 0x000000075ec00000, 0x000000075ee00000|  0%| F|  |TAMS 0x000000075ec00000, 0x000000075ec00000| Untracked 
| 759|0x000000075ee00000, 0x000000075ee00000, 0x000000075f000000|  0%| F|  |TAMS 0x000000075ee00000, 0x000000075ee00000| Untracked 
| 760|0x000000075f000000, 0x000000075f000000, 0x000000075f200000|  0%| F|  |TAMS 0x000000075f000000, 0x000000075f000000| Untracked 
| 761|0x000000075f200000, 0x000000075f200000, 0x000000075f400000|  0%| F|  |TAMS 0x000000075f200000, 0x000000075f200000| Untracked 
| 762|0x000000075f400000, 0x000000075f400000, 0x000000075f600000|  0%| F|  |TAMS 0x000000075f400000, 0x000000075f400000| Untracked 
| 763|0x000000075f600000, 0x000000075f600000, 0x000000075f800000|  0%| F|  |TAMS 0x000000075f600000, 0x000000075f600000| Untracked 
| 764|0x000000075f800000, 0x000000075f800000, 0x000000075fa00000|  0%| F|  |TAMS 0x000000075f800000, 0x000000075f800000| Untracked 
| 765|0x000000075fa00000, 0x000000075fa00000, 0x000000075fc00000|  0%| F|  |TAMS 0x000000075fa00000, 0x000000075fa00000| Untracked 
| 766|0x000000075fc00000, 0x000000075fc00000, 0x000000075fe00000|  0%| F|  |TAMS 0x000000075fc00000, 0x000000075fc00000| Untracked 
| 767|0x000000075fe00000, 0x000000075fe00000, 0x0000000760000000|  0%| F|  |TAMS 0x000000075fe00000, 0x000000075fe00000| Untracked 
| 768|0x0000000760000000, 0x0000000760000000, 0x0000000760200000|  0%| F|  |TAMS 0x0000000760000000, 0x0000000760000000| Untracked 
| 769|0x0000000760200000, 0x0000000760200000, 0x0000000760400000|  0%| F|  |TAMS 0x0000000760200000, 0x0000000760200000| Untracked 
| 770|0x0000000760400000, 0x0000000760400000, 0x0000000760600000|  0%| F|  |TAMS 0x0000000760400000, 0x0000000760400000| Untracked 
| 771|0x0000000760600000, 0x0000000760600000, 0x0000000760800000|  0%| F|  |TAMS 0x0000000760600000, 0x0000000760600000| Untracked 
| 772|0x0000000760800000, 0x0000000760800000, 0x0000000760a00000|  0%| F|  |TAMS 0x0000000760800000, 0x0000000760800000| Untracked 
| 773|0x0000000760a00000, 0x0000000760c00000, 0x0000000760c00000|100%|HS|  |TAMS 0x0000000760c00000, 0x0000000760a00000| Complete 
| 774|0x0000000760c00000, 0x0000000760e00000, 0x0000000760e00000|100%|HC|  |TAMS 0x0000000760e00000, 0x0000000760c00000| Complete 
| 775|0x0000000760e00000, 0x0000000761000000, 0x0000000761000000|100%|HC|  |TAMS 0x0000000761000000, 0x0000000760e00000| Complete 
| 776|0x0000000761000000, 0x0000000761200000, 0x0000000761200000|100%|HC|  |TAMS 0x0000000761200000, 0x0000000761000000| Complete 
| 777|0x0000000761200000, 0x0000000761400000, 0x0000000761400000|100%|HC|  |TAMS 0x0000000761400000, 0x0000000761200000| Complete 
| 778|0x0000000761400000, 0x0000000761600000, 0x0000000761600000|100%|HC|  |TAMS 0x0000000761600000, 0x0000000761400000| Complete 
| 779|0x0000000761600000, 0x0000000761800000, 0x0000000761800000|100%|HC|  |TAMS 0x0000000761800000, 0x0000000761600000| Complete 
| 780|0x0000000761800000, 0x0000000761a00000, 0x0000000761a00000|100%|HC|  |TAMS 0x0000000761a00000, 0x0000000761800000| Complete 
| 781|0x0000000761a00000, 0x0000000761c00000, 0x0000000761c00000|100%|HC|  |TAMS 0x0000000761c00000, 0x0000000761a00000| Complete 
| 782|0x0000000761c00000, 0x0000000761e00000, 0x0000000761e00000|100%|HC|  |TAMS 0x0000000761e00000, 0x0000000761c00000| Complete 
| 783|0x0000000761e00000, 0x0000000762000000, 0x0000000762000000|100%|HC|  |TAMS 0x0000000762000000, 0x0000000761e00000| Complete 
| 784|0x0000000762000000, 0x0000000762200000, 0x0000000762200000|100%|HC|  |TAMS 0x0000000762200000, 0x0000000762000000| Complete 
| 785|0x0000000762200000, 0x0000000762400000, 0x0000000762400000|100%|HC|  |TAMS 0x0000000762400000, 0x0000000762200000| Complete 
| 786|0x0000000762400000, 0x0000000762600000, 0x0000000762600000|100%|HC|  |TAMS 0x0000000762600000, 0x0000000762400000| Complete 
| 787|0x0000000762600000, 0x0000000762800000, 0x0000000762800000|100%|HC|  |TAMS 0x0000000762800000, 0x0000000762600000| Complete 
| 788|0x0000000762800000, 0x0000000762a00000, 0x0000000762a00000|100%|HC|  |TAMS 0x0000000762a00000, 0x0000000762800000| Complete 
| 789|0x0000000762a00000, 0x0000000762c00000, 0x0000000762c00000|100%|HC|  |TAMS 0x0000000762c00000, 0x0000000762a00000| Complete 
| 790|0x0000000762c00000, 0x0000000762e00000, 0x0000000762e00000|100%|HC|  |TAMS 0x0000000762e00000, 0x0000000762c00000| Complete 
| 791|0x0000000762e00000, 0x0000000763000000, 0x0000000763000000|100%|HC|  |TAMS 0x0000000763000000, 0x0000000762e00000| Complete 
| 792|0x0000000763000000, 0x0000000763200000, 0x0000000763200000|100%|HC|  |TAMS 0x0000000763200000, 0x0000000763000000| Complete 
| 793|0x0000000763200000, 0x0000000763400000, 0x0000000763400000|100%|HC|  |TAMS 0x0000000763400000, 0x0000000763200000| Complete 
| 794|0x0000000763400000, 0x0000000763600000, 0x0000000763600000|100%|HC|  |TAMS 0x0000000763600000, 0x0000000763400000| Complete 
| 795|0x0000000763600000, 0x0000000763800000, 0x0000000763800000|100%|HC|  |TAMS 0x0000000763800000, 0x0000000763600000| Complete 
| 796|0x0000000763800000, 0x0000000763a00000, 0x0000000763a00000|100%|HC|  |TAMS 0x0000000763a00000, 0x0000000763800000| Complete 
| 797|0x0000000763a00000, 0x0000000763c00000, 0x0000000763c00000|100%|HC|  |TAMS 0x0000000763c00000, 0x0000000763a00000| Complete 
| 798|0x0000000763c00000, 0x0000000763e00000, 0x0000000763e00000|100%|HC|  |TAMS 0x0000000763e00000, 0x0000000763c00000| Complete 
| 799|0x0000000763e00000, 0x0000000764000000, 0x0000000764000000|100%|HC|  |TAMS 0x0000000764000000, 0x0000000763e00000| Complete 
| 800|0x0000000764000000, 0x0000000764200000, 0x0000000764200000|100%|HC|  |TAMS 0x0000000764200000, 0x0000000764000000| Complete 
| 801|0x0000000764200000, 0x0000000764400000, 0x0000000764400000|100%|HC|  |TAMS 0x0000000764400000, 0x0000000764200000| Complete 
| 802|0x0000000764400000, 0x0000000764600000, 0x0000000764600000|100%|HC|  |TAMS 0x0000000764600000, 0x0000000764400000| Complete 
| 803|0x0000000764600000, 0x0000000764800000, 0x0000000764800000|100%|HC|  |TAMS 0x0000000764800000, 0x0000000764600000| Complete 
| 804|0x0000000764800000, 0x0000000764a00000, 0x0000000764a00000|100%|HC|  |TAMS 0x0000000764a00000, 0x0000000764800000| Complete 
| 805|0x0000000764a00000, 0x0000000764c00000, 0x0000000764c00000|100%|HC|  |TAMS 0x0000000764c00000, 0x0000000764a00000| Complete 
| 806|0x0000000764c00000, 0x0000000764e00000, 0x0000000764e00000|100%|HC|  |TAMS 0x0000000764e00000, 0x0000000764c00000| Complete 
| 807|0x0000000764e00000, 0x0000000765000000, 0x0000000765000000|100%|HC|  |TAMS 0x0000000765000000, 0x0000000764e00000| Complete 
| 808|0x0000000765000000, 0x0000000765200000, 0x0000000765200000|100%|HC|  |TAMS 0x0000000765200000, 0x0000000765000000| Complete 
| 809|0x0000000765200000, 0x0000000765400000, 0x0000000765400000|100%|HC|  |TAMS 0x0000000765400000, 0x0000000765200000| Complete 
| 810|0x0000000765400000, 0x0000000765600000, 0x0000000765600000|100%|HC|  |TAMS 0x0000000765600000, 0x0000000765400000| Complete 
| 811|0x0000000765600000, 0x0000000765800000, 0x0000000765800000|100%|HC|  |TAMS 0x0000000765800000, 0x0000000765600000| Complete 
| 812|0x0000000765800000, 0x0000000765a00000, 0x0000000765a00000|100%|HC|  |TAMS 0x0000000765a00000, 0x0000000765800000| Complete 
| 813|0x0000000765a00000, 0x0000000765c00000, 0x0000000765c00000|100%|HC|  |TAMS 0x0000000765c00000, 0x0000000765a00000| Complete 
| 814|0x0000000765c00000, 0x0000000765e00000, 0x0000000765e00000|100%|HC|  |TAMS 0x0000000765e00000, 0x0000000765c00000| Complete 
| 815|0x0000000765e00000, 0x0000000766000000, 0x0000000766000000|100%|HC|  |TAMS 0x0000000766000000, 0x0000000765e00000| Complete 
| 816|0x0000000766000000, 0x0000000766200000, 0x0000000766200000|100%|HC|  |TAMS 0x0000000766200000, 0x0000000766000000| Complete 
| 817|0x0000000766200000, 0x0000000766400000, 0x0000000766400000|100%|HC|  |TAMS 0x0000000766400000, 0x0000000766200000| Complete 
| 818|0x0000000766400000, 0x0000000766600000, 0x0000000766600000|100%|HC|  |TAMS 0x0000000766600000, 0x0000000766400000| Complete 
| 819|0x0000000766600000, 0x0000000766800000, 0x0000000766800000|100%|HC|  |TAMS 0x0000000766800000, 0x0000000766600000| Complete 
| 820|0x0000000766800000, 0x0000000766a00000, 0x0000000766a00000|100%|HC|  |TAMS 0x0000000766a00000, 0x0000000766800000| Complete 
| 821|0x0000000766a00000, 0x0000000766c00000, 0x0000000766c00000|100%|HC|  |TAMS 0x0000000766c00000, 0x0000000766a00000| Complete 
| 822|0x0000000766c00000, 0x0000000766e00000, 0x0000000766e00000|100%|HC|  |TAMS 0x0000000766e00000, 0x0000000766c00000| Complete 
| 823|0x0000000766e00000, 0x0000000767000000, 0x0000000767000000|100%|HC|  |TAMS 0x0000000767000000, 0x0000000766e00000| Complete 
| 824|0x0000000767000000, 0x0000000767200000, 0x0000000767200000|100%|HC|  |TAMS 0x0000000767200000, 0x0000000767000000| Complete 
| 825|0x0000000767200000, 0x0000000767400000, 0x0000000767400000|100%|HC|  |TAMS 0x0000000767400000, 0x0000000767200000| Complete 
| 826|0x0000000767400000, 0x0000000767600000, 0x0000000767600000|100%|HC|  |TAMS 0x0000000767600000, 0x0000000767400000| Complete 
| 827|0x0000000767600000, 0x0000000767800000, 0x0000000767800000|100%|HC|  |TAMS 0x0000000767800000, 0x0000000767600000| Complete 
| 828|0x0000000767800000, 0x0000000767a00000, 0x0000000767a00000|100%|HC|  |TAMS 0x0000000767a00000, 0x0000000767800000| Complete 
| 829|0x0000000767a00000, 0x0000000767c00000, 0x0000000767c00000|100%|HC|  |TAMS 0x0000000767c00000, 0x0000000767a00000| Complete 
| 830|0x0000000767c00000, 0x0000000767e00000, 0x0000000767e00000|100%|HC|  |TAMS 0x0000000767e00000, 0x0000000767c00000| Complete 
| 831|0x0000000767e00000, 0x0000000768000000, 0x0000000768000000|100%|HC|  |TAMS 0x0000000768000000, 0x0000000767e00000| Complete 
| 832|0x0000000768000000, 0x0000000768200000, 0x0000000768200000|100%|HC|  |TAMS 0x0000000768200000, 0x0000000768000000| Complete 
| 833|0x0000000768200000, 0x0000000768400000, 0x0000000768400000|100%|HC|  |TAMS 0x0000000768400000, 0x0000000768200000| Complete 
| 834|0x0000000768400000, 0x0000000768600000, 0x0000000768600000|100%|HC|  |TAMS 0x0000000768600000, 0x0000000768400000| Complete 
| 835|0x0000000768600000, 0x0000000768800000, 0x0000000768800000|100%|HC|  |TAMS 0x0000000768800000, 0x0000000768600000| Complete 
| 836|0x0000000768800000, 0x0000000768a00000, 0x0000000768a00000|100%|HC|  |TAMS 0x0000000768a00000, 0x0000000768800000| Complete 
| 837|0x0000000768a00000, 0x0000000768c00000, 0x0000000768c00000|100%|HC|  |TAMS 0x0000000768c00000, 0x0000000768a00000| Complete 
| 838|0x0000000768c00000, 0x0000000768e00000, 0x0000000768e00000|100%|HC|  |TAMS 0x0000000768e00000, 0x0000000768c00000| Complete 
| 839|0x0000000768e00000, 0x0000000769000000, 0x0000000769000000|100%|HC|  |TAMS 0x0000000769000000, 0x0000000768e00000| Complete 
| 840|0x0000000769000000, 0x0000000769200000, 0x0000000769200000|100%|HC|  |TAMS 0x0000000769200000, 0x0000000769000000| Complete 
| 841|0x0000000769200000, 0x0000000769400000, 0x0000000769400000|100%|HC|  |TAMS 0x0000000769400000, 0x0000000769200000| Complete 
| 842|0x0000000769400000, 0x0000000769600000, 0x0000000769600000|100%|HC|  |TAMS 0x0000000769600000, 0x0000000769400000| Complete 
| 843|0x0000000769600000, 0x0000000769800000, 0x0000000769800000|100%|HC|  |TAMS 0x0000000769800000, 0x0000000769600000| Complete 
| 844|0x0000000769800000, 0x0000000769a00000, 0x0000000769a00000|100%|HC|  |TAMS 0x0000000769a00000, 0x0000000769800000| Complete 
| 845|0x0000000769a00000, 0x0000000769c00000, 0x0000000769c00000|100%|HC|  |TAMS 0x0000000769c00000, 0x0000000769a00000| Complete 
| 846|0x0000000769c00000, 0x0000000769e00000, 0x0000000769e00000|100%|HC|  |TAMS 0x0000000769e00000, 0x0000000769c00000| Complete 
| 847|0x0000000769e00000, 0x000000076a000000, 0x000000076a000000|100%|HC|  |TAMS 0x000000076a000000, 0x0000000769e00000| Complete 
| 848|0x000000076a000000, 0x000000076a200000, 0x000000076a200000|100%|HC|  |TAMS 0x000000076a200000, 0x000000076a000000| Complete 
| 849|0x000000076a200000, 0x000000076a400000, 0x000000076a400000|100%|HC|  |TAMS 0x000000076a400000, 0x000000076a200000| Complete 
| 850|0x000000076a400000, 0x000000076a600000, 0x000000076a600000|100%|HC|  |TAMS 0x000000076a600000, 0x000000076a400000| Complete 
| 851|0x000000076a600000, 0x000000076a800000, 0x000000076a800000|100%|HC|  |TAMS 0x000000076a800000, 0x000000076a600000| Complete 
| 852|0x000000076a800000, 0x000000076aa00000, 0x000000076aa00000|100%|HC|  |TAMS 0x000000076aa00000, 0x000000076a800000| Complete 
| 853|0x000000076aa00000, 0x000000076ac00000, 0x000000076ac00000|100%|HC|  |TAMS 0x000000076ac00000, 0x000000076aa00000| Complete 
| 854|0x000000076ac00000, 0x000000076ae00000, 0x000000076ae00000|100%|HC|  |TAMS 0x000000076ae00000, 0x000000076ac00000| Complete 
| 855|0x000000076ae00000, 0x000000076b000000, 0x000000076b000000|100%|HC|  |TAMS 0x000000076b000000, 0x000000076ae00000| Complete 
| 856|0x000000076b000000, 0x000000076b200000, 0x000000076b200000|100%|HC|  |TAMS 0x000000076b200000, 0x000000076b000000| Complete 
| 857|0x000000076b200000, 0x000000076b400000, 0x000000076b400000|100%|HC|  |TAMS 0x000000076b400000, 0x000000076b200000| Complete 
| 858|0x000000076b400000, 0x000000076b600000, 0x000000076b600000|100%|HC|  |TAMS 0x000000076b600000, 0x000000076b400000| Complete 
| 859|0x000000076b600000, 0x000000076b800000, 0x000000076b800000|100%|HC|  |TAMS 0x000000076b800000, 0x000000076b600000| Complete 
| 860|0x000000076b800000, 0x000000076ba00000, 0x000000076ba00000|100%|HC|  |TAMS 0x000000076ba00000, 0x000000076b800000| Complete 
| 861|0x000000076ba00000, 0x000000076bc00000, 0x000000076bc00000|100%|HC|  |TAMS 0x000000076bc00000, 0x000000076ba00000| Complete 
| 862|0x000000076bc00000, 0x000000076be00000, 0x000000076be00000|100%|HC|  |TAMS 0x000000076be00000, 0x000000076bc00000| Complete 
| 863|0x000000076be00000, 0x000000076c000000, 0x000000076c000000|100%|HC|  |TAMS 0x000000076c000000, 0x000000076be00000| Complete 
| 864|0x000000076c000000, 0x000000076c200000, 0x000000076c200000|100%|HC|  |TAMS 0x000000076c200000, 0x000000076c000000| Complete 
| 865|0x000000076c200000, 0x000000076c400000, 0x000000076c400000|100%|HC|  |TAMS 0x000000076c400000, 0x000000076c200000| Complete 
| 866|0x000000076c400000, 0x000000076c600000, 0x000000076c600000|100%|HC|  |TAMS 0x000000076c600000, 0x000000076c400000| Complete 
| 867|0x000000076c600000, 0x000000076c800000, 0x000000076c800000|100%|HC|  |TAMS 0x000000076c800000, 0x000000076c600000| Complete 
| 868|0x000000076c800000, 0x000000076ca00000, 0x000000076ca00000|100%|HC|  |TAMS 0x000000076ca00000, 0x000000076c800000| Complete 
| 869|0x000000076ca00000, 0x000000076cc00000, 0x000000076cc00000|100%|HC|  |TAMS 0x000000076cc00000, 0x000000076ca00000| Complete 
| 870|0x000000076cc00000, 0x000000076ce00000, 0x000000076ce00000|100%|HC|  |TAMS 0x000000076ce00000, 0x000000076cc00000| Complete 
| 871|0x000000076ce00000, 0x000000076d000000, 0x000000076d000000|100%|HC|  |TAMS 0x000000076d000000, 0x000000076ce00000| Complete 
| 872|0x000000076d000000, 0x000000076d200000, 0x000000076d200000|100%|HC|  |TAMS 0x000000076d200000, 0x000000076d000000| Complete 
| 873|0x000000076d200000, 0x000000076d400000, 0x000000076d400000|100%|HC|  |TAMS 0x000000076d400000, 0x000000076d200000| Complete 
| 874|0x000000076d400000, 0x000000076d600000, 0x000000076d600000|100%|HC|  |TAMS 0x000000076d600000, 0x000000076d400000| Complete 
| 875|0x000000076d600000, 0x000000076d800000, 0x000000076d800000|100%|HC|  |TAMS 0x000000076d800000, 0x000000076d600000| Complete 
| 876|0x000000076d800000, 0x000000076da00000, 0x000000076da00000|100%|HC|  |TAMS 0x000000076da00000, 0x000000076d800000| Complete 
| 877|0x000000076da00000, 0x000000076dc00000, 0x000000076dc00000|100%|HC|  |TAMS 0x000000076dc00000, 0x000000076da00000| Complete 
| 878|0x000000076dc00000, 0x000000076de00000, 0x000000076de00000|100%|HC|  |TAMS 0x000000076de00000, 0x000000076dc00000| Complete 
| 879|0x000000076de00000, 0x000000076e000000, 0x000000076e000000|100%|HC|  |TAMS 0x000000076e000000, 0x000000076de00000| Complete 
| 880|0x000000076e000000, 0x000000076e200000, 0x000000076e200000|100%|HC|  |TAMS 0x000000076e200000, 0x000000076e000000| Complete 
| 881|0x000000076e200000, 0x000000076e200000, 0x000000076e400000|  0%| F|  |TAMS 0x000000076e200000, 0x000000076e200000| Untracked 
| 882|0x000000076e400000, 0x000000076e400000, 0x000000076e600000|  0%| F|  |TAMS 0x000000076e400000, 0x000000076e400000| Untracked 
| 883|0x000000076e600000, 0x000000076e600000, 0x000000076e800000|  0%| F|  |TAMS 0x000000076e600000, 0x000000076e600000| Untracked 
| 884|0x000000076e800000, 0x000000076e800000, 0x000000076ea00000|  0%| F|  |TAMS 0x000000076e800000, 0x000000076e800000| Untracked 
| 885|0x000000076ea00000, 0x000000076ea00000, 0x000000076ec00000|  0%| F|  |TAMS 0x000000076ea00000, 0x000000076ea00000| Untracked 
| 886|0x000000076ec00000, 0x000000076ec00000, 0x000000076ee00000|  0%| F|  |TAMS 0x000000076ec00000, 0x000000076ec00000| Untracked 
| 887|0x000000076ee00000, 0x000000076ee00000, 0x000000076f000000|  0%| F|  |TAMS 0x000000076ee00000, 0x000000076ee00000| Untracked 
| 888|0x000000076f000000, 0x000000076f000000, 0x000000076f200000|  0%| F|  |TAMS 0x000000076f000000, 0x000000076f000000| Untracked 
| 889|0x000000076f200000, 0x000000076f200000, 0x000000076f400000|  0%| F|  |TAMS 0x000000076f200000, 0x000000076f200000| Untracked 
| 890|0x000000076f400000, 0x000000076f400000, 0x000000076f600000|  0%| F|  |TAMS 0x000000076f400000, 0x000000076f400000| Untracked 
| 891|0x000000076f600000, 0x000000076f600000, 0x000000076f800000|  0%| F|  |TAMS 0x000000076f600000, 0x000000076f600000| Untracked 
| 892|0x000000076f800000, 0x000000076f800000, 0x000000076fa00000|  0%| F|  |TAMS 0x000000076f800000, 0x000000076f800000| Untracked 
| 893|0x000000076fa00000, 0x000000076fa00000, 0x000000076fc00000|  0%| F|  |TAMS 0x000000076fa00000, 0x000000076fa00000| Untracked 
| 894|0x000000076fc00000, 0x000000076fc00000, 0x000000076fe00000|  0%| F|  |TAMS 0x000000076fc00000, 0x000000076fc00000| Untracked 
| 895|0x000000076fe00000, 0x000000076fe00000, 0x0000000770000000|  0%| F|  |TAMS 0x000000076fe00000, 0x000000076fe00000| Untracked 
| 896|0x0000000770000000, 0x0000000770000000, 0x0000000770200000|  0%| F|  |TAMS 0x0000000770000000, 0x0000000770000000| Untracked 
| 897|0x0000000770200000, 0x0000000770200000, 0x0000000770400000|  0%| F|  |TAMS 0x0000000770200000, 0x0000000770200000| Untracked 
| 898|0x0000000770400000, 0x0000000770400000, 0x0000000770600000|  0%| F|  |TAMS 0x0000000770400000, 0x0000000770400000| Untracked 
| 899|0x0000000770600000, 0x0000000770600000, 0x0000000770800000|  0%| F|  |TAMS 0x0000000770600000, 0x0000000770600000| Untracked 
| 900|0x0000000770800000, 0x0000000770800000, 0x0000000770a00000|  0%| F|  |TAMS 0x0000000770800000, 0x0000000770800000| Untracked 
| 901|0x0000000770a00000, 0x0000000770a00000, 0x0000000770c00000|  0%| F|  |TAMS 0x0000000770a00000, 0x0000000770a00000| Untracked 
| 902|0x0000000770c00000, 0x0000000770c00000, 0x0000000770e00000|  0%| F|  |TAMS 0x0000000770c00000, 0x0000000770c00000| Untracked 
| 903|0x0000000770e00000, 0x0000000770e00000, 0x0000000771000000|  0%| F|  |TAMS 0x0000000770e00000, 0x0000000770e00000| Untracked 
| 904|0x0000000771000000, 0x0000000771000000, 0x0000000771200000|  0%| F|  |TAMS 0x0000000771000000, 0x0000000771000000| Untracked 
| 905|0x0000000771200000, 0x0000000771200000, 0x0000000771400000|  0%| F|  |TAMS 0x0000000771200000, 0x0000000771200000| Untracked 
| 906|0x0000000771400000, 0x0000000771400000, 0x0000000771600000|  0%| F|  |TAMS 0x0000000771400000, 0x0000000771400000| Untracked 
| 907|0x0000000771600000, 0x0000000771600000, 0x0000000771800000|  0%| F|  |TAMS 0x0000000771600000, 0x0000000771600000| Untracked 
| 908|0x0000000771800000, 0x0000000771800000, 0x0000000771a00000|  0%| F|  |TAMS 0x0000000771800000, 0x0000000771800000| Untracked 
| 909|0x0000000771a00000, 0x0000000771a00000, 0x0000000771c00000|  0%| F|  |TAMS 0x0000000771a00000, 0x0000000771a00000| Untracked 
| 910|0x0000000771c00000, 0x0000000771c00000, 0x0000000771e00000|  0%| F|  |TAMS 0x0000000771c00000, 0x0000000771c00000| Untracked 
| 911|0x0000000771e00000, 0x0000000771e00000, 0x0000000772000000|  0%| F|  |TAMS 0x0000000771e00000, 0x0000000771e00000| Untracked 
| 912|0x0000000772000000, 0x0000000772000000, 0x0000000772200000|  0%| F|  |TAMS 0x0000000772000000, 0x0000000772000000| Untracked 
| 913|0x0000000772200000, 0x0000000772200000, 0x0000000772400000|  0%| F|  |TAMS 0x0000000772200000, 0x0000000772200000| Untracked 
| 914|0x0000000772400000, 0x0000000772400000, 0x0000000772600000|  0%| F|  |TAMS 0x0000000772400000, 0x0000000772400000| Untracked 
| 915|0x0000000772600000, 0x0000000772600000, 0x0000000772800000|  0%| F|  |TAMS 0x0000000772600000, 0x0000000772600000| Untracked 
| 916|0x0000000772800000, 0x0000000772800000, 0x0000000772a00000|  0%| F|  |TAMS 0x0000000772800000, 0x0000000772800000| Untracked 
| 917|0x0000000772a00000, 0x0000000772a00000, 0x0000000772c00000|  0%| F|  |TAMS 0x0000000772a00000, 0x0000000772a00000| Untracked 
| 918|0x0000000772c00000, 0x0000000772c00000, 0x0000000772e00000|  0%| F|  |TAMS 0x0000000772c00000, 0x0000000772c00000| Untracked 
| 919|0x0000000772e00000, 0x0000000772e00000, 0x0000000773000000|  0%| F|  |TAMS 0x0000000772e00000, 0x0000000772e00000| Untracked 
| 920|0x0000000773000000, 0x0000000773000000, 0x0000000773200000|  0%| F|  |TAMS 0x0000000773000000, 0x0000000773000000| Untracked 
| 921|0x0000000773200000, 0x0000000773200000, 0x0000000773400000|  0%| F|  |TAMS 0x0000000773200000, 0x0000000773200000| Untracked 
| 922|0x0000000773400000, 0x0000000773400000, 0x0000000773600000|  0%| F|  |TAMS 0x0000000773400000, 0x0000000773400000| Untracked 
| 923|0x0000000773600000, 0x0000000773600000, 0x0000000773800000|  0%| F|  |TAMS 0x0000000773600000, 0x0000000773600000| Untracked 
| 924|0x0000000773800000, 0x0000000773800000, 0x0000000773a00000|  0%| F|  |TAMS 0x0000000773800000, 0x0000000773800000| Untracked 
| 925|0x0000000773a00000, 0x0000000773a00000, 0x0000000773c00000|  0%| F|  |TAMS 0x0000000773a00000, 0x0000000773a00000| Untracked 
| 926|0x0000000773c00000, 0x0000000773c00000, 0x0000000773e00000|  0%| F|  |TAMS 0x0000000773c00000, 0x0000000773c00000| Untracked 
| 927|0x0000000773e00000, 0x0000000773e00000, 0x0000000774000000|  0%| F|  |TAMS 0x0000000773e00000, 0x0000000773e00000| Untracked 
| 928|0x0000000774000000, 0x0000000774000000, 0x0000000774200000|  0%| F|  |TAMS 0x0000000774000000, 0x0000000774000000| Untracked 
| 929|0x0000000774200000, 0x0000000774200000, 0x0000000774400000|  0%| F|  |TAMS 0x0000000774200000, 0x0000000774200000| Untracked 
| 930|0x0000000774400000, 0x0000000774400000, 0x0000000774600000|  0%| F|  |TAMS 0x0000000774400000, 0x0000000774400000| Untracked 
| 931|0x0000000774600000, 0x0000000774600000, 0x0000000774800000|  0%| F|  |TAMS 0x0000000774600000, 0x0000000774600000| Untracked 
| 932|0x0000000774800000, 0x0000000774800000, 0x0000000774a00000|  0%| F|  |TAMS 0x0000000774800000, 0x0000000774800000| Untracked 
| 933|0x0000000774a00000, 0x0000000774a00000, 0x0000000774c00000|  0%| F|  |TAMS 0x0000000774a00000, 0x0000000774a00000| Untracked 
| 934|0x0000000774c00000, 0x0000000774c00000, 0x0000000774e00000|  0%| F|  |TAMS 0x0000000774c00000, 0x0000000774c00000| Untracked 
| 935|0x0000000774e00000, 0x0000000774e00000, 0x0000000775000000|  0%| F|  |TAMS 0x0000000774e00000, 0x0000000774e00000| Untracked 
| 936|0x0000000775000000, 0x0000000775000000, 0x0000000775200000|  0%| F|  |TAMS 0x0000000775000000, 0x0000000775000000| Untracked 
| 937|0x0000000775200000, 0x0000000775200000, 0x0000000775400000|  0%| F|  |TAMS 0x0000000775200000, 0x0000000775200000| Untracked 
| 938|0x0000000775400000, 0x0000000775400000, 0x0000000775600000|  0%| F|  |TAMS 0x0000000775400000, 0x0000000775400000| Untracked 
| 939|0x0000000775600000, 0x0000000775600000, 0x0000000775800000|  0%| F|  |TAMS 0x0000000775600000, 0x0000000775600000| Untracked 
| 940|0x0000000775800000, 0x0000000775800000, 0x0000000775a00000|  0%| F|  |TAMS 0x0000000775800000, 0x0000000775800000| Untracked 
| 941|0x0000000775a00000, 0x0000000775a00000, 0x0000000775c00000|  0%| F|  |TAMS 0x0000000775a00000, 0x0000000775a00000| Untracked 
| 942|0x0000000775c00000, 0x0000000775c00000, 0x0000000775e00000|  0%| F|  |TAMS 0x0000000775c00000, 0x0000000775c00000| Untracked 
| 943|0x0000000775e00000, 0x0000000775e00000, 0x0000000776000000|  0%| F|  |TAMS 0x0000000775e00000, 0x0000000775e00000| Untracked 
| 944|0x0000000776000000, 0x0000000776000000, 0x0000000776200000|  0%| F|  |TAMS 0x0000000776000000, 0x0000000776000000| Untracked 
| 945|0x0000000776200000, 0x0000000776200000, 0x0000000776400000|  0%| F|  |TAMS 0x0000000776200000, 0x0000000776200000| Untracked 
| 946|0x0000000776400000, 0x0000000776400000, 0x0000000776600000|  0%| F|  |TAMS 0x0000000776400000, 0x0000000776400000| Untracked 
| 947|0x0000000776600000, 0x0000000776600000, 0x0000000776800000|  0%| F|  |TAMS 0x0000000776600000, 0x0000000776600000| Untracked 
| 948|0x0000000776800000, 0x0000000776800000, 0x0000000776a00000|  0%| F|  |TAMS 0x0000000776800000, 0x0000000776800000| Untracked 
| 949|0x0000000776a00000, 0x0000000776a00000, 0x0000000776c00000|  0%| F|  |TAMS 0x0000000776a00000, 0x0000000776a00000| Untracked 
| 950|0x0000000776c00000, 0x0000000776c00000, 0x0000000776e00000|  0%| F|  |TAMS 0x0000000776c00000, 0x0000000776c00000| Untracked 
| 951|0x0000000776e00000, 0x0000000776e00000, 0x0000000777000000|  0%| F|  |TAMS 0x0000000776e00000, 0x0000000776e00000| Untracked 
| 952|0x0000000777000000, 0x0000000777000000, 0x0000000777200000|  0%| F|  |TAMS 0x0000000777000000, 0x0000000777000000| Untracked 
| 953|0x0000000777200000, 0x0000000777200000, 0x0000000777400000|  0%| F|  |TAMS 0x0000000777200000, 0x0000000777200000| Untracked 
| 954|0x0000000777400000, 0x0000000777400000, 0x0000000777600000|  0%| F|  |TAMS 0x0000000777400000, 0x0000000777400000| Untracked 
| 955|0x0000000777600000, 0x0000000777600000, 0x0000000777800000|  0%| F|  |TAMS 0x0000000777600000, 0x0000000777600000| Untracked 
| 956|0x0000000777800000, 0x0000000777800000, 0x0000000777a00000|  0%| F|  |TAMS 0x0000000777800000, 0x0000000777800000| Untracked 
| 957|0x0000000777a00000, 0x0000000777a00000, 0x0000000777c00000|  0%| F|  |TAMS 0x0000000777a00000, 0x0000000777a00000| Untracked 
| 958|0x0000000777c00000, 0x0000000777c00000, 0x0000000777e00000|  0%| F|  |TAMS 0x0000000777c00000, 0x0000000777c00000| Untracked 
| 959|0x0000000777e00000, 0x0000000777e00000, 0x0000000778000000|  0%| F|  |TAMS 0x0000000777e00000, 0x0000000777e00000| Untracked 
| 960|0x0000000778000000, 0x0000000778000000, 0x0000000778200000|  0%| F|  |TAMS 0x0000000778000000, 0x0000000778000000| Untracked 
| 961|0x0000000778200000, 0x0000000778200000, 0x0000000778400000|  0%| F|  |TAMS 0x0000000778200000, 0x0000000778200000| Untracked 
| 962|0x0000000778400000, 0x0000000778400000, 0x0000000778600000|  0%| F|  |TAMS 0x0000000778400000, 0x0000000778400000| Untracked 
| 963|0x0000000778600000, 0x0000000778600000, 0x0000000778800000|  0%| F|  |TAMS 0x0000000778600000, 0x0000000778600000| Untracked 
| 964|0x0000000778800000, 0x0000000778800000, 0x0000000778a00000|  0%| F|  |TAMS 0x0000000778800000, 0x0000000778800000| Untracked 
| 965|0x0000000778a00000, 0x0000000778a00000, 0x0000000778c00000|  0%| F|  |TAMS 0x0000000778a00000, 0x0000000778a00000| Untracked 
| 966|0x0000000778c00000, 0x0000000778c00000, 0x0000000778e00000|  0%| F|  |TAMS 0x0000000778c00000, 0x0000000778c00000| Untracked 
| 967|0x0000000778e00000, 0x0000000778e00000, 0x0000000779000000|  0%| F|  |TAMS 0x0000000778e00000, 0x0000000778e00000| Untracked 
| 968|0x0000000779000000, 0x0000000779000000, 0x0000000779200000|  0%| F|  |TAMS 0x0000000779000000, 0x0000000779000000| Untracked 
| 969|0x0000000779200000, 0x0000000779200000, 0x0000000779400000|  0%| F|  |TAMS 0x0000000779200000, 0x0000000779200000| Untracked 
| 970|0x0000000779400000, 0x0000000779400000, 0x0000000779600000|  0%| F|  |TAMS 0x0000000779400000, 0x0000000779400000| Untracked 
| 971|0x0000000779600000, 0x0000000779600000, 0x0000000779800000|  0%| F|  |TAMS 0x0000000779600000, 0x0000000779600000| Untracked 
| 972|0x0000000779800000, 0x0000000779800000, 0x0000000779a00000|  0%| F|  |TAMS 0x0000000779800000, 0x0000000779800000| Untracked 
| 973|0x0000000779a00000, 0x0000000779a00000, 0x0000000779c00000|  0%| F|  |TAMS 0x0000000779a00000, 0x0000000779a00000| Untracked 
| 974|0x0000000779c00000, 0x0000000779c00000, 0x0000000779e00000|  0%| F|  |TAMS 0x0000000779c00000, 0x0000000779c00000| Untracked 
| 975|0x0000000779e00000, 0x0000000779e00000, 0x000000077a000000|  0%| F|  |TAMS 0x0000000779e00000, 0x0000000779e00000| Untracked 
| 976|0x000000077a000000, 0x000000077a000000, 0x000000077a200000|  0%| F|  |TAMS 0x000000077a000000, 0x000000077a000000| Untracked 
| 977|0x000000077a200000, 0x000000077a200000, 0x000000077a400000|  0%| F|  |TAMS 0x000000077a200000, 0x000000077a200000| Untracked 
| 978|0x000000077a400000, 0x000000077a400000, 0x000000077a600000|  0%| F|  |TAMS 0x000000077a400000, 0x000000077a400000| Untracked 
| 979|0x000000077a600000, 0x000000077a600000, 0x000000077a800000|  0%| F|  |TAMS 0x000000077a600000, 0x000000077a600000| Untracked 
| 980|0x000000077a800000, 0x000000077a800000, 0x000000077aa00000|  0%| F|  |TAMS 0x000000077a800000, 0x000000077a800000| Untracked 
| 981|0x000000077aa00000, 0x000000077aa00000, 0x000000077ac00000|  0%| F|  |TAMS 0x000000077aa00000, 0x000000077aa00000| Untracked 
| 982|0x000000077ac00000, 0x000000077ac00000, 0x000000077ae00000|  0%| F|  |TAMS 0x000000077ac00000, 0x000000077ac00000| Untracked 
| 983|0x000000077ae00000, 0x000000077ae00000, 0x000000077b000000|  0%| F|  |TAMS 0x000000077ae00000, 0x000000077ae00000| Untracked 
| 984|0x000000077b000000, 0x000000077b000000, 0x000000077b200000|  0%| F|  |TAMS 0x000000077b000000, 0x000000077b000000| Untracked 
| 985|0x000000077b200000, 0x000000077b200000, 0x000000077b400000|  0%| F|  |TAMS 0x000000077b200000, 0x000000077b200000| Untracked 
| 986|0x000000077b400000, 0x000000077b400000, 0x000000077b600000|  0%| F|  |TAMS 0x000000077b400000, 0x000000077b400000| Untracked 
| 987|0x000000077b600000, 0x000000077b600000, 0x000000077b800000|  0%| F|  |TAMS 0x000000077b600000, 0x000000077b600000| Untracked 
| 988|0x000000077b800000, 0x000000077b800000, 0x000000077ba00000|  0%| F|  |TAMS 0x000000077b800000, 0x000000077b800000| Untracked 
| 989|0x000000077ba00000, 0x000000077ba00000, 0x000000077bc00000|  0%| F|  |TAMS 0x000000077ba00000, 0x000000077ba00000| Untracked 
| 990|0x000000077bc00000, 0x000000077bc00000, 0x000000077be00000|  0%| F|  |TAMS 0x000000077bc00000, 0x000000077bc00000| Untracked 
| 991|0x000000077be00000, 0x000000077be00000, 0x000000077c000000|  0%| F|  |TAMS 0x000000077be00000, 0x000000077be00000| Untracked 
| 992|0x000000077c000000, 0x000000077c000000, 0x000000077c200000|  0%| F|  |TAMS 0x000000077c000000, 0x000000077c000000| Untracked 
| 993|0x000000077c200000, 0x000000077c200000, 0x000000077c400000|  0%| F|  |TAMS 0x000000077c200000, 0x000000077c200000| Untracked 
| 994|0x000000077c400000, 0x000000077c400000, 0x000000077c600000|  0%| F|  |TAMS 0x000000077c400000, 0x000000077c400000| Untracked 
| 995|0x000000077c600000, 0x000000077c600000, 0x000000077c800000|  0%| F|  |TAMS 0x000000077c600000, 0x000000077c600000| Untracked 
| 996|0x000000077c800000, 0x000000077c800000, 0x000000077ca00000|  0%| F|  |TAMS 0x000000077c800000, 0x000000077c800000| Untracked 
| 997|0x000000077ca00000, 0x000000077ca00000, 0x000000077cc00000|  0%| F|  |TAMS 0x000000077ca00000, 0x000000077ca00000| Untracked 
| 998|0x000000077cc00000, 0x000000077cc00000, 0x000000077ce00000|  0%| F|  |TAMS 0x000000077cc00000, 0x000000077cc00000| Untracked 
| 999|0x000000077ce00000, 0x000000077ce00000, 0x000000077d000000|  0%| F|  |TAMS 0x000000077ce00000, 0x000000077ce00000| Untracked 
|1000|0x000000077d000000, 0x000000077d000000, 0x000000077d200000|  0%| F|  |TAMS 0x000000077d000000, 0x000000077d000000| Untracked 
|1001|0x000000077d200000, 0x000000077d200000, 0x000000077d400000|  0%| F|  |TAMS 0x000000077d200000, 0x000000077d200000| Untracked 
|1002|0x000000077d400000, 0x000000077d400000, 0x000000077d600000|  0%| F|  |TAMS 0x000000077d400000, 0x000000077d400000| Untracked 
|1003|0x000000077d600000, 0x000000077d600000, 0x000000077d800000|  0%| F|  |TAMS 0x000000077d600000, 0x000000077d600000| Untracked 
|1004|0x000000077d800000, 0x000000077d800000, 0x000000077da00000|  0%| F|  |TAMS 0x000000077d800000, 0x000000077d800000| Untracked 
|1005|0x000000077da00000, 0x000000077da00000, 0x000000077dc00000|  0%| F|  |TAMS 0x000000077da00000, 0x000000077da00000| Untracked 
|1006|0x000000077dc00000, 0x000000077dc00000, 0x000000077de00000|  0%| F|  |TAMS 0x000000077dc00000, 0x000000077dc00000| Untracked 
|1007|0x000000077de00000, 0x000000077de00000, 0x000000077e000000|  0%| F|  |TAMS 0x000000077de00000, 0x000000077de00000| Untracked 
|1008|0x000000077e000000, 0x000000077e000000, 0x000000077e200000|  0%| F|  |TAMS 0x000000077e000000, 0x000000077e000000| Untracked 
|1009|0x000000077e200000, 0x000000077e200000, 0x000000077e400000|  0%| F|  |TAMS 0x000000077e200000, 0x000000077e200000| Untracked 
|1010|0x000000077e400000, 0x000000077e400000, 0x000000077e600000|  0%| F|  |TAMS 0x000000077e400000, 0x000000077e400000| Untracked 
|1011|0x000000077e600000, 0x000000077e600000, 0x000000077e800000|  0%| F|  |TAMS 0x000000077e600000, 0x000000077e600000| Untracked 
|1012|0x000000077e800000, 0x000000077e800000, 0x000000077ea00000|  0%| F|  |TAMS 0x000000077e800000, 0x000000077e800000| Untracked 
|1013|0x000000077ea00000, 0x000000077ea00000, 0x000000077ec00000|  0%| F|  |TAMS 0x000000077ea00000, 0x000000077ea00000| Untracked 
|1014|0x000000077ec00000, 0x000000077ec00000, 0x000000077ee00000|  0%| F|  |TAMS 0x000000077ec00000, 0x000000077ec00000| Untracked 
|1015|0x000000077ee00000, 0x000000077ee00000, 0x000000077f000000|  0%| F|  |TAMS 0x000000077ee00000, 0x000000077ee00000| Untracked 
|1016|0x000000077f000000, 0x000000077f000000, 0x000000077f200000|  0%| F|  |TAMS 0x000000077f000000, 0x000000077f000000| Untracked 
|1017|0x000000077f200000, 0x000000077f200000, 0x000000077f400000|  0%| F|  |TAMS 0x000000077f200000, 0x000000077f200000| Untracked 
|1018|0x000000077f400000, 0x000000077f400000, 0x000000077f600000|  0%| F|  |TAMS 0x000000077f400000, 0x000000077f400000| Untracked 
|1019|0x000000077f600000, 0x000000077f600000, 0x000000077f800000|  0%| F|  |TAMS 0x000000077f600000, 0x000000077f600000| Untracked 
|1020|0x000000077f800000, 0x000000077f800000, 0x000000077fa00000|  0%| F|  |TAMS 0x000000077f800000, 0x000000077f800000| Untracked 
|1021|0x000000077fa00000, 0x000000077fa00000, 0x000000077fc00000|  0%| F|  |TAMS 0x000000077fa00000, 0x000000077fa00000| Untracked 
|1022|0x000000077fc00000, 0x000000077fc00000, 0x000000077fe00000|  0%| F|  |TAMS 0x000000077fc00000, 0x000000077fc00000| Untracked 
|1023|0x000000077fe00000, 0x000000077fe00000, 0x0000000780000000|  0%| F|  |TAMS 0x000000077fe00000, 0x000000077fe00000| Untracked 
|1024|0x0000000780000000, 0x0000000780000000, 0x0000000780200000|  0%| F|  |TAMS 0x0000000780000000, 0x0000000780000000| Untracked 
|1025|0x0000000780200000, 0x0000000780200000, 0x0000000780400000|  0%| F|  |TAMS 0x0000000780200000, 0x0000000780200000| Untracked 
|1026|0x0000000780400000, 0x0000000780400000, 0x0000000780600000|  0%| F|  |TAMS 0x0000000780400000, 0x0000000780400000| Untracked 
|1027|0x0000000780600000, 0x0000000780600000, 0x0000000780800000|  0%| F|  |TAMS 0x0000000780600000, 0x0000000780600000| Untracked 
|1028|0x0000000780800000, 0x0000000780800000, 0x0000000780a00000|  0%| F|  |TAMS 0x0000000780800000, 0x0000000780800000| Untracked 
|1029|0x0000000780a00000, 0x0000000780a00000, 0x0000000780c00000|  0%| F|  |TAMS 0x0000000780a00000, 0x0000000780a00000| Untracked 
|1030|0x0000000780c00000, 0x0000000780c00000, 0x0000000780e00000|  0%| F|  |TAMS 0x0000000780c00000, 0x0000000780c00000| Untracked 
|1031|0x0000000780e00000, 0x0000000780e00000, 0x0000000781000000|  0%| F|  |TAMS 0x0000000780e00000, 0x0000000780e00000| Untracked 
|1032|0x0000000781000000, 0x0000000781000000, 0x0000000781200000|  0%| F|  |TAMS 0x0000000781000000, 0x0000000781000000| Untracked 
|1033|0x0000000781200000, 0x0000000781200000, 0x0000000781400000|  0%| F|  |TAMS 0x0000000781200000, 0x0000000781200000| Untracked 
|1034|0x0000000781400000, 0x0000000781400000, 0x0000000781600000|  0%| F|  |TAMS 0x0000000781400000, 0x0000000781400000| Untracked 
|1035|0x0000000781600000, 0x0000000781600000, 0x0000000781800000|  0%| F|  |TAMS 0x0000000781600000, 0x0000000781600000| Untracked 
|1036|0x0000000781800000, 0x0000000781800000, 0x0000000781a00000|  0%| F|  |TAMS 0x0000000781800000, 0x0000000781800000| Untracked 
|1037|0x0000000781a00000, 0x0000000781a00000, 0x0000000781c00000|  0%| F|  |TAMS 0x0000000781a00000, 0x0000000781a00000| Untracked 
|1038|0x0000000781c00000, 0x0000000781c00000, 0x0000000781e00000|  0%| F|  |TAMS 0x0000000781c00000, 0x0000000781c00000| Untracked 
|1039|0x0000000781e00000, 0x0000000781e00000, 0x0000000782000000|  0%| F|  |TAMS 0x0000000781e00000, 0x0000000781e00000| Untracked 
|1040|0x0000000782000000, 0x0000000782000000, 0x0000000782200000|  0%| F|  |TAMS 0x0000000782000000, 0x0000000782000000| Untracked 
|1041|0x0000000782200000, 0x0000000782200000, 0x0000000782400000|  0%| F|  |TAMS 0x0000000782200000, 0x0000000782200000| Untracked 
|1042|0x0000000782400000, 0x0000000782400000, 0x0000000782600000|  0%| F|  |TAMS 0x0000000782400000, 0x0000000782400000| Untracked 
|1043|0x0000000782600000, 0x0000000782600000, 0x0000000782800000|  0%| F|  |TAMS 0x0000000782600000, 0x0000000782600000| Untracked 
|1044|0x0000000782800000, 0x0000000782800000, 0x0000000782a00000|  0%| F|  |TAMS 0x0000000782800000, 0x0000000782800000| Untracked 
|1045|0x0000000782a00000, 0x0000000782a00000, 0x0000000782c00000|  0%| F|  |TAMS 0x0000000782a00000, 0x0000000782a00000| Untracked 
|1046|0x0000000782c00000, 0x0000000782c00000, 0x0000000782e00000|  0%| F|  |TAMS 0x0000000782c00000, 0x0000000782c00000| Untracked 
|1047|0x0000000782e00000, 0x0000000782e00000, 0x0000000783000000|  0%| F|  |TAMS 0x0000000782e00000, 0x0000000782e00000| Untracked 
|1048|0x0000000783000000, 0x0000000783000000, 0x0000000783200000|  0%| F|  |TAMS 0x0000000783000000, 0x0000000783000000| Untracked 
|1049|0x0000000783200000, 0x0000000783200000, 0x0000000783400000|  0%| F|  |TAMS 0x0000000783200000, 0x0000000783200000| Untracked 
|1050|0x0000000783400000, 0x0000000783400000, 0x0000000783600000|  0%| F|  |TAMS 0x0000000783400000, 0x0000000783400000| Untracked 
|1051|0x0000000783600000, 0x0000000783600000, 0x0000000783800000|  0%| F|  |TAMS 0x0000000783600000, 0x0000000783600000| Untracked 
|1052|0x0000000783800000, 0x0000000783800000, 0x0000000783a00000|  0%| F|  |TAMS 0x0000000783800000, 0x0000000783800000| Untracked 
|1053|0x0000000783a00000, 0x0000000783a00000, 0x0000000783c00000|  0%| F|  |TAMS 0x0000000783a00000, 0x0000000783a00000| Untracked 
|1054|0x0000000783c00000, 0x0000000783c00000, 0x0000000783e00000|  0%| F|  |TAMS 0x0000000783c00000, 0x0000000783c00000| Untracked 
|1055|0x0000000783e00000, 0x0000000783e00000, 0x0000000784000000|  0%| F|  |TAMS 0x0000000783e00000, 0x0000000783e00000| Untracked 
|1056|0x0000000784000000, 0x0000000784000000, 0x0000000784200000|  0%| F|  |TAMS 0x0000000784000000, 0x0000000784000000| Untracked 
|1057|0x0000000784200000, 0x0000000784200000, 0x0000000784400000|  0%| F|  |TAMS 0x0000000784200000, 0x0000000784200000| Untracked 
|1058|0x0000000784400000, 0x0000000784400000, 0x0000000784600000|  0%| F|  |TAMS 0x0000000784400000, 0x0000000784400000| Untracked 
|1059|0x0000000784600000, 0x0000000784600000, 0x0000000784800000|  0%| F|  |TAMS 0x0000000784600000, 0x0000000784600000| Untracked 
|1060|0x0000000784800000, 0x0000000784800000, 0x0000000784a00000|  0%| F|  |TAMS 0x0000000784800000, 0x0000000784800000| Untracked 
|1061|0x0000000784a00000, 0x0000000784a00000, 0x0000000784c00000|  0%| F|  |TAMS 0x0000000784a00000, 0x0000000784a00000| Untracked 
|1062|0x0000000784c00000, 0x0000000784c00000, 0x0000000784e00000|  0%| F|  |TAMS 0x0000000784c00000, 0x0000000784c00000| Untracked 
|1063|0x0000000784e00000, 0x0000000784e00000, 0x0000000785000000|  0%| F|  |TAMS 0x0000000784e00000, 0x0000000784e00000| Untracked 
|1064|0x0000000785000000, 0x0000000785000000, 0x0000000785200000|  0%| F|  |TAMS 0x0000000785000000, 0x0000000785000000| Untracked 
|1065|0x0000000785200000, 0x0000000785200000, 0x0000000785400000|  0%| F|  |TAMS 0x0000000785200000, 0x0000000785200000| Untracked 
|1066|0x0000000785400000, 0x0000000785400000, 0x0000000785600000|  0%| F|  |TAMS 0x0000000785400000, 0x0000000785400000| Untracked 
|1067|0x0000000785600000, 0x0000000785600000, 0x0000000785800000|  0%| F|  |TAMS 0x0000000785600000, 0x0000000785600000| Untracked 
|1068|0x0000000785800000, 0x0000000785800000, 0x0000000785a00000|  0%| F|  |TAMS 0x0000000785800000, 0x0000000785800000| Untracked 
|1069|0x0000000785a00000, 0x0000000785a00000, 0x0000000785c00000|  0%| F|  |TAMS 0x0000000785a00000, 0x0000000785a00000| Untracked 
|1070|0x0000000785c00000, 0x0000000785c00000, 0x0000000785e00000|  0%| F|  |TAMS 0x0000000785c00000, 0x0000000785c00000| Untracked 
|1071|0x0000000785e00000, 0x0000000785e00000, 0x0000000786000000|  0%| F|  |TAMS 0x0000000785e00000, 0x0000000785e00000| Untracked 
|1072|0x0000000786000000, 0x0000000786000000, 0x0000000786200000|  0%| F|  |TAMS 0x0000000786000000, 0x0000000786000000| Untracked 
|1073|0x0000000786200000, 0x0000000786200000, 0x0000000786400000|  0%| F|  |TAMS 0x0000000786200000, 0x0000000786200000| Untracked 
|1074|0x0000000786400000, 0x0000000786400000, 0x0000000786600000|  0%| F|  |TAMS 0x0000000786400000, 0x0000000786400000| Untracked 
|1075|0x0000000786600000, 0x0000000786600000, 0x0000000786800000|  0%| F|  |TAMS 0x0000000786600000, 0x0000000786600000| Untracked 
|1076|0x0000000786800000, 0x0000000786a00000, 0x0000000786a00000|100%|HS|  |TAMS 0x0000000786a00000, 0x0000000786800000| Complete 
|1077|0x0000000786a00000, 0x0000000786c00000, 0x0000000786c00000|100%|HC|  |TAMS 0x0000000786c00000, 0x0000000786a00000| Complete 
|1078|0x0000000786c00000, 0x0000000786e00000, 0x0000000786e00000|100%|HC|  |TAMS 0x0000000786e00000, 0x0000000786c00000| Complete 
|1079|0x0000000786e00000, 0x0000000787000000, 0x0000000787000000|100%|HC|  |TAMS 0x0000000787000000, 0x0000000786e00000| Complete 
|1080|0x0000000787000000, 0x0000000787200000, 0x0000000787200000|100%|HC|  |TAMS 0x0000000787200000, 0x0000000787000000| Complete 
|1081|0x0000000787200000, 0x0000000787400000, 0x0000000787400000|100%|HC|  |TAMS 0x0000000787400000, 0x0000000787200000| Complete 
|1082|0x0000000787400000, 0x0000000787600000, 0x0000000787600000|100%|HC|  |TAMS 0x0000000787600000, 0x0000000787400000| Complete 
|1083|0x0000000787600000, 0x0000000787800000, 0x0000000787800000|100%|HC|  |TAMS 0x0000000787800000, 0x0000000787600000| Complete 
|1084|0x0000000787800000, 0x0000000787a00000, 0x0000000787a00000|100%|HC|  |TAMS 0x0000000787a00000, 0x0000000787800000| Complete 
|1085|0x0000000787a00000, 0x0000000787c00000, 0x0000000787c00000|100%|HC|  |TAMS 0x0000000787c00000, 0x0000000787a00000| Complete 
|1086|0x0000000787c00000, 0x0000000787e00000, 0x0000000787e00000|100%|HC|  |TAMS 0x0000000787e00000, 0x0000000787c00000| Complete 
|1087|0x0000000787e00000, 0x0000000788000000, 0x0000000788000000|100%|HC|  |TAMS 0x0000000788000000, 0x0000000787e00000| Complete 
|1088|0x0000000788000000, 0x0000000788200000, 0x0000000788200000|100%|HC|  |TAMS 0x0000000788200000, 0x0000000788000000| Complete 
|1089|0x0000000788200000, 0x0000000788400000, 0x0000000788400000|100%|HC|  |TAMS 0x0000000788400000, 0x0000000788200000| Complete 
|1090|0x0000000788400000, 0x0000000788600000, 0x0000000788600000|100%|HC|  |TAMS 0x0000000788600000, 0x0000000788400000| Complete 
|1091|0x0000000788600000, 0x0000000788800000, 0x0000000788800000|100%|HC|  |TAMS 0x0000000788800000, 0x0000000788600000| Complete 
|1092|0x0000000788800000, 0x0000000788a00000, 0x0000000788a00000|100%|HC|  |TAMS 0x0000000788a00000, 0x0000000788800000| Complete 
|1093|0x0000000788a00000, 0x0000000788c00000, 0x0000000788c00000|100%|HC|  |TAMS 0x0000000788c00000, 0x0000000788a00000| Complete 
|1094|0x0000000788c00000, 0x0000000788e00000, 0x0000000788e00000|100%|HC|  |TAMS 0x0000000788e00000, 0x0000000788c00000| Complete 
|1095|0x0000000788e00000, 0x0000000789000000, 0x0000000789000000|100%|HC|  |TAMS 0x0000000789000000, 0x0000000788e00000| Complete 
|1096|0x0000000789000000, 0x0000000789200000, 0x0000000789200000|100%|HC|  |TAMS 0x0000000789200000, 0x0000000789000000| Complete 
|1097|0x0000000789200000, 0x0000000789400000, 0x0000000789400000|100%|HC|  |TAMS 0x0000000789400000, 0x0000000789200000| Complete 
|1098|0x0000000789400000, 0x0000000789600000, 0x0000000789600000|100%|HC|  |TAMS 0x0000000789600000, 0x0000000789400000| Complete 
|1099|0x0000000789600000, 0x0000000789800000, 0x0000000789800000|100%|HC|  |TAMS 0x0000000789800000, 0x0000000789600000| Complete 
|1100|0x0000000789800000, 0x0000000789a00000, 0x0000000789a00000|100%|HC|  |TAMS 0x0000000789a00000, 0x0000000789800000| Complete 
|1101|0x0000000789a00000, 0x0000000789c00000, 0x0000000789c00000|100%|HC|  |TAMS 0x0000000789c00000, 0x0000000789a00000| Complete 
|1102|0x0000000789c00000, 0x0000000789e00000, 0x0000000789e00000|100%|HC|  |TAMS 0x0000000789e00000, 0x0000000789c00000| Complete 
|1103|0x0000000789e00000, 0x000000078a000000, 0x000000078a000000|100%|HC|  |TAMS 0x000000078a000000, 0x0000000789e00000| Complete 
|1104|0x000000078a000000, 0x000000078a200000, 0x000000078a200000|100%|HC|  |TAMS 0x000000078a200000, 0x000000078a000000| Complete 
|1105|0x000000078a200000, 0x000000078a400000, 0x000000078a400000|100%|HC|  |TAMS 0x000000078a400000, 0x000000078a200000| Complete 
|1106|0x000000078a400000, 0x000000078a600000, 0x000000078a600000|100%|HC|  |TAMS 0x000000078a600000, 0x000000078a400000| Complete 
|1107|0x000000078a600000, 0x000000078a800000, 0x000000078a800000|100%|HC|  |TAMS 0x000000078a800000, 0x000000078a600000| Complete 
|1108|0x000000078a800000, 0x000000078aa00000, 0x000000078aa00000|100%|HC|  |TAMS 0x000000078aa00000, 0x000000078a800000| Complete 
|1109|0x000000078aa00000, 0x000000078ac00000, 0x000000078ac00000|100%|HC|  |TAMS 0x000000078ac00000, 0x000000078aa00000| Complete 
|1110|0x000000078ac00000, 0x000000078ae00000, 0x000000078ae00000|100%|HC|  |TAMS 0x000000078ae00000, 0x000000078ac00000| Complete 
|1111|0x000000078ae00000, 0x000000078b000000, 0x000000078b000000|100%|HC|  |TAMS 0x000000078b000000, 0x000000078ae00000| Complete 
|1112|0x000000078b000000, 0x000000078b200000, 0x000000078b200000|100%|HC|  |TAMS 0x000000078b200000, 0x000000078b000000| Complete 
|1113|0x000000078b200000, 0x000000078b400000, 0x000000078b400000|100%|HC|  |TAMS 0x000000078b400000, 0x000000078b200000| Complete 
|1114|0x000000078b400000, 0x000000078b600000, 0x000000078b600000|100%|HC|  |TAMS 0x000000078b600000, 0x000000078b400000| Complete 
|1115|0x000000078b600000, 0x000000078b800000, 0x000000078b800000|100%|HC|  |TAMS 0x000000078b800000, 0x000000078b600000| Complete 
|1116|0x000000078b800000, 0x000000078ba00000, 0x000000078ba00000|100%|HC|  |TAMS 0x000000078ba00000, 0x000000078b800000| Complete 
|1117|0x000000078ba00000, 0x000000078bc00000, 0x000000078bc00000|100%|HC|  |TAMS 0x000000078bc00000, 0x000000078ba00000| Complete 
|1118|0x000000078bc00000, 0x000000078be00000, 0x000000078be00000|100%|HC|  |TAMS 0x000000078be00000, 0x000000078bc00000| Complete 
|1119|0x000000078be00000, 0x000000078c000000, 0x000000078c000000|100%|HC|  |TAMS 0x000000078c000000, 0x000000078be00000| Complete 
|1120|0x000000078c000000, 0x000000078c200000, 0x000000078c200000|100%|HC|  |TAMS 0x000000078c200000, 0x000000078c000000| Complete 
|1121|0x000000078c200000, 0x000000078c400000, 0x000000078c400000|100%|HC|  |TAMS 0x000000078c400000, 0x000000078c200000| Complete 
|1122|0x000000078c400000, 0x000000078c600000, 0x000000078c600000|100%|HC|  |TAMS 0x000000078c600000, 0x000000078c400000| Complete 
|1123|0x000000078c600000, 0x000000078c800000, 0x000000078c800000|100%|HC|  |TAMS 0x000000078c800000, 0x000000078c600000| Complete 
|1124|0x000000078c800000, 0x000000078ca00000, 0x000000078ca00000|100%|HC|  |TAMS 0x000000078ca00000, 0x000000078c800000| Complete 
|1125|0x000000078ca00000, 0x000000078cc00000, 0x000000078cc00000|100%|HC|  |TAMS 0x000000078cc00000, 0x000000078ca00000| Complete 
|1126|0x000000078cc00000, 0x000000078ce00000, 0x000000078ce00000|100%|HC|  |TAMS 0x000000078ce00000, 0x000000078cc00000| Complete 
|1127|0x000000078ce00000, 0x000000078d000000, 0x000000078d000000|100%|HC|  |TAMS 0x000000078d000000, 0x000000078ce00000| Complete 
|1128|0x000000078d000000, 0x000000078d200000, 0x000000078d200000|100%|HC|  |TAMS 0x000000078d200000, 0x000000078d000000| Complete 
|1129|0x000000078d200000, 0x000000078d400000, 0x000000078d400000|100%|HC|  |TAMS 0x000000078d400000, 0x000000078d200000| Complete 
|1130|0x000000078d400000, 0x000000078d600000, 0x000000078d600000|100%|HC|  |TAMS 0x000000078d600000, 0x000000078d400000| Complete 
|1131|0x000000078d600000, 0x000000078d800000, 0x000000078d800000|100%|HC|  |TAMS 0x000000078d800000, 0x000000078d600000| Complete 
|1132|0x000000078d800000, 0x000000078da00000, 0x000000078da00000|100%|HC|  |TAMS 0x000000078da00000, 0x000000078d800000| Complete 
|1133|0x000000078da00000, 0x000000078dc00000, 0x000000078dc00000|100%|HC|  |TAMS 0x000000078dc00000, 0x000000078da00000| Complete 
|1134|0x000000078dc00000, 0x000000078de00000, 0x000000078de00000|100%|HC|  |TAMS 0x000000078de00000, 0x000000078dc00000| Complete 
|1135|0x000000078de00000, 0x000000078e000000, 0x000000078e000000|100%|HC|  |TAMS 0x000000078e000000, 0x000000078de00000| Complete 
|1136|0x000000078e000000, 0x000000078e200000, 0x000000078e200000|100%|HC|  |TAMS 0x000000078e200000, 0x000000078e000000| Complete 
|1137|0x000000078e200000, 0x000000078e400000, 0x000000078e400000|100%|HC|  |TAMS 0x000000078e400000, 0x000000078e200000| Complete 
|1138|0x000000078e400000, 0x000000078e600000, 0x000000078e600000|100%|HC|  |TAMS 0x000000078e600000, 0x000000078e400000| Complete 
|1139|0x000000078e600000, 0x000000078e800000, 0x000000078e800000|100%|HC|  |TAMS 0x000000078e800000, 0x000000078e600000| Complete 
|1140|0x000000078e800000, 0x000000078ea00000, 0x000000078ea00000|100%|HC|  |TAMS 0x000000078ea00000, 0x000000078e800000| Complete 
|1141|0x000000078ea00000, 0x000000078ec00000, 0x000000078ec00000|100%|HC|  |TAMS 0x000000078ec00000, 0x000000078ea00000| Complete 
|1142|0x000000078ec00000, 0x000000078ee00000, 0x000000078ee00000|100%|HC|  |TAMS 0x000000078ee00000, 0x000000078ec00000| Complete 
|1143|0x000000078ee00000, 0x000000078f000000, 0x000000078f000000|100%|HC|  |TAMS 0x000000078f000000, 0x000000078ee00000| Complete 
|1144|0x000000078f000000, 0x000000078f200000, 0x000000078f200000|100%|HC|  |TAMS 0x000000078f200000, 0x000000078f000000| Complete 
|1145|0x000000078f200000, 0x000000078f400000, 0x000000078f400000|100%|HC|  |TAMS 0x000000078f400000, 0x000000078f200000| Complete 
|1146|0x000000078f400000, 0x000000078f600000, 0x000000078f600000|100%|HC|  |TAMS 0x000000078f600000, 0x000000078f400000| Complete 
|1147|0x000000078f600000, 0x000000078f800000, 0x000000078f800000|100%|HC|  |TAMS 0x000000078f800000, 0x000000078f600000| Complete 
|1148|0x000000078f800000, 0x000000078fa00000, 0x000000078fa00000|100%|HC|  |TAMS 0x000000078fa00000, 0x000000078f800000| Complete 
|1149|0x000000078fa00000, 0x000000078fc00000, 0x000000078fc00000|100%|HC|  |TAMS 0x000000078fc00000, 0x000000078fa00000| Complete 
|1150|0x000000078fc00000, 0x000000078fe00000, 0x000000078fe00000|100%|HC|  |TAMS 0x000000078fe00000, 0x000000078fc00000| Complete 
|1151|0x000000078fe00000, 0x0000000790000000, 0x0000000790000000|100%|HC|  |TAMS 0x0000000790000000, 0x000000078fe00000| Complete 
|1152|0x0000000790000000, 0x0000000790200000, 0x0000000790200000|100%|HC|  |TAMS 0x0000000790200000, 0x0000000790000000| Complete 
|1153|0x0000000790200000, 0x0000000790400000, 0x0000000790400000|100%|HC|  |TAMS 0x0000000790400000, 0x0000000790200000| Complete 
|1154|0x0000000790400000, 0x0000000790600000, 0x0000000790600000|100%|HC|  |TAMS 0x0000000790600000, 0x0000000790400000| Complete 
|1155|0x0000000790600000, 0x0000000790800000, 0x0000000790800000|100%|HC|  |TAMS 0x0000000790800000, 0x0000000790600000| Complete 
|1156|0x0000000790800000, 0x0000000790a00000, 0x0000000790a00000|100%|HC|  |TAMS 0x0000000790a00000, 0x0000000790800000| Complete 
|1157|0x0000000790a00000, 0x0000000790c00000, 0x0000000790c00000|100%|HC|  |TAMS 0x0000000790c00000, 0x0000000790a00000| Complete 
|1158|0x0000000790c00000, 0x0000000790e00000, 0x0000000790e00000|100%|HC|  |TAMS 0x0000000790e00000, 0x0000000790c00000| Complete 
|1159|0x0000000790e00000, 0x0000000791000000, 0x0000000791000000|100%|HC|  |TAMS 0x0000000791000000, 0x0000000790e00000| Complete 
|1160|0x0000000791000000, 0x0000000791200000, 0x0000000791200000|100%|HC|  |TAMS 0x0000000791200000, 0x0000000791000000| Complete 
|1161|0x0000000791200000, 0x0000000791400000, 0x0000000791400000|100%|HC|  |TAMS 0x0000000791400000, 0x0000000791200000| Complete 
|1162|0x0000000791400000, 0x0000000791600000, 0x0000000791600000|100%|HC|  |TAMS 0x0000000791600000, 0x0000000791400000| Complete 
|1163|0x0000000791600000, 0x0000000791800000, 0x0000000791800000|100%|HC|  |TAMS 0x0000000791800000, 0x0000000791600000| Complete 
|1164|0x0000000791800000, 0x0000000791a00000, 0x0000000791a00000|100%|HC|  |TAMS 0x0000000791a00000, 0x0000000791800000| Complete 
|1165|0x0000000791a00000, 0x0000000791c00000, 0x0000000791c00000|100%|HC|  |TAMS 0x0000000791c00000, 0x0000000791a00000| Complete 
|1166|0x0000000791c00000, 0x0000000791e00000, 0x0000000791e00000|100%|HC|  |TAMS 0x0000000791e00000, 0x0000000791c00000| Complete 
|1167|0x0000000791e00000, 0x0000000792000000, 0x0000000792000000|100%|HC|  |TAMS 0x0000000792000000, 0x0000000791e00000| Complete 
|1168|0x0000000792000000, 0x0000000792200000, 0x0000000792200000|100%|HC|  |TAMS 0x0000000792200000, 0x0000000792000000| Complete 
|1169|0x0000000792200000, 0x0000000792400000, 0x0000000792400000|100%|HC|  |TAMS 0x0000000792400000, 0x0000000792200000| Complete 
|1170|0x0000000792400000, 0x0000000792600000, 0x0000000792600000|100%|HC|  |TAMS 0x0000000792600000, 0x0000000792400000| Complete 
|1171|0x0000000792600000, 0x0000000792800000, 0x0000000792800000|100%|HC|  |TAMS 0x0000000792800000, 0x0000000792600000| Complete 
|1172|0x0000000792800000, 0x0000000792a00000, 0x0000000792a00000|100%|HC|  |TAMS 0x0000000792a00000, 0x0000000792800000| Complete 
|1173|0x0000000792a00000, 0x0000000792c00000, 0x0000000792c00000|100%|HC|  |TAMS 0x0000000792c00000, 0x0000000792a00000| Complete 
|1174|0x0000000792c00000, 0x0000000792e00000, 0x0000000792e00000|100%|HC|  |TAMS 0x0000000792e00000, 0x0000000792c00000| Complete 
|1175|0x0000000792e00000, 0x0000000793000000, 0x0000000793000000|100%|HC|  |TAMS 0x0000000793000000, 0x0000000792e00000| Complete 
|1176|0x0000000793000000, 0x0000000793200000, 0x0000000793200000|100%|HC|  |TAMS 0x0000000793200000, 0x0000000793000000| Complete 
|1177|0x0000000793200000, 0x0000000793400000, 0x0000000793400000|100%|HC|  |TAMS 0x0000000793400000, 0x0000000793200000| Complete 
|1178|0x0000000793400000, 0x0000000793600000, 0x0000000793600000|100%|HC|  |TAMS 0x0000000793600000, 0x0000000793400000| Complete 
|1179|0x0000000793600000, 0x0000000793800000, 0x0000000793800000|100%|HC|  |TAMS 0x0000000793800000, 0x0000000793600000| Complete 
|1180|0x0000000793800000, 0x0000000793a00000, 0x0000000793a00000|100%|HC|  |TAMS 0x0000000793a00000, 0x0000000793800000| Complete 
|1181|0x0000000793a00000, 0x0000000793c00000, 0x0000000793c00000|100%|HC|  |TAMS 0x0000000793c00000, 0x0000000793a00000| Complete 
|1182|0x0000000793c00000, 0x0000000793e00000, 0x0000000793e00000|100%|HC|  |TAMS 0x0000000793e00000, 0x0000000793c00000| Complete 
|1183|0x0000000793e00000, 0x0000000794000000, 0x0000000794000000|100%|HS|  |TAMS 0x0000000794000000, 0x0000000793e00000| Complete 
|1184|0x0000000794000000, 0x0000000794200000, 0x0000000794200000|100%|HC|  |TAMS 0x0000000794200000, 0x0000000794000000| Complete 
|1185|0x0000000794200000, 0x0000000794400000, 0x0000000794400000|100%|HC|  |TAMS 0x0000000794400000, 0x0000000794200000| Complete 
|1186|0x0000000794400000, 0x0000000794600000, 0x0000000794600000|100%|HC|  |TAMS 0x0000000794600000, 0x0000000794400000| Complete 
|1187|0x0000000794600000, 0x0000000794800000, 0x0000000794800000|100%|HC|  |TAMS 0x0000000794800000, 0x0000000794600000| Complete 
|1188|0x0000000794800000, 0x0000000794a00000, 0x0000000794a00000|100%|HC|  |TAMS 0x0000000794a00000, 0x0000000794800000| Complete 
|1189|0x0000000794a00000, 0x0000000794c00000, 0x0000000794c00000|100%|HC|  |TAMS 0x0000000794c00000, 0x0000000794a00000| Complete 
|1190|0x0000000794c00000, 0x0000000794e00000, 0x0000000794e00000|100%|HC|  |TAMS 0x0000000794e00000, 0x0000000794c00000| Complete 
|1191|0x0000000794e00000, 0x0000000795000000, 0x0000000795000000|100%|HC|  |TAMS 0x0000000795000000, 0x0000000794e00000| Complete 
|1192|0x0000000795000000, 0x0000000795200000, 0x0000000795200000|100%|HC|  |TAMS 0x0000000795200000, 0x0000000795000000| Complete 
|1193|0x0000000795200000, 0x0000000795400000, 0x0000000795400000|100%|HC|  |TAMS 0x0000000795400000, 0x0000000795200000| Complete 
|1194|0x0000000795400000, 0x0000000795600000, 0x0000000795600000|100%|HC|  |TAMS 0x0000000795600000, 0x0000000795400000| Complete 
|1195|0x0000000795600000, 0x0000000795800000, 0x0000000795800000|100%|HC|  |TAMS 0x0000000795800000, 0x0000000795600000| Complete 
|1196|0x0000000795800000, 0x0000000795a00000, 0x0000000795a00000|100%|HC|  |TAMS 0x0000000795a00000, 0x0000000795800000| Complete 
|1197|0x0000000795a00000, 0x0000000795c00000, 0x0000000795c00000|100%|HC|  |TAMS 0x0000000795c00000, 0x0000000795a00000| Complete 
|1198|0x0000000795c00000, 0x0000000795e00000, 0x0000000795e00000|100%|HC|  |TAMS 0x0000000795e00000, 0x0000000795c00000| Complete 
|1199|0x0000000795e00000, 0x0000000796000000, 0x0000000796000000|100%|HC|  |TAMS 0x0000000796000000, 0x0000000795e00000| Complete 
|1200|0x0000000796000000, 0x0000000796200000, 0x0000000796200000|100%|HC|  |TAMS 0x0000000796200000, 0x0000000796000000| Complete 
|1201|0x0000000796200000, 0x0000000796400000, 0x0000000796400000|100%|HC|  |TAMS 0x0000000796400000, 0x0000000796200000| Complete 
|1202|0x0000000796400000, 0x0000000796600000, 0x0000000796600000|100%|HC|  |TAMS 0x0000000796600000, 0x0000000796400000| Complete 
|1203|0x0000000796600000, 0x0000000796800000, 0x0000000796800000|100%|HC|  |TAMS 0x0000000796800000, 0x0000000796600000| Complete 
|1204|0x0000000796800000, 0x0000000796a00000, 0x0000000796a00000|100%|HC|  |TAMS 0x0000000796a00000, 0x0000000796800000| Complete 
|1205|0x0000000796a00000, 0x0000000796c00000, 0x0000000796c00000|100%|HC|  |TAMS 0x0000000796c00000, 0x0000000796a00000| Complete 
|1206|0x0000000796c00000, 0x0000000796e00000, 0x0000000796e00000|100%|HC|  |TAMS 0x0000000796e00000, 0x0000000796c00000| Complete 
|1207|0x0000000796e00000, 0x0000000797000000, 0x0000000797000000|100%|HC|  |TAMS 0x0000000797000000, 0x0000000796e00000| Complete 
|1208|0x0000000797000000, 0x0000000797200000, 0x0000000797200000|100%|HC|  |TAMS 0x0000000797200000, 0x0000000797000000| Complete 
|1209|0x0000000797200000, 0x0000000797400000, 0x0000000797400000|100%|HC|  |TAMS 0x0000000797400000, 0x0000000797200000| Complete 
|1210|0x0000000797400000, 0x0000000797600000, 0x0000000797600000|100%|HC|  |TAMS 0x0000000797600000, 0x0000000797400000| Complete 
|1211|0x0000000797600000, 0x0000000797800000, 0x0000000797800000|100%|HC|  |TAMS 0x0000000797800000, 0x0000000797600000| Complete 
|1212|0x0000000797800000, 0x0000000797a00000, 0x0000000797a00000|100%|HC|  |TAMS 0x0000000797a00000, 0x0000000797800000| Complete 
|1213|0x0000000797a00000, 0x0000000797c00000, 0x0000000797c00000|100%|HC|  |TAMS 0x0000000797c00000, 0x0000000797a00000| Complete 
|1214|0x0000000797c00000, 0x0000000797e00000, 0x0000000797e00000|100%|HC|  |TAMS 0x0000000797e00000, 0x0000000797c00000| Complete 
|1215|0x0000000797e00000, 0x0000000798000000, 0x0000000798000000|100%|HC|  |TAMS 0x0000000798000000, 0x0000000797e00000| Complete 
|1216|0x0000000798000000, 0x0000000798200000, 0x0000000798200000|100%|HC|  |TAMS 0x0000000798200000, 0x0000000798000000| Complete 
|1217|0x0000000798200000, 0x0000000798400000, 0x0000000798400000|100%|HC|  |TAMS 0x0000000798400000, 0x0000000798200000| Complete 
|1218|0x0000000798400000, 0x0000000798600000, 0x0000000798600000|100%|HC|  |TAMS 0x0000000798600000, 0x0000000798400000| Complete 
|1219|0x0000000798600000, 0x0000000798800000, 0x0000000798800000|100%|HC|  |TAMS 0x0000000798800000, 0x0000000798600000| Complete 
|1220|0x0000000798800000, 0x0000000798a00000, 0x0000000798a00000|100%|HC|  |TAMS 0x0000000798a00000, 0x0000000798800000| Complete 
|1221|0x0000000798a00000, 0x0000000798c00000, 0x0000000798c00000|100%|HC|  |TAMS 0x0000000798c00000, 0x0000000798a00000| Complete 
|1222|0x0000000798c00000, 0x0000000798e00000, 0x0000000798e00000|100%|HC|  |TAMS 0x0000000798e00000, 0x0000000798c00000| Complete 
|1223|0x0000000798e00000, 0x0000000799000000, 0x0000000799000000|100%|HC|  |TAMS 0x0000000799000000, 0x0000000798e00000| Complete 
|1224|0x0000000799000000, 0x0000000799200000, 0x0000000799200000|100%|HC|  |TAMS 0x0000000799200000, 0x0000000799000000| Complete 
|1225|0x0000000799200000, 0x0000000799400000, 0x0000000799400000|100%|HC|  |TAMS 0x0000000799400000, 0x0000000799200000| Complete 
|1226|0x0000000799400000, 0x0000000799600000, 0x0000000799600000|100%|HC|  |TAMS 0x0000000799600000, 0x0000000799400000| Complete 
|1227|0x0000000799600000, 0x0000000799800000, 0x0000000799800000|100%|HC|  |TAMS 0x0000000799800000, 0x0000000799600000| Complete 
|1228|0x0000000799800000, 0x0000000799a00000, 0x0000000799a00000|100%|HC|  |TAMS 0x0000000799a00000, 0x0000000799800000| Complete 
|1229|0x0000000799a00000, 0x0000000799c00000, 0x0000000799c00000|100%|HC|  |TAMS 0x0000000799c00000, 0x0000000799a00000| Complete 
|1230|0x0000000799c00000, 0x0000000799e00000, 0x0000000799e00000|100%|HC|  |TAMS 0x0000000799e00000, 0x0000000799c00000| Complete 
|1231|0x0000000799e00000, 0x000000079a000000, 0x000000079a000000|100%|HC|  |TAMS 0x000000079a000000, 0x0000000799e00000| Complete 
|1232|0x000000079a000000, 0x000000079a200000, 0x000000079a200000|100%|HC|  |TAMS 0x000000079a200000, 0x000000079a000000| Complete 
|1233|0x000000079a200000, 0x000000079a400000, 0x000000079a400000|100%|HC|  |TAMS 0x000000079a400000, 0x000000079a200000| Complete 
|1234|0x000000079a400000, 0x000000079a600000, 0x000000079a600000|100%|HC|  |TAMS 0x000000079a600000, 0x000000079a400000| Complete 
|1235|0x000000079a600000, 0x000000079a800000, 0x000000079a800000|100%|HC|  |TAMS 0x000000079a800000, 0x000000079a600000| Complete 
|1236|0x000000079a800000, 0x000000079aa00000, 0x000000079aa00000|100%|HC|  |TAMS 0x000000079aa00000, 0x000000079a800000| Complete 
|1237|0x000000079aa00000, 0x000000079ac00000, 0x000000079ac00000|100%|HC|  |TAMS 0x000000079ac00000, 0x000000079aa00000| Complete 
|1238|0x000000079ac00000, 0x000000079ae00000, 0x000000079ae00000|100%|HC|  |TAMS 0x000000079ae00000, 0x000000079ac00000| Complete 
|1239|0x000000079ae00000, 0x000000079b000000, 0x000000079b000000|100%|HC|  |TAMS 0x000000079b000000, 0x000000079ae00000| Complete 
|1240|0x000000079b000000, 0x000000079b200000, 0x000000079b200000|100%|HC|  |TAMS 0x000000079b200000, 0x000000079b000000| Complete 
|1241|0x000000079b200000, 0x000000079b400000, 0x000000079b400000|100%|HC|  |TAMS 0x000000079b400000, 0x000000079b200000| Complete 
|1242|0x000000079b400000, 0x000000079b600000, 0x000000079b600000|100%|HC|  |TAMS 0x000000079b600000, 0x000000079b400000| Complete 
|1243|0x000000079b600000, 0x000000079b800000, 0x000000079b800000|100%|HC|  |TAMS 0x000000079b800000, 0x000000079b600000| Complete 
|1244|0x000000079b800000, 0x000000079ba00000, 0x000000079ba00000|100%|HC|  |TAMS 0x000000079ba00000, 0x000000079b800000| Complete 
|1245|0x000000079ba00000, 0x000000079bc00000, 0x000000079bc00000|100%|HC|  |TAMS 0x000000079bc00000, 0x000000079ba00000| Complete 
|1246|0x000000079bc00000, 0x000000079be00000, 0x000000079be00000|100%|HC|  |TAMS 0x000000079be00000, 0x000000079bc00000| Complete 
|1247|0x000000079be00000, 0x000000079c000000, 0x000000079c000000|100%|HC|  |TAMS 0x000000079c000000, 0x000000079be00000| Complete 
|1248|0x000000079c000000, 0x000000079c200000, 0x000000079c200000|100%|HC|  |TAMS 0x000000079c200000, 0x000000079c000000| Complete 
|1249|0x000000079c200000, 0x000000079c400000, 0x000000079c400000|100%|HC|  |TAMS 0x000000079c400000, 0x000000079c200000| Complete 
|1250|0x000000079c400000, 0x000000079c600000, 0x000000079c600000|100%|HC|  |TAMS 0x000000079c600000, 0x000000079c400000| Complete 
|1251|0x000000079c600000, 0x000000079c800000, 0x000000079c800000|100%|HC|  |TAMS 0x000000079c800000, 0x000000079c600000| Complete 
|1252|0x000000079c800000, 0x000000079ca00000, 0x000000079ca00000|100%|HC|  |TAMS 0x000000079ca00000, 0x000000079c800000| Complete 
|1253|0x000000079ca00000, 0x000000079cc00000, 0x000000079cc00000|100%|HC|  |TAMS 0x000000079cc00000, 0x000000079ca00000| Complete 
|1254|0x000000079cc00000, 0x000000079ce00000, 0x000000079ce00000|100%|HC|  |TAMS 0x000000079ce00000, 0x000000079cc00000| Complete 
|1255|0x000000079ce00000, 0x000000079d000000, 0x000000079d000000|100%|HC|  |TAMS 0x000000079d000000, 0x000000079ce00000| Complete 
|1256|0x000000079d000000, 0x000000079d200000, 0x000000079d200000|100%|HC|  |TAMS 0x000000079d200000, 0x000000079d000000| Complete 
|1257|0x000000079d200000, 0x000000079d400000, 0x000000079d400000|100%|HC|  |TAMS 0x000000079d400000, 0x000000079d200000| Complete 
|1258|0x000000079d400000, 0x000000079d600000, 0x000000079d600000|100%|HC|  |TAMS 0x000000079d600000, 0x000000079d400000| Complete 
|1259|0x000000079d600000, 0x000000079d800000, 0x000000079d800000|100%|HC|  |TAMS 0x000000079d800000, 0x000000079d600000| Complete 
|1260|0x000000079d800000, 0x000000079da00000, 0x000000079da00000|100%|HC|  |TAMS 0x000000079da00000, 0x000000079d800000| Complete 
|1261|0x000000079da00000, 0x000000079dc00000, 0x000000079dc00000|100%|HC|  |TAMS 0x000000079dc00000, 0x000000079da00000| Complete 
|1262|0x000000079dc00000, 0x000000079de00000, 0x000000079de00000|100%|HC|  |TAMS 0x000000079de00000, 0x000000079dc00000| Complete 
|1263|0x000000079de00000, 0x000000079e000000, 0x000000079e000000|100%|HC|  |TAMS 0x000000079e000000, 0x000000079de00000| Complete 
|1264|0x000000079e000000, 0x000000079e200000, 0x000000079e200000|100%|HC|  |TAMS 0x000000079e200000, 0x000000079e000000| Complete 
|1265|0x000000079e200000, 0x000000079e400000, 0x000000079e400000|100%|HC|  |TAMS 0x000000079e400000, 0x000000079e200000| Complete 
|1266|0x000000079e400000, 0x000000079e600000, 0x000000079e600000|100%|HC|  |TAMS 0x000000079e600000, 0x000000079e400000| Complete 
|1267|0x000000079e600000, 0x000000079e800000, 0x000000079e800000|100%|HC|  |TAMS 0x000000079e800000, 0x000000079e600000| Complete 
|1268|0x000000079e800000, 0x000000079ea00000, 0x000000079ea00000|100%|HC|  |TAMS 0x000000079ea00000, 0x000000079e800000| Complete 
|1269|0x000000079ea00000, 0x000000079ec00000, 0x000000079ec00000|100%|HC|  |TAMS 0x000000079ec00000, 0x000000079ea00000| Complete 
|1270|0x000000079ec00000, 0x000000079ee00000, 0x000000079ee00000|100%|HC|  |TAMS 0x000000079ee00000, 0x000000079ec00000| Complete 
|1271|0x000000079ee00000, 0x000000079f000000, 0x000000079f000000|100%|HC|  |TAMS 0x000000079f000000, 0x000000079ee00000| Complete 
|1272|0x000000079f000000, 0x000000079f200000, 0x000000079f200000|100%|HC|  |TAMS 0x000000079f200000, 0x000000079f000000| Complete 
|1273|0x000000079f200000, 0x000000079f400000, 0x000000079f400000|100%|HC|  |TAMS 0x000000079f400000, 0x000000079f200000| Complete 
|1274|0x000000079f400000, 0x000000079f600000, 0x000000079f600000|100%|HC|  |TAMS 0x000000079f600000, 0x000000079f400000| Complete 
|1275|0x000000079f600000, 0x000000079f800000, 0x000000079f800000|100%|HC|  |TAMS 0x000000079f800000, 0x000000079f600000| Complete 
|1276|0x000000079f800000, 0x000000079fa00000, 0x000000079fa00000|100%|HC|  |TAMS 0x000000079fa00000, 0x000000079f800000| Complete 
|1277|0x000000079fa00000, 0x000000079fc00000, 0x000000079fc00000|100%|HC|  |TAMS 0x000000079fc00000, 0x000000079fa00000| Complete 
|1278|0x000000079fc00000, 0x000000079fe00000, 0x000000079fe00000|100%|HC|  |TAMS 0x000000079fe00000, 0x000000079fc00000| Complete 
|1279|0x000000079fe00000, 0x00000007a0000000, 0x00000007a0000000|100%|HC|  |TAMS 0x00000007a0000000, 0x000000079fe00000| Complete 
|1280|0x00000007a0000000, 0x00000007a0200000, 0x00000007a0200000|100%|HC|  |TAMS 0x00000007a0200000, 0x00000007a0000000| Complete 
|1281|0x00000007a0200000, 0x00000007a0400000, 0x00000007a0400000|100%|HC|  |TAMS 0x00000007a0400000, 0x00000007a0200000| Complete 
|1282|0x00000007a0400000, 0x00000007a0600000, 0x00000007a0600000|100%|HC|  |TAMS 0x00000007a0600000, 0x00000007a0400000| Complete 
|1283|0x00000007a0600000, 0x00000007a0800000, 0x00000007a0800000|100%|HC|  |TAMS 0x00000007a0800000, 0x00000007a0600000| Complete 
|1284|0x00000007a0800000, 0x00000007a0a00000, 0x00000007a0a00000|100%|HC|  |TAMS 0x00000007a0a00000, 0x00000007a0800000| Complete 
|1285|0x00000007a0a00000, 0x00000007a0c00000, 0x00000007a0c00000|100%|HC|  |TAMS 0x00000007a0c00000, 0x00000007a0a00000| Complete 
|1286|0x00000007a0c00000, 0x00000007a0e00000, 0x00000007a0e00000|100%|HC|  |TAMS 0x00000007a0e00000, 0x00000007a0c00000| Complete 
|1287|0x00000007a0e00000, 0x00000007a1000000, 0x00000007a1000000|100%|HC|  |TAMS 0x00000007a1000000, 0x00000007a0e00000| Complete 
|1288|0x00000007a1000000, 0x00000007a1200000, 0x00000007a1200000|100%|HC|  |TAMS 0x00000007a1200000, 0x00000007a1000000| Complete 
|1289|0x00000007a1200000, 0x00000007a1400000, 0x00000007a1400000|100%|HC|  |TAMS 0x00000007a1400000, 0x00000007a1200000| Complete 
|1290|0x00000007a1400000, 0x00000007a1400000, 0x00000007a1600000|  0%| F|  |TAMS 0x00000007a1400000, 0x00000007a1400000| Untracked 
|1291|0x00000007a1600000, 0x00000007a1600000, 0x00000007a1800000|  0%| F|  |TAMS 0x00000007a1600000, 0x00000007a1600000| Untracked 
|1292|0x00000007a1800000, 0x00000007a1800000, 0x00000007a1a00000|  0%| F|  |TAMS 0x00000007a1800000, 0x00000007a1800000| Untracked 
|1293|0x00000007a1a00000, 0x00000007a1a00000, 0x00000007a1c00000|  0%| F|  |TAMS 0x00000007a1a00000, 0x00000007a1a00000| Untracked 
|1294|0x00000007a1c00000, 0x00000007a1c00000, 0x00000007a1e00000|  0%| F|  |TAMS 0x00000007a1c00000, 0x00000007a1c00000| Untracked 
|1295|0x00000007a1e00000, 0x00000007a1e00000, 0x00000007a2000000|  0%| F|  |TAMS 0x00000007a1e00000, 0x00000007a1e00000| Untracked 
|1296|0x00000007a2000000, 0x00000007a2000000, 0x00000007a2200000|  0%| F|  |TAMS 0x00000007a2000000, 0x00000007a2000000| Untracked 
|1297|0x00000007a2200000, 0x00000007a2200000, 0x00000007a2400000|  0%| F|  |TAMS 0x00000007a2200000, 0x00000007a2200000| Untracked 
|1298|0x00000007a2400000, 0x00000007a2400000, 0x00000007a2600000|  0%| F|  |TAMS 0x00000007a2400000, 0x00000007a2400000| Untracked 
|1299|0x00000007a2600000, 0x00000007a2600000, 0x00000007a2800000|  0%| F|  |TAMS 0x00000007a2600000, 0x00000007a2600000| Untracked 
|1300|0x00000007a2800000, 0x00000007a2800000, 0x00000007a2a00000|  0%| F|  |TAMS 0x00000007a2800000, 0x00000007a2800000| Untracked 
|1301|0x00000007a2a00000, 0x00000007a2a00000, 0x00000007a2c00000|  0%| F|  |TAMS 0x00000007a2a00000, 0x00000007a2a00000| Untracked 
|1302|0x00000007a2c00000, 0x00000007a2c00000, 0x00000007a2e00000|  0%| F|  |TAMS 0x00000007a2c00000, 0x00000007a2c00000| Untracked 
|1303|0x00000007a2e00000, 0x00000007a2e00000, 0x00000007a3000000|  0%| F|  |TAMS 0x00000007a2e00000, 0x00000007a2e00000| Untracked 
|1304|0x00000007a3000000, 0x00000007a3000000, 0x00000007a3200000|  0%| F|  |TAMS 0x00000007a3000000, 0x00000007a3000000| Untracked 
|1305|0x00000007a3200000, 0x00000007a3200000, 0x00000007a3400000|  0%| F|  |TAMS 0x00000007a3200000, 0x00000007a3200000| Untracked 
|1306|0x00000007a3400000, 0x00000007a3400000, 0x00000007a3600000|  0%| F|  |TAMS 0x00000007a3400000, 0x00000007a3400000| Untracked 
|1307|0x00000007a3600000, 0x00000007a3600000, 0x00000007a3800000|  0%| F|  |TAMS 0x00000007a3600000, 0x00000007a3600000| Untracked 
|1308|0x00000007a3800000, 0x00000007a3800000, 0x00000007a3a00000|  0%| F|  |TAMS 0x00000007a3800000, 0x00000007a3800000| Untracked 
|1309|0x00000007a3a00000, 0x00000007a3a00000, 0x00000007a3c00000|  0%| F|  |TAMS 0x00000007a3a00000, 0x00000007a3a00000| Untracked 
|1310|0x00000007a3c00000, 0x00000007a3c00000, 0x00000007a3e00000|  0%| F|  |TAMS 0x00000007a3c00000, 0x00000007a3c00000| Untracked 
|1311|0x00000007a3e00000, 0x00000007a3e00000, 0x00000007a4000000|  0%| F|  |TAMS 0x00000007a3e00000, 0x00000007a3e00000| Untracked 
|1312|0x00000007a4000000, 0x00000007a4000000, 0x00000007a4200000|  0%| F|  |TAMS 0x00000007a4000000, 0x00000007a4000000| Untracked 
|1313|0x00000007a4200000, 0x00000007a4200000, 0x00000007a4400000|  0%| F|  |TAMS 0x00000007a4200000, 0x00000007a4200000| Untracked 
|1314|0x00000007a4400000, 0x00000007a4400000, 0x00000007a4600000|  0%| F|  |TAMS 0x00000007a4400000, 0x00000007a4400000| Untracked 
|1315|0x00000007a4600000, 0x00000007a4600000, 0x00000007a4800000|  0%| F|  |TAMS 0x00000007a4600000, 0x00000007a4600000| Untracked 
|1316|0x00000007a4800000, 0x00000007a4800000, 0x00000007a4a00000|  0%| F|  |TAMS 0x00000007a4800000, 0x00000007a4800000| Untracked 
|1317|0x00000007a4a00000, 0x00000007a4a00000, 0x00000007a4c00000|  0%| F|  |TAMS 0x00000007a4a00000, 0x00000007a4a00000| Untracked 
|1318|0x00000007a4c00000, 0x00000007a4c00000, 0x00000007a4e00000|  0%| F|  |TAMS 0x00000007a4c00000, 0x00000007a4c00000| Untracked 
|1319|0x00000007a4e00000, 0x00000007a4e00000, 0x00000007a5000000|  0%| F|  |TAMS 0x00000007a4e00000, 0x00000007a4e00000| Untracked 
|1320|0x00000007a5000000, 0x00000007a5000000, 0x00000007a5200000|  0%| F|  |TAMS 0x00000007a5000000, 0x00000007a5000000| Untracked 
|1321|0x00000007a5200000, 0x00000007a5200000, 0x00000007a5400000|  0%| F|  |TAMS 0x00000007a5200000, 0x00000007a5200000| Untracked 
|1322|0x00000007a5400000, 0x00000007a5400000, 0x00000007a5600000|  0%| F|  |TAMS 0x00000007a5400000, 0x00000007a5400000| Untracked 
|1323|0x00000007a5600000, 0x00000007a5600000, 0x00000007a5800000|  0%| F|  |TAMS 0x00000007a5600000, 0x00000007a5600000| Untracked 
|1324|0x00000007a5800000, 0x00000007a5800000, 0x00000007a5a00000|  0%| F|  |TAMS 0x00000007a5800000, 0x00000007a5800000| Untracked 
|1325|0x00000007a5a00000, 0x00000007a5a00000, 0x00000007a5c00000|  0%| F|  |TAMS 0x00000007a5a00000, 0x00000007a5a00000| Untracked 
|1326|0x00000007a5c00000, 0x00000007a5c00000, 0x00000007a5e00000|  0%| F|  |TAMS 0x00000007a5c00000, 0x00000007a5c00000| Untracked 
|1327|0x00000007a5e00000, 0x00000007a5e00000, 0x00000007a6000000|  0%| F|  |TAMS 0x00000007a5e00000, 0x00000007a5e00000| Untracked 
|1328|0x00000007a6000000, 0x00000007a6000000, 0x00000007a6200000|  0%| F|  |TAMS 0x00000007a6000000, 0x00000007a6000000| Untracked 
|1329|0x00000007a6200000, 0x00000007a6200000, 0x00000007a6400000|  0%| F|  |TAMS 0x00000007a6200000, 0x00000007a6200000| Untracked 
|1330|0x00000007a6400000, 0x00000007a6400000, 0x00000007a6600000|  0%| F|  |TAMS 0x00000007a6400000, 0x00000007a6400000| Untracked 
|1331|0x00000007a6600000, 0x00000007a6600000, 0x00000007a6800000|  0%| F|  |TAMS 0x00000007a6600000, 0x00000007a6600000| Untracked 
|1332|0x00000007a6800000, 0x00000007a6800000, 0x00000007a6a00000|  0%| F|  |TAMS 0x00000007a6800000, 0x00000007a6800000| Untracked 
|1333|0x00000007a6a00000, 0x00000007a6a00000, 0x00000007a6c00000|  0%| F|  |TAMS 0x00000007a6a00000, 0x00000007a6a00000| Untracked 
|1334|0x00000007a6c00000, 0x00000007a6c00000, 0x00000007a6e00000|  0%| F|  |TAMS 0x00000007a6c00000, 0x00000007a6c00000| Untracked 
|1335|0x00000007a6e00000, 0x00000007a6e00000, 0x00000007a7000000|  0%| F|  |TAMS 0x00000007a6e00000, 0x00000007a6e00000| Untracked 
|1336|0x00000007a7000000, 0x00000007a7000000, 0x00000007a7200000|  0%| F|  |TAMS 0x00000007a7000000, 0x00000007a7000000| Untracked 
|1337|0x00000007a7200000, 0x00000007a7200000, 0x00000007a7400000|  0%| F|  |TAMS 0x00000007a7200000, 0x00000007a7200000| Untracked 
|1338|0x00000007a7400000, 0x00000007a7400000, 0x00000007a7600000|  0%| F|  |TAMS 0x00000007a7400000, 0x00000007a7400000| Untracked 
|1339|0x00000007a7600000, 0x00000007a7600000, 0x00000007a7800000|  0%| F|  |TAMS 0x00000007a7600000, 0x00000007a7600000| Untracked 
|1340|0x00000007a7800000, 0x00000007a7800000, 0x00000007a7a00000|  0%| F|  |TAMS 0x00000007a7800000, 0x00000007a7800000| Untracked 
|1341|0x00000007a7a00000, 0x00000007a7a00000, 0x00000007a7c00000|  0%| F|  |TAMS 0x00000007a7a00000, 0x00000007a7a00000| Untracked 
|1342|0x00000007a7c00000, 0x00000007a7c00000, 0x00000007a7e00000|  0%| F|  |TAMS 0x00000007a7c00000, 0x00000007a7c00000| Untracked 
|1343|0x00000007a7e00000, 0x00000007a7e00000, 0x00000007a8000000|  0%| F|  |TAMS 0x00000007a7e00000, 0x00000007a7e00000| Untracked 
|1344|0x00000007a8000000, 0x00000007a8000000, 0x00000007a8200000|  0%| F|  |TAMS 0x00000007a8000000, 0x00000007a8000000| Untracked 
|1345|0x00000007a8200000, 0x00000007a8200000, 0x00000007a8400000|  0%| F|  |TAMS 0x00000007a8200000, 0x00000007a8200000| Untracked 
|1346|0x00000007a8400000, 0x00000007a8400000, 0x00000007a8600000|  0%| F|  |TAMS 0x00000007a8400000, 0x00000007a8400000| Untracked 
|1347|0x00000007a8600000, 0x00000007a8600000, 0x00000007a8800000|  0%| F|  |TAMS 0x00000007a8600000, 0x00000007a8600000| Untracked 
|1348|0x00000007a8800000, 0x00000007a8800000, 0x00000007a8a00000|  0%| F|  |TAMS 0x00000007a8800000, 0x00000007a8800000| Untracked 
|1349|0x00000007a8a00000, 0x00000007a8a00000, 0x00000007a8c00000|  0%| F|  |TAMS 0x00000007a8a00000, 0x00000007a8a00000| Untracked 
|1350|0x00000007a8c00000, 0x00000007a8c00000, 0x00000007a8e00000|  0%| F|  |TAMS 0x00000007a8c00000, 0x00000007a8c00000| Untracked 
|1351|0x00000007a8e00000, 0x00000007a8e00000, 0x00000007a9000000|  0%| F|  |TAMS 0x00000007a8e00000, 0x00000007a8e00000| Untracked 
|1352|0x00000007a9000000, 0x00000007a9000000, 0x00000007a9200000|  0%| F|  |TAMS 0x00000007a9000000, 0x00000007a9000000| Untracked 
|1353|0x00000007a9200000, 0x00000007a9200000, 0x00000007a9400000|  0%| F|  |TAMS 0x00000007a9200000, 0x00000007a9200000| Untracked 
|1354|0x00000007a9400000, 0x00000007a9400000, 0x00000007a9600000|  0%| F|  |TAMS 0x00000007a9400000, 0x00000007a9400000| Untracked 
|1355|0x00000007a9600000, 0x00000007a9600000, 0x00000007a9800000|  0%| F|  |TAMS 0x00000007a9600000, 0x00000007a9600000| Untracked 
|1356|0x00000007a9800000, 0x00000007a9800000, 0x00000007a9a00000|  0%| F|  |TAMS 0x00000007a9800000, 0x00000007a9800000| Untracked 
|1357|0x00000007a9a00000, 0x00000007a9a00000, 0x00000007a9c00000|  0%| F|  |TAMS 0x00000007a9a00000, 0x00000007a9a00000| Untracked 
|1358|0x00000007a9c00000, 0x00000007a9c00000, 0x00000007a9e00000|  0%| F|  |TAMS 0x00000007a9c00000, 0x00000007a9c00000| Untracked 
|1359|0x00000007a9e00000, 0x00000007a9e00000, 0x00000007aa000000|  0%| F|  |TAMS 0x00000007a9e00000, 0x00000007a9e00000| Untracked 
|1360|0x00000007aa000000, 0x00000007aa000000, 0x00000007aa200000|  0%| F|  |TAMS 0x00000007aa000000, 0x00000007aa000000| Untracked 
|1361|0x00000007aa200000, 0x00000007aa200000, 0x00000007aa400000|  0%| F|  |TAMS 0x00000007aa200000, 0x00000007aa200000| Untracked 
|1362|0x00000007aa400000, 0x00000007aa400000, 0x00000007aa600000|  0%| F|  |TAMS 0x00000007aa400000, 0x00000007aa400000| Untracked 
|1363|0x00000007aa600000, 0x00000007aa600000, 0x00000007aa800000|  0%| F|  |TAMS 0x00000007aa600000, 0x00000007aa600000| Untracked 
|1364|0x00000007aa800000, 0x00000007aa800000, 0x00000007aaa00000|  0%| F|  |TAMS 0x00000007aa800000, 0x00000007aa800000| Untracked 
|1365|0x00000007aaa00000, 0x00000007aaa00000, 0x00000007aac00000|  0%| F|  |TAMS 0x00000007aaa00000, 0x00000007aaa00000| Untracked 
|1366|0x00000007aac00000, 0x00000007aac00000, 0x00000007aae00000|  0%| F|  |TAMS 0x00000007aac00000, 0x00000007aac00000| Untracked 
|1367|0x00000007aae00000, 0x00000007aae00000, 0x00000007ab000000|  0%| F|  |TAMS 0x00000007aae00000, 0x00000007aae00000| Untracked 
|1368|0x00000007ab000000, 0x00000007ab000000, 0x00000007ab200000|  0%| F|  |TAMS 0x00000007ab000000, 0x00000007ab000000| Untracked 
|1369|0x00000007ab200000, 0x00000007ab200000, 0x00000007ab400000|  0%| F|  |TAMS 0x00000007ab200000, 0x00000007ab200000| Untracked 
|1370|0x00000007ab400000, 0x00000007ab400000, 0x00000007ab600000|  0%| F|  |TAMS 0x00000007ab400000, 0x00000007ab400000| Untracked 
|1371|0x00000007ab600000, 0x00000007ab600000, 0x00000007ab800000|  0%| F|  |TAMS 0x00000007ab600000, 0x00000007ab600000| Untracked 
|1372|0x00000007ab800000, 0x00000007ab800000, 0x00000007aba00000|  0%| F|  |TAMS 0x00000007ab800000, 0x00000007ab800000| Untracked 
|1373|0x00000007aba00000, 0x00000007aba00000, 0x00000007abc00000|  0%| F|  |TAMS 0x00000007aba00000, 0x00000007aba00000| Untracked 
|1374|0x00000007abc00000, 0x00000007abc00000, 0x00000007abe00000|  0%| F|  |TAMS 0x00000007abc00000, 0x00000007abc00000| Untracked 
|1375|0x00000007abe00000, 0x00000007abe00000, 0x00000007ac000000|  0%| F|  |TAMS 0x00000007abe00000, 0x00000007abe00000| Untracked 
|1376|0x00000007ac000000, 0x00000007ac000000, 0x00000007ac200000|  0%| F|  |TAMS 0x00000007ac000000, 0x00000007ac000000| Untracked 
|1377|0x00000007ac200000, 0x00000007ac200000, 0x00000007ac400000|  0%| F|  |TAMS 0x00000007ac200000, 0x00000007ac200000| Untracked 
|1378|0x00000007ac400000, 0x00000007ac400000, 0x00000007ac600000|  0%| F|  |TAMS 0x00000007ac400000, 0x00000007ac400000| Untracked 
|1379|0x00000007ac600000, 0x00000007ac600000, 0x00000007ac800000|  0%| F|  |TAMS 0x00000007ac600000, 0x00000007ac600000| Untracked 
|1380|0x00000007ac800000, 0x00000007ac800000, 0x00000007aca00000|  0%| F|  |TAMS 0x00000007ac800000, 0x00000007ac800000| Untracked 
|1381|0x00000007aca00000, 0x00000007aca00000, 0x00000007acc00000|  0%| F|  |TAMS 0x00000007aca00000, 0x00000007aca00000| Untracked 
|1382|0x00000007acc00000, 0x00000007acc00000, 0x00000007ace00000|  0%| F|  |TAMS 0x00000007acc00000, 0x00000007acc00000| Untracked 
|1383|0x00000007ace00000, 0x00000007ace00000, 0x00000007ad000000|  0%| F|  |TAMS 0x00000007ace00000, 0x00000007ace00000| Untracked 
|1384|0x00000007ad000000, 0x00000007ad000000, 0x00000007ad200000|  0%| F|  |TAMS 0x00000007ad000000, 0x00000007ad000000| Untracked 
|1385|0x00000007ad200000, 0x00000007ad200000, 0x00000007ad400000|  0%| F|  |TAMS 0x00000007ad200000, 0x00000007ad200000| Untracked 
|1386|0x00000007ad400000, 0x00000007ad400000, 0x00000007ad600000|  0%| F|  |TAMS 0x00000007ad400000, 0x00000007ad400000| Untracked 
|1387|0x00000007ad600000, 0x00000007ad600000, 0x00000007ad800000|  0%| F|  |TAMS 0x00000007ad600000, 0x00000007ad600000| Untracked 
|1388|0x00000007ad800000, 0x00000007ad800000, 0x00000007ada00000|  0%| F|  |TAMS 0x00000007ad800000, 0x00000007ad800000| Untracked 
|1389|0x00000007ada00000, 0x00000007ada00000, 0x00000007adc00000|  0%| F|  |TAMS 0x00000007ada00000, 0x00000007ada00000| Untracked 
|1390|0x00000007adc00000, 0x00000007adc00000, 0x00000007ade00000|  0%| F|  |TAMS 0x00000007adc00000, 0x00000007adc00000| Untracked 
|1391|0x00000007ade00000, 0x00000007ade00000, 0x00000007ae000000|  0%| F|  |TAMS 0x00000007ade00000, 0x00000007ade00000| Untracked 
|1392|0x00000007ae000000, 0x00000007ae000000, 0x00000007ae200000|  0%| F|  |TAMS 0x00000007ae000000, 0x00000007ae000000| Untracked 
|1393|0x00000007ae200000, 0x00000007ae200000, 0x00000007ae400000|  0%| F|  |TAMS 0x00000007ae200000, 0x00000007ae200000| Untracked 
|1394|0x00000007ae400000, 0x00000007ae400000, 0x00000007ae600000|  0%| F|  |TAMS 0x00000007ae400000, 0x00000007ae400000| Untracked 
|1395|0x00000007ae600000, 0x00000007ae600000, 0x00000007ae800000|  0%| F|  |TAMS 0x00000007ae600000, 0x00000007ae600000| Untracked 
|1396|0x00000007ae800000, 0x00000007ae800000, 0x00000007aea00000|  0%| F|  |TAMS 0x00000007ae800000, 0x00000007ae800000| Untracked 
|1397|0x00000007aea00000, 0x00000007aea00000, 0x00000007aec00000|  0%| F|  |TAMS 0x00000007aea00000, 0x00000007aea00000| Untracked 
|1398|0x00000007aec00000, 0x00000007aec00000, 0x00000007aee00000|  0%| F|  |TAMS 0x00000007aec00000, 0x00000007aec00000| Untracked 
|1399|0x00000007aee00000, 0x00000007aee00000, 0x00000007af000000|  0%| F|  |TAMS 0x00000007aee00000, 0x00000007aee00000| Untracked 
|1400|0x00000007af000000, 0x00000007af000000, 0x00000007af200000|  0%| F|  |TAMS 0x00000007af000000, 0x00000007af000000| Untracked 
|1401|0x00000007af200000, 0x00000007af200000, 0x00000007af400000|  0%| F|  |TAMS 0x00000007af200000, 0x00000007af200000| Untracked 
|1402|0x00000007af400000, 0x00000007af400000, 0x00000007af600000|  0%| F|  |TAMS 0x00000007af400000, 0x00000007af400000| Untracked 
|1403|0x00000007af600000, 0x00000007af600000, 0x00000007af800000|  0%| F|  |TAMS 0x00000007af600000, 0x00000007af600000| Untracked 
|1404|0x00000007af800000, 0x00000007af800000, 0x00000007afa00000|  0%| F|  |TAMS 0x00000007af800000, 0x00000007af800000| Untracked 
|1405|0x00000007afa00000, 0x00000007afa00000, 0x00000007afc00000|  0%| F|  |TAMS 0x00000007afa00000, 0x00000007afa00000| Untracked 
|1406|0x00000007afc00000, 0x00000007afc00000, 0x00000007afe00000|  0%| F|  |TAMS 0x00000007afc00000, 0x00000007afc00000| Untracked 
|1407|0x00000007afe00000, 0x00000007afe00000, 0x00000007b0000000|  0%| F|  |TAMS 0x00000007afe00000, 0x00000007afe00000| Untracked 
|1408|0x00000007b0000000, 0x00000007b0000000, 0x00000007b0200000|  0%| F|  |TAMS 0x00000007b0000000, 0x00000007b0000000| Untracked 
|1409|0x00000007b0200000, 0x00000007b0200000, 0x00000007b0400000|  0%| F|  |TAMS 0x00000007b0200000, 0x00000007b0200000| Untracked 
|1410|0x00000007b0400000, 0x00000007b0400000, 0x00000007b0600000|  0%| F|  |TAMS 0x00000007b0400000, 0x00000007b0400000| Untracked 
|1411|0x00000007b0600000, 0x00000007b0600000, 0x00000007b0800000|  0%| F|  |TAMS 0x00000007b0600000, 0x00000007b0600000| Untracked 
|1412|0x00000007b0800000, 0x00000007b0800000, 0x00000007b0a00000|  0%| F|  |TAMS 0x00000007b0800000, 0x00000007b0800000| Untracked 
|1413|0x00000007b0a00000, 0x00000007b0a00000, 0x00000007b0c00000|  0%| F|  |TAMS 0x00000007b0a00000, 0x00000007b0a00000| Untracked 
|1414|0x00000007b0c00000, 0x00000007b0c00000, 0x00000007b0e00000|  0%| F|  |TAMS 0x00000007b0c00000, 0x00000007b0c00000| Untracked 
|1415|0x00000007b0e00000, 0x00000007b0e00000, 0x00000007b1000000|  0%| F|  |TAMS 0x00000007b0e00000, 0x00000007b0e00000| Untracked 
|1416|0x00000007b1000000, 0x00000007b1000000, 0x00000007b1200000|  0%| F|  |TAMS 0x00000007b1000000, 0x00000007b1000000| Untracked 
|1417|0x00000007b1200000, 0x00000007b1200000, 0x00000007b1400000|  0%| F|  |TAMS 0x00000007b1200000, 0x00000007b1200000| Untracked 
|1418|0x00000007b1400000, 0x00000007b1400000, 0x00000007b1600000|  0%| F|  |TAMS 0x00000007b1400000, 0x00000007b1400000| Untracked 
|1419|0x00000007b1600000, 0x00000007b1600000, 0x00000007b1800000|  0%| F|  |TAMS 0x00000007b1600000, 0x00000007b1600000| Untracked 
|1420|0x00000007b1800000, 0x00000007b1800000, 0x00000007b1a00000|  0%| F|  |TAMS 0x00000007b1800000, 0x00000007b1800000| Untracked 
|1421|0x00000007b1a00000, 0x00000007b1a00000, 0x00000007b1c00000|  0%| F|  |TAMS 0x00000007b1a00000, 0x00000007b1a00000| Untracked 
|1422|0x00000007b1c00000, 0x00000007b1c00000, 0x00000007b1e00000|  0%| F|  |TAMS 0x00000007b1c00000, 0x00000007b1c00000| Untracked 
|1423|0x00000007b1e00000, 0x00000007b1e00000, 0x00000007b2000000|  0%| F|  |TAMS 0x00000007b1e00000, 0x00000007b1e00000| Untracked 
|1424|0x00000007b2000000, 0x00000007b2000000, 0x00000007b2200000|  0%| F|  |TAMS 0x00000007b2000000, 0x00000007b2000000| Untracked 
|1425|0x00000007b2200000, 0x00000007b2200000, 0x00000007b2400000|  0%| F|  |TAMS 0x00000007b2200000, 0x00000007b2200000| Untracked 
|1426|0x00000007b2400000, 0x00000007b2400000, 0x00000007b2600000|  0%| F|  |TAMS 0x00000007b2400000, 0x00000007b2400000| Untracked 
|1427|0x00000007b2600000, 0x00000007b2600000, 0x00000007b2800000|  0%| F|  |TAMS 0x00000007b2600000, 0x00000007b2600000| Untracked 
|1428|0x00000007b2800000, 0x00000007b2800000, 0x00000007b2a00000|  0%| F|  |TAMS 0x00000007b2800000, 0x00000007b2800000| Untracked 
|1429|0x00000007b2a00000, 0x00000007b2a00000, 0x00000007b2c00000|  0%| F|  |TAMS 0x00000007b2a00000, 0x00000007b2a00000| Untracked 
|1430|0x00000007b2c00000, 0x00000007b2c00000, 0x00000007b2e00000|  0%| F|  |TAMS 0x00000007b2c00000, 0x00000007b2c00000| Untracked 
|1431|0x00000007b2e00000, 0x00000007b2e00000, 0x00000007b3000000|  0%| F|  |TAMS 0x00000007b2e00000, 0x00000007b2e00000| Untracked 
|1432|0x00000007b3000000, 0x00000007b3000000, 0x00000007b3200000|  0%| F|  |TAMS 0x00000007b3000000, 0x00000007b3000000| Untracked 
|1433|0x00000007b3200000, 0x00000007b3200000, 0x00000007b3400000|  0%| F|  |TAMS 0x00000007b3200000, 0x00000007b3200000| Untracked 
|1434|0x00000007b3400000, 0x00000007b3400000, 0x00000007b3600000|  0%| F|  |TAMS 0x00000007b3400000, 0x00000007b3400000| Untracked 
|1435|0x00000007b3600000, 0x00000007b3600000, 0x00000007b3800000|  0%| F|  |TAMS 0x00000007b3600000, 0x00000007b3600000| Untracked 
|1436|0x00000007b3800000, 0x00000007b3800000, 0x00000007b3a00000|  0%| F|  |TAMS 0x00000007b3800000, 0x00000007b3800000| Untracked 
|1437|0x00000007b3a00000, 0x00000007b3a00000, 0x00000007b3c00000|  0%| F|  |TAMS 0x00000007b3a00000, 0x00000007b3a00000| Untracked 
|1438|0x00000007b3c00000, 0x00000007b3c00000, 0x00000007b3e00000|  0%| F|  |TAMS 0x00000007b3c00000, 0x00000007b3c00000| Untracked 
|1439|0x00000007b3e00000, 0x00000007b3e00000, 0x00000007b4000000|  0%| F|  |TAMS 0x00000007b3e00000, 0x00000007b3e00000| Untracked 
|1440|0x00000007b4000000, 0x00000007b4000000, 0x00000007b4200000|  0%| F|  |TAMS 0x00000007b4000000, 0x00000007b4000000| Untracked 
|1441|0x00000007b4200000, 0x00000007b4200000, 0x00000007b4400000|  0%| F|  |TAMS 0x00000007b4200000, 0x00000007b4200000| Untracked 
|1442|0x00000007b4400000, 0x00000007b4400000, 0x00000007b4600000|  0%| F|  |TAMS 0x00000007b4400000, 0x00000007b4400000| Untracked 
|1443|0x00000007b4600000, 0x00000007b4600000, 0x00000007b4800000|  0%| F|  |TAMS 0x00000007b4600000, 0x00000007b4600000| Untracked 
|1444|0x00000007b4800000, 0x00000007b4800000, 0x00000007b4a00000|  0%| F|  |TAMS 0x00000007b4800000, 0x00000007b4800000| Untracked 
|1445|0x00000007b4a00000, 0x00000007b4a00000, 0x00000007b4c00000|  0%| F|  |TAMS 0x00000007b4a00000, 0x00000007b4a00000| Untracked 
|1446|0x00000007b4c00000, 0x00000007b4c00000, 0x00000007b4e00000|  0%| F|  |TAMS 0x00000007b4c00000, 0x00000007b4c00000| Untracked 
|1447|0x00000007b4e00000, 0x00000007b4e00000, 0x00000007b5000000|  0%| F|  |TAMS 0x00000007b4e00000, 0x00000007b4e00000| Untracked 
|1448|0x00000007b5000000, 0x00000007b5000000, 0x00000007b5200000|  0%| F|  |TAMS 0x00000007b5000000, 0x00000007b5000000| Untracked 
|1449|0x00000007b5200000, 0x00000007b5200000, 0x00000007b5400000|  0%| F|  |TAMS 0x00000007b5200000, 0x00000007b5200000| Untracked 
|1450|0x00000007b5400000, 0x00000007b5400000, 0x00000007b5600000|  0%| F|  |TAMS 0x00000007b5400000, 0x00000007b5400000| Untracked 
|1451|0x00000007b5600000, 0x00000007b5600000, 0x00000007b5800000|  0%| F|  |TAMS 0x00000007b5600000, 0x00000007b5600000| Untracked 
|1452|0x00000007b5800000, 0x00000007b5800000, 0x00000007b5a00000|  0%| F|  |TAMS 0x00000007b5800000, 0x00000007b5800000| Untracked 
|1453|0x00000007b5a00000, 0x00000007b5a00000, 0x00000007b5c00000|  0%| F|  |TAMS 0x00000007b5a00000, 0x00000007b5a00000| Untracked 
|1454|0x00000007b5c00000, 0x00000007b5c00000, 0x00000007b5e00000|  0%| F|  |TAMS 0x00000007b5c00000, 0x00000007b5c00000| Untracked 
|1455|0x00000007b5e00000, 0x00000007b5e00000, 0x00000007b6000000|  0%| F|  |TAMS 0x00000007b5e00000, 0x00000007b5e00000| Untracked 
|1456|0x00000007b6000000, 0x00000007b6000000, 0x00000007b6200000|  0%| F|  |TAMS 0x00000007b6000000, 0x00000007b6000000| Untracked 
|1457|0x00000007b6200000, 0x00000007b6200000, 0x00000007b6400000|  0%| F|  |TAMS 0x00000007b6200000, 0x00000007b6200000| Untracked 
|1458|0x00000007b6400000, 0x00000007b6400000, 0x00000007b6600000|  0%| F|  |TAMS 0x00000007b6400000, 0x00000007b6400000| Untracked 
|1459|0x00000007b6600000, 0x00000007b6600000, 0x00000007b6800000|  0%| F|  |TAMS 0x00000007b6600000, 0x00000007b6600000| Untracked 
|1460|0x00000007b6800000, 0x00000007b6800000, 0x00000007b6a00000|  0%| F|  |TAMS 0x00000007b6800000, 0x00000007b6800000| Untracked 
|1461|0x00000007b6a00000, 0x00000007b6a00000, 0x00000007b6c00000|  0%| F|  |TAMS 0x00000007b6a00000, 0x00000007b6a00000| Untracked 
|1462|0x00000007b6c00000, 0x00000007b6c00000, 0x00000007b6e00000|  0%| F|  |TAMS 0x00000007b6c00000, 0x00000007b6c00000| Untracked 
|1463|0x00000007b6e00000, 0x00000007b6e00000, 0x00000007b7000000|  0%| F|  |TAMS 0x00000007b6e00000, 0x00000007b6e00000| Untracked 
|1464|0x00000007b7000000, 0x00000007b7000000, 0x00000007b7200000|  0%| F|  |TAMS 0x00000007b7000000, 0x00000007b7000000| Untracked 
|1465|0x00000007b7200000, 0x00000007b7200000, 0x00000007b7400000|  0%| F|  |TAMS 0x00000007b7200000, 0x00000007b7200000| Untracked 
|1466|0x00000007b7400000, 0x00000007b7400000, 0x00000007b7600000|  0%| F|  |TAMS 0x00000007b7400000, 0x00000007b7400000| Untracked 
|1467|0x00000007b7600000, 0x00000007b7600000, 0x00000007b7800000|  0%| F|  |TAMS 0x00000007b7600000, 0x00000007b7600000| Untracked 
|1468|0x00000007b7800000, 0x00000007b7800000, 0x00000007b7a00000|  0%| F|  |TAMS 0x00000007b7800000, 0x00000007b7800000| Untracked 
|1469|0x00000007b7a00000, 0x00000007b7a00000, 0x00000007b7c00000|  0%| F|  |TAMS 0x00000007b7a00000, 0x00000007b7a00000| Untracked 
|1470|0x00000007b7c00000, 0x00000007b7c00000, 0x00000007b7e00000|  0%| F|  |TAMS 0x00000007b7c00000, 0x00000007b7c00000| Untracked 
|1471|0x00000007b7e00000, 0x00000007b7e00000, 0x00000007b8000000|  0%| F|  |TAMS 0x00000007b7e00000, 0x00000007b7e00000| Untracked 
|1472|0x00000007b8000000, 0x00000007b8000000, 0x00000007b8200000|  0%| F|  |TAMS 0x00000007b8000000, 0x00000007b8000000| Untracked 
|1473|0x00000007b8200000, 0x00000007b8200000, 0x00000007b8400000|  0%| F|  |TAMS 0x00000007b8200000, 0x00000007b8200000| Untracked 
|1474|0x00000007b8400000, 0x00000007b8400000, 0x00000007b8600000|  0%| F|  |TAMS 0x00000007b8400000, 0x00000007b8400000| Untracked 
|1475|0x00000007b8600000, 0x00000007b8600000, 0x00000007b8800000|  0%| F|  |TAMS 0x00000007b8600000, 0x00000007b8600000| Untracked 
|1476|0x00000007b8800000, 0x00000007b8800000, 0x00000007b8a00000|  0%| F|  |TAMS 0x00000007b8800000, 0x00000007b8800000| Untracked 
|1477|0x00000007b8a00000, 0x00000007b8a00000, 0x00000007b8c00000|  0%| F|  |TAMS 0x00000007b8a00000, 0x00000007b8a00000| Untracked 
|1478|0x00000007b8c00000, 0x00000007b8c00000, 0x00000007b8e00000|  0%| F|  |TAMS 0x00000007b8c00000, 0x00000007b8c00000| Untracked 
|1479|0x00000007b8e00000, 0x00000007b8e00000, 0x00000007b9000000|  0%| F|  |TAMS 0x00000007b8e00000, 0x00000007b8e00000| Untracked 
|1480|0x00000007b9000000, 0x00000007b9000000, 0x00000007b9200000|  0%| F|  |TAMS 0x00000007b9000000, 0x00000007b9000000| Untracked 
|1481|0x00000007b9200000, 0x00000007b9200000, 0x00000007b9400000|  0%| F|  |TAMS 0x00000007b9200000, 0x00000007b9200000| Untracked 
|1482|0x00000007b9400000, 0x00000007b9400000, 0x00000007b9600000|  0%| F|  |TAMS 0x00000007b9400000, 0x00000007b9400000| Untracked 
|1483|0x00000007b9600000, 0x00000007b9600000, 0x00000007b9800000|  0%| F|  |TAMS 0x00000007b9600000, 0x00000007b9600000| Untracked 
|1484|0x00000007b9800000, 0x00000007b9800000, 0x00000007b9a00000|  0%| F|  |TAMS 0x00000007b9800000, 0x00000007b9800000| Untracked 
|1485|0x00000007b9a00000, 0x00000007b9a00000, 0x00000007b9c00000|  0%| F|  |TAMS 0x00000007b9a00000, 0x00000007b9a00000| Untracked 
|1486|0x00000007b9c00000, 0x00000007b9c00000, 0x00000007b9e00000|  0%| F|  |TAMS 0x00000007b9c00000, 0x00000007b9c00000| Untracked 
|1487|0x00000007b9e00000, 0x00000007b9e00000, 0x00000007ba000000|  0%| F|  |TAMS 0x00000007b9e00000, 0x00000007b9e00000| Untracked 
|1488|0x00000007ba000000, 0x00000007ba000000, 0x00000007ba200000|  0%| F|  |TAMS 0x00000007ba000000, 0x00000007ba000000| Untracked 
|1489|0x00000007ba200000, 0x00000007ba200000, 0x00000007ba400000|  0%| F|  |TAMS 0x00000007ba200000, 0x00000007ba200000| Untracked 
|1490|0x00000007ba400000, 0x00000007ba400000, 0x00000007ba600000|  0%| F|  |TAMS 0x00000007ba400000, 0x00000007ba400000| Untracked 
|1491|0x00000007ba600000, 0x00000007ba600000, 0x00000007ba800000|  0%| F|  |TAMS 0x00000007ba600000, 0x00000007ba600000| Untracked 
|1492|0x00000007ba800000, 0x00000007ba800000, 0x00000007baa00000|  0%| F|  |TAMS 0x00000007ba800000, 0x00000007ba800000| Untracked 
|1493|0x00000007baa00000, 0x00000007baa00000, 0x00000007bac00000|  0%| F|  |TAMS 0x00000007baa00000, 0x00000007baa00000| Untracked 
|1494|0x00000007bac00000, 0x00000007bac00000, 0x00000007bae00000|  0%| F|  |TAMS 0x00000007bac00000, 0x00000007bac00000| Untracked 
|1495|0x00000007bae00000, 0x00000007bae00000, 0x00000007bb000000|  0%| F|  |TAMS 0x00000007bae00000, 0x00000007bae00000| Untracked 
|1496|0x00000007bb000000, 0x00000007bb000000, 0x00000007bb200000|  0%| F|  |TAMS 0x00000007bb000000, 0x00000007bb000000| Untracked 
|1497|0x00000007bb200000, 0x00000007bb200000, 0x00000007bb400000|  0%| F|  |TAMS 0x00000007bb200000, 0x00000007bb200000| Untracked 
|1498|0x00000007bb400000, 0x00000007bb400000, 0x00000007bb600000|  0%| F|  |TAMS 0x00000007bb400000, 0x00000007bb400000| Untracked 
|1499|0x00000007bb600000, 0x00000007bb600000, 0x00000007bb800000|  0%| F|  |TAMS 0x00000007bb600000, 0x00000007bb600000| Untracked 
|1500|0x00000007bb800000, 0x00000007bb800000, 0x00000007bba00000|  0%| F|  |TAMS 0x00000007bb800000, 0x00000007bb800000| Untracked 
|1501|0x00000007bba00000, 0x00000007bba00000, 0x00000007bbc00000|  0%| F|  |TAMS 0x00000007bba00000, 0x00000007bba00000| Untracked 
|1502|0x00000007bbc00000, 0x00000007bbc00000, 0x00000007bbe00000|  0%| F|  |TAMS 0x00000007bbc00000, 0x00000007bbc00000| Untracked 
|1503|0x00000007bbe00000, 0x00000007bbe00000, 0x00000007bc000000|  0%| F|  |TAMS 0x00000007bbe00000, 0x00000007bbe00000| Untracked 
|1504|0x00000007bc000000, 0x00000007bc000000, 0x00000007bc200000|  0%| F|  |TAMS 0x00000007bc000000, 0x00000007bc000000| Untracked 
|1505|0x00000007bc200000, 0x00000007bc200000, 0x00000007bc400000|  0%| F|  |TAMS 0x00000007bc200000, 0x00000007bc200000| Untracked 
|1506|0x00000007bc400000, 0x00000007bc400000, 0x00000007bc600000|  0%| F|  |TAMS 0x00000007bc400000, 0x00000007bc400000| Untracked 
|1507|0x00000007bc600000, 0x00000007bc600000, 0x00000007bc800000|  0%| F|  |TAMS 0x00000007bc600000, 0x00000007bc600000| Untracked 
|1508|0x00000007bc800000, 0x00000007bc800000, 0x00000007bca00000|  0%| F|  |TAMS 0x00000007bc800000, 0x00000007bc800000| Untracked 
|1509|0x00000007bca00000, 0x00000007bca00000, 0x00000007bcc00000|  0%| F|  |TAMS 0x00000007bca00000, 0x00000007bca00000| Untracked 
|1510|0x00000007bcc00000, 0x00000007bcc00000, 0x00000007bce00000|  0%| F|  |TAMS 0x00000007bcc00000, 0x00000007bcc00000| Untracked 
|1511|0x00000007bce00000, 0x00000007bce00000, 0x00000007bd000000|  0%| F|  |TAMS 0x00000007bce00000, 0x00000007bce00000| Untracked 
|1512|0x00000007bd000000, 0x00000007bd000000, 0x00000007bd200000|  0%| F|  |TAMS 0x00000007bd000000, 0x00000007bd000000| Untracked 
|1513|0x00000007bd200000, 0x00000007bd200000, 0x00000007bd400000|  0%| F|  |TAMS 0x00000007bd200000, 0x00000007bd200000| Untracked 
|1514|0x00000007bd400000, 0x00000007bd400000, 0x00000007bd600000|  0%| F|  |TAMS 0x00000007bd400000, 0x00000007bd400000| Untracked 
|1515|0x00000007bd600000, 0x00000007bd600000, 0x00000007bd800000|  0%| F|  |TAMS 0x00000007bd600000, 0x00000007bd600000| Untracked 
|1516|0x00000007bd800000, 0x00000007bd800000, 0x00000007bda00000|  0%| F|  |TAMS 0x00000007bd800000, 0x00000007bd800000| Untracked 
|1517|0x00000007bda00000, 0x00000007bda00000, 0x00000007bdc00000|  0%| F|  |TAMS 0x00000007bda00000, 0x00000007bda00000| Untracked 
|1518|0x00000007bdc00000, 0x00000007bdc00000, 0x00000007bde00000|  0%| F|  |TAMS 0x00000007bdc00000, 0x00000007bdc00000| Untracked 
|1519|0x00000007bde00000, 0x00000007bde00000, 0x00000007be000000|  0%| F|  |TAMS 0x00000007bde00000, 0x00000007bde00000| Untracked 
|1520|0x00000007be000000, 0x00000007be000000, 0x00000007be200000|  0%| F|  |TAMS 0x00000007be000000, 0x00000007be000000| Untracked 
|1521|0x00000007be200000, 0x00000007be200000, 0x00000007be400000|  0%| F|  |TAMS 0x00000007be200000, 0x00000007be200000| Untracked 
|1522|0x00000007be400000, 0x00000007be400000, 0x00000007be600000|  0%| F|  |TAMS 0x00000007be400000, 0x00000007be400000| Untracked 
|1523|0x00000007be600000, 0x00000007be600000, 0x00000007be800000|  0%| F|  |TAMS 0x00000007be600000, 0x00000007be600000| Untracked 
|1524|0x00000007be800000, 0x00000007be800000, 0x00000007bea00000|  0%| F|  |TAMS 0x00000007be800000, 0x00000007be800000| Untracked 
|1525|0x00000007bea00000, 0x00000007bea00000, 0x00000007bec00000|  0%| F|  |TAMS 0x00000007bea00000, 0x00000007bea00000| Untracked 
|1526|0x00000007bec00000, 0x00000007bec00000, 0x00000007bee00000|  0%| F|  |TAMS 0x00000007bec00000, 0x00000007bec00000| Untracked 
|1527|0x00000007bee00000, 0x00000007bee00000, 0x00000007bf000000|  0%| F|  |TAMS 0x00000007bee00000, 0x00000007bee00000| Untracked 
|1528|0x00000007bf000000, 0x00000007bf000000, 0x00000007bf200000|  0%| F|  |TAMS 0x00000007bf000000, 0x00000007bf000000| Untracked 
|1529|0x00000007bf200000, 0x00000007bf200000, 0x00000007bf400000|  0%| F|  |TAMS 0x00000007bf200000, 0x00000007bf200000| Untracked 
|1530|0x00000007bf400000, 0x00000007bf400000, 0x00000007bf600000|  0%| F|  |TAMS 0x00000007bf400000, 0x00000007bf400000| Untracked 
|1531|0x00000007bf600000, 0x00000007bf600000, 0x00000007bf800000|  0%| F|  |TAMS 0x00000007bf600000, 0x00000007bf600000| Untracked 
|1532|0x00000007bf800000, 0x00000007bf800000, 0x00000007bfa00000|  0%| F|  |TAMS 0x00000007bf800000, 0x00000007bf800000| Untracked 
|1533|0x00000007bfa00000, 0x00000007bfa00000, 0x00000007bfc00000|  0%| F|  |TAMS 0x00000007bfa00000, 0x00000007bfa00000| Untracked 
|1534|0x00000007bfc00000, 0x00000007bfc00000, 0x00000007bfe00000|  0%| F|  |TAMS 0x00000007bfc00000, 0x00000007bfc00000| Untracked 
|1535|0x00000007bfe00000, 0x00000007bfe00000, 0x00000007c0000000|  0%| F|  |TAMS 0x00000007bfe00000, 0x00000007bfe00000| Untracked 
|1536|0x00000007c0000000, 0x00000007c0000000, 0x00000007c0200000|  0%| F|  |TAMS 0x00000007c0000000, 0x00000007c0000000| Untracked 
|1537|0x00000007c0200000, 0x00000007c0200000, 0x00000007c0400000|  0%| F|  |TAMS 0x00000007c0200000, 0x00000007c0200000| Untracked 
|1538|0x00000007c0400000, 0x00000007c0400000, 0x00000007c0600000|  0%| F|  |TAMS 0x00000007c0400000, 0x00000007c0400000| Untracked 
|1539|0x00000007c0600000, 0x00000007c0600000, 0x00000007c0800000|  0%| F|  |TAMS 0x00000007c0600000, 0x00000007c0600000| Untracked 
|1540|0x00000007c0800000, 0x00000007c0800000, 0x00000007c0a00000|  0%| F|  |TAMS 0x00000007c0800000, 0x00000007c0800000| Untracked 
|1541|0x00000007c0a00000, 0x00000007c0a00000, 0x00000007c0c00000|  0%| F|  |TAMS 0x00000007c0a00000, 0x00000007c0a00000| Untracked 
|1542|0x00000007c0c00000, 0x00000007c0c00000, 0x00000007c0e00000|  0%| F|  |TAMS 0x00000007c0c00000, 0x00000007c0c00000| Untracked 
|1543|0x00000007c0e00000, 0x00000007c0e00000, 0x00000007c1000000|  0%| F|  |TAMS 0x00000007c0e00000, 0x00000007c0e00000| Untracked 
|1544|0x00000007c1000000, 0x00000007c1000000, 0x00000007c1200000|  0%| F|  |TAMS 0x00000007c1000000, 0x00000007c1000000| Untracked 
|1545|0x00000007c1200000, 0x00000007c1200000, 0x00000007c1400000|  0%| F|  |TAMS 0x00000007c1200000, 0x00000007c1200000| Untracked 
|1546|0x00000007c1400000, 0x00000007c1400000, 0x00000007c1600000|  0%| F|  |TAMS 0x00000007c1400000, 0x00000007c1400000| Untracked 
|1547|0x00000007c1600000, 0x00000007c1600000, 0x00000007c1800000|  0%| F|  |TAMS 0x00000007c1600000, 0x00000007c1600000| Untracked 
|1548|0x00000007c1800000, 0x00000007c1800000, 0x00000007c1a00000|  0%| F|  |TAMS 0x00000007c1800000, 0x00000007c1800000| Untracked 
|1549|0x00000007c1a00000, 0x00000007c1a00000, 0x00000007c1c00000|  0%| F|  |TAMS 0x00000007c1a00000, 0x00000007c1a00000| Untracked 
|1550|0x00000007c1c00000, 0x00000007c1c00000, 0x00000007c1e00000|  0%| F|  |TAMS 0x00000007c1c00000, 0x00000007c1c00000| Untracked 
|1551|0x00000007c1e00000, 0x00000007c1e00000, 0x00000007c2000000|  0%| F|  |TAMS 0x00000007c1e00000, 0x00000007c1e00000| Untracked 
|1552|0x00000007c2000000, 0x00000007c2000000, 0x00000007c2200000|  0%| F|  |TAMS 0x00000007c2000000, 0x00000007c2000000| Untracked 
|1553|0x00000007c2200000, 0x00000007c2200000, 0x00000007c2400000|  0%| F|  |TAMS 0x00000007c2200000, 0x00000007c2200000| Untracked 
|1554|0x00000007c2400000, 0x00000007c2400000, 0x00000007c2600000|  0%| F|  |TAMS 0x00000007c2400000, 0x00000007c2400000| Untracked 
|1555|0x00000007c2600000, 0x00000007c2600000, 0x00000007c2800000|  0%| F|  |TAMS 0x00000007c2600000, 0x00000007c2600000| Untracked 
|1556|0x00000007c2800000, 0x00000007c2800000, 0x00000007c2a00000|  0%| F|  |TAMS 0x00000007c2800000, 0x00000007c2800000| Untracked 
|1557|0x00000007c2a00000, 0x00000007c2a00000, 0x00000007c2c00000|  0%| F|  |TAMS 0x00000007c2a00000, 0x00000007c2a00000| Untracked 
|1558|0x00000007c2c00000, 0x00000007c2c00000, 0x00000007c2e00000|  0%| F|  |TAMS 0x00000007c2c00000, 0x00000007c2c00000| Untracked 
|1559|0x00000007c2e00000, 0x00000007c2e00000, 0x00000007c3000000|  0%| F|  |TAMS 0x00000007c2e00000, 0x00000007c2e00000| Untracked 
|1560|0x00000007c3000000, 0x00000007c3000000, 0x00000007c3200000|  0%| F|  |TAMS 0x00000007c3000000, 0x00000007c3000000| Untracked 
|1561|0x00000007c3200000, 0x00000007c3200000, 0x00000007c3400000|  0%| F|  |TAMS 0x00000007c3200000, 0x00000007c3200000| Untracked 
|1562|0x00000007c3400000, 0x00000007c3400000, 0x00000007c3600000|  0%| F|  |TAMS 0x00000007c3400000, 0x00000007c3400000| Untracked 
|1563|0x00000007c3600000, 0x00000007c3600000, 0x00000007c3800000|  0%| F|  |TAMS 0x00000007c3600000, 0x00000007c3600000| Untracked 
|1564|0x00000007c3800000, 0x00000007c3800000, 0x00000007c3a00000|  0%| F|  |TAMS 0x00000007c3800000, 0x00000007c3800000| Untracked 
|1565|0x00000007c3a00000, 0x00000007c3a00000, 0x00000007c3c00000|  0%| F|  |TAMS 0x00000007c3a00000, 0x00000007c3a00000| Untracked 
|1566|0x00000007c3c00000, 0x00000007c3c00000, 0x00000007c3e00000|  0%| F|  |TAMS 0x00000007c3c00000, 0x00000007c3c00000| Untracked 
|1567|0x00000007c3e00000, 0x00000007c3e00000, 0x00000007c4000000|  0%| F|  |TAMS 0x00000007c3e00000, 0x00000007c3e00000| Untracked 
|1568|0x00000007c4000000, 0x00000007c4000000, 0x00000007c4200000|  0%| F|  |TAMS 0x00000007c4000000, 0x00000007c4000000| Untracked 
|1569|0x00000007c4200000, 0x00000007c4200000, 0x00000007c4400000|  0%| F|  |TAMS 0x00000007c4200000, 0x00000007c4200000| Untracked 
|1570|0x00000007c4400000, 0x00000007c4400000, 0x00000007c4600000|  0%| F|  |TAMS 0x00000007c4400000, 0x00000007c4400000| Untracked 
|1571|0x00000007c4600000, 0x00000007c4600000, 0x00000007c4800000|  0%| F|  |TAMS 0x00000007c4600000, 0x00000007c4600000| Untracked 
|1572|0x00000007c4800000, 0x00000007c4800000, 0x00000007c4a00000|  0%| F|  |TAMS 0x00000007c4800000, 0x00000007c4800000| Untracked 
|1573|0x00000007c4a00000, 0x00000007c4a00000, 0x00000007c4c00000|  0%| F|  |TAMS 0x00000007c4a00000, 0x00000007c4a00000| Untracked 
|1574|0x00000007c4c00000, 0x00000007c4c00000, 0x00000007c4e00000|  0%| F|  |TAMS 0x00000007c4c00000, 0x00000007c4c00000| Untracked 
|1575|0x00000007c4e00000, 0x00000007c4e00000, 0x00000007c5000000|  0%| F|  |TAMS 0x00000007c4e00000, 0x00000007c4e00000| Untracked 
|1576|0x00000007c5000000, 0x00000007c5000000, 0x00000007c5200000|  0%| F|  |TAMS 0x00000007c5000000, 0x00000007c5000000| Untracked 
|1577|0x00000007c5200000, 0x00000007c5200000, 0x00000007c5400000|  0%| F|  |TAMS 0x00000007c5200000, 0x00000007c5200000| Untracked 
|1578|0x00000007c5400000, 0x00000007c5400000, 0x00000007c5600000|  0%| F|  |TAMS 0x00000007c5400000, 0x00000007c5400000| Untracked 
|1579|0x00000007c5600000, 0x00000007c5600000, 0x00000007c5800000|  0%| F|  |TAMS 0x00000007c5600000, 0x00000007c5600000| Untracked 
|1580|0x00000007c5800000, 0x00000007c5800000, 0x00000007c5a00000|  0%| F|  |TAMS 0x00000007c5800000, 0x00000007c5800000| Untracked 
|1581|0x00000007c5a00000, 0x00000007c5a00000, 0x00000007c5c00000|  0%| F|  |TAMS 0x00000007c5a00000, 0x00000007c5a00000| Untracked 
|1582|0x00000007c5c00000, 0x00000007c5c00000, 0x00000007c5e00000|  0%| F|  |TAMS 0x00000007c5c00000, 0x00000007c5c00000| Untracked 
|1583|0x00000007c5e00000, 0x00000007c5e00000, 0x00000007c6000000|  0%| F|  |TAMS 0x00000007c5e00000, 0x00000007c5e00000| Untracked 
|1584|0x00000007c6000000, 0x00000007c6000000, 0x00000007c6200000|  0%| F|  |TAMS 0x00000007c6000000, 0x00000007c6000000| Untracked 
|1585|0x00000007c6200000, 0x00000007c6200000, 0x00000007c6400000|  0%| F|  |TAMS 0x00000007c6200000, 0x00000007c6200000| Untracked 
|1586|0x00000007c6400000, 0x00000007c6400000, 0x00000007c6600000|  0%| F|  |TAMS 0x00000007c6400000, 0x00000007c6400000| Untracked 
|1587|0x00000007c6600000, 0x00000007c6600000, 0x00000007c6800000|  0%| F|  |TAMS 0x00000007c6600000, 0x00000007c6600000| Untracked 
|1588|0x00000007c6800000, 0x00000007c6800000, 0x00000007c6a00000|  0%| F|  |TAMS 0x00000007c6800000, 0x00000007c6800000| Untracked 
|1589|0x00000007c6a00000, 0x00000007c6a00000, 0x00000007c6c00000|  0%| F|  |TAMS 0x00000007c6a00000, 0x00000007c6a00000| Untracked 
|1590|0x00000007c6c00000, 0x00000007c6c00000, 0x00000007c6e00000|  0%| F|  |TAMS 0x00000007c6c00000, 0x00000007c6c00000| Untracked 
|1591|0x00000007c6e00000, 0x00000007c6e00000, 0x00000007c7000000|  0%| F|  |TAMS 0x00000007c6e00000, 0x00000007c6e00000| Untracked 
|1592|0x00000007c7000000, 0x00000007c7000000, 0x00000007c7200000|  0%| F|  |TAMS 0x00000007c7000000, 0x00000007c7000000| Untracked 
|1593|0x00000007c7200000, 0x00000007c7200000, 0x00000007c7400000|  0%| F|  |TAMS 0x00000007c7200000, 0x00000007c7200000| Untracked 
|1594|0x00000007c7400000, 0x00000007c7400000, 0x00000007c7600000|  0%| F|  |TAMS 0x00000007c7400000, 0x00000007c7400000| Untracked 
|1595|0x00000007c7600000, 0x00000007c7600000, 0x00000007c7800000|  0%| F|  |TAMS 0x00000007c7600000, 0x00000007c7600000| Untracked 
|1596|0x00000007c7800000, 0x00000007c7800000, 0x00000007c7a00000|  0%| F|  |TAMS 0x00000007c7800000, 0x00000007c7800000| Untracked 
|1597|0x00000007c7a00000, 0x00000007c7a00000, 0x00000007c7c00000|  0%| F|  |TAMS 0x00000007c7a00000, 0x00000007c7a00000| Untracked 
|1598|0x00000007c7c00000, 0x00000007c7c00000, 0x00000007c7e00000|  0%| F|  |TAMS 0x00000007c7c00000, 0x00000007c7c00000| Untracked 
|1599|0x00000007c7e00000, 0x00000007c7e00000, 0x00000007c8000000|  0%| F|  |TAMS 0x00000007c7e00000, 0x00000007c7e00000| Untracked 
|1600|0x00000007c8000000, 0x00000007c8000000, 0x00000007c8200000|  0%| F|  |TAMS 0x00000007c8000000, 0x00000007c8000000| Untracked 
|1601|0x00000007c8200000, 0x00000007c8200000, 0x00000007c8400000|  0%| F|  |TAMS 0x00000007c8200000, 0x00000007c8200000| Untracked 
|1602|0x00000007c8400000, 0x00000007c8400000, 0x00000007c8600000|  0%| F|  |TAMS 0x00000007c8400000, 0x00000007c8400000| Untracked 
|1603|0x00000007c8600000, 0x00000007c8600000, 0x00000007c8800000|  0%| F|  |TAMS 0x00000007c8600000, 0x00000007c8600000| Untracked 
|1604|0x00000007c8800000, 0x00000007c8800000, 0x00000007c8a00000|  0%| F|  |TAMS 0x00000007c8800000, 0x00000007c8800000| Untracked 
|1605|0x00000007c8a00000, 0x00000007c8a00000, 0x00000007c8c00000|  0%| F|  |TAMS 0x00000007c8a00000, 0x00000007c8a00000| Untracked 
|1606|0x00000007c8c00000, 0x00000007c8c00000, 0x00000007c8e00000|  0%| F|  |TAMS 0x00000007c8c00000, 0x00000007c8c00000| Untracked 
|1607|0x00000007c8e00000, 0x00000007c8e00000, 0x00000007c9000000|  0%| F|  |TAMS 0x00000007c8e00000, 0x00000007c8e00000| Untracked 
|1608|0x00000007c9000000, 0x00000007c9000000, 0x00000007c9200000|  0%| F|  |TAMS 0x00000007c9000000, 0x00000007c9000000| Untracked 
|1609|0x00000007c9200000, 0x00000007c9200000, 0x00000007c9400000|  0%| F|  |TAMS 0x00000007c9200000, 0x00000007c9200000| Untracked 
|1610|0x00000007c9400000, 0x00000007c9400000, 0x00000007c9600000|  0%| F|  |TAMS 0x00000007c9400000, 0x00000007c9400000| Untracked 
|1611|0x00000007c9600000, 0x00000007c9600000, 0x00000007c9800000|  0%| F|  |TAMS 0x00000007c9600000, 0x00000007c9600000| Untracked 
|1612|0x00000007c9800000, 0x00000007c9800000, 0x00000007c9a00000|  0%| F|  |TAMS 0x00000007c9800000, 0x00000007c9800000| Untracked 
|1613|0x00000007c9a00000, 0x00000007c9a00000, 0x00000007c9c00000|  0%| F|  |TAMS 0x00000007c9a00000, 0x00000007c9a00000| Untracked 
|1614|0x00000007c9c00000, 0x00000007c9c00000, 0x00000007c9e00000|  0%| F|  |TAMS 0x00000007c9c00000, 0x00000007c9c00000| Untracked 
|1615|0x00000007c9e00000, 0x00000007c9e00000, 0x00000007ca000000|  0%| F|  |TAMS 0x00000007c9e00000, 0x00000007c9e00000| Untracked 
|1616|0x00000007ca000000, 0x00000007ca000000, 0x00000007ca200000|  0%| F|  |TAMS 0x00000007ca000000, 0x00000007ca000000| Untracked 
|1617|0x00000007ca200000, 0x00000007ca200000, 0x00000007ca400000|  0%| F|  |TAMS 0x00000007ca200000, 0x00000007ca200000| Untracked 
|1618|0x00000007ca400000, 0x00000007ca400000, 0x00000007ca600000|  0%| F|  |TAMS 0x00000007ca400000, 0x00000007ca400000| Untracked 
|1619|0x00000007ca600000, 0x00000007ca600000, 0x00000007ca800000|  0%| F|  |TAMS 0x00000007ca600000, 0x00000007ca600000| Untracked 
|1620|0x00000007ca800000, 0x00000007ca800000, 0x00000007caa00000|  0%| F|  |TAMS 0x00000007ca800000, 0x00000007ca800000| Untracked 
|1621|0x00000007caa00000, 0x00000007caa00000, 0x00000007cac00000|  0%| F|  |TAMS 0x00000007caa00000, 0x00000007caa00000| Untracked 
|1622|0x00000007cac00000, 0x00000007cac00000, 0x00000007cae00000|  0%| F|  |TAMS 0x00000007cac00000, 0x00000007cac00000| Untracked 
|1623|0x00000007cae00000, 0x00000007cae00000, 0x00000007cb000000|  0%| F|  |TAMS 0x00000007cae00000, 0x00000007cae00000| Untracked 
|1624|0x00000007cb000000, 0x00000007cb000000, 0x00000007cb200000|  0%| F|  |TAMS 0x00000007cb000000, 0x00000007cb000000| Untracked 
|1625|0x00000007cb200000, 0x00000007cb200000, 0x00000007cb400000|  0%| F|  |TAMS 0x00000007cb200000, 0x00000007cb200000| Untracked 
|1626|0x00000007cb400000, 0x00000007cb400000, 0x00000007cb600000|  0%| F|  |TAMS 0x00000007cb400000, 0x00000007cb400000| Untracked 
|1627|0x00000007cb600000, 0x00000007cb600000, 0x00000007cb800000|  0%| F|  |TAMS 0x00000007cb600000, 0x00000007cb600000| Untracked 
|1628|0x00000007cb800000, 0x00000007cb800000, 0x00000007cba00000|  0%| F|  |TAMS 0x00000007cb800000, 0x00000007cb800000| Untracked 
|1629|0x00000007cba00000, 0x00000007cba00000, 0x00000007cbc00000|  0%| F|  |TAMS 0x00000007cba00000, 0x00000007cba00000| Untracked 
|1630|0x00000007cbc00000, 0x00000007cbc00000, 0x00000007cbe00000|  0%| F|  |TAMS 0x00000007cbc00000, 0x00000007cbc00000| Untracked 
|1631|0x00000007cbe00000, 0x00000007cbe00000, 0x00000007cc000000|  0%| F|  |TAMS 0x00000007cbe00000, 0x00000007cbe00000| Untracked 
|1632|0x00000007cc000000, 0x00000007cc000000, 0x00000007cc200000|  0%| F|  |TAMS 0x00000007cc000000, 0x00000007cc000000| Untracked 
|1633|0x00000007cc200000, 0x00000007cc200000, 0x00000007cc400000|  0%| F|  |TAMS 0x00000007cc200000, 0x00000007cc200000| Untracked 
|1634|0x00000007cc400000, 0x00000007cc400000, 0x00000007cc600000|  0%| F|  |TAMS 0x00000007cc400000, 0x00000007cc400000| Untracked 
|1635|0x00000007cc600000, 0x00000007cc600000, 0x00000007cc800000|  0%| F|  |TAMS 0x00000007cc600000, 0x00000007cc600000| Untracked 
|1636|0x00000007cc800000, 0x00000007cc800000, 0x00000007cca00000|  0%| F|  |TAMS 0x00000007cc800000, 0x00000007cc800000| Untracked 
|1637|0x00000007cca00000, 0x00000007cca00000, 0x00000007ccc00000|  0%| F|  |TAMS 0x00000007cca00000, 0x00000007cca00000| Untracked 
|1638|0x00000007ccc00000, 0x00000007ccc00000, 0x00000007cce00000|  0%| F|  |TAMS 0x00000007ccc00000, 0x00000007ccc00000| Untracked 
|1639|0x00000007cce00000, 0x00000007cce00000, 0x00000007cd000000|  0%| F|  |TAMS 0x00000007cce00000, 0x00000007cce00000| Untracked 
|1640|0x00000007cd000000, 0x00000007cd000000, 0x00000007cd200000|  0%| F|  |TAMS 0x00000007cd000000, 0x00000007cd000000| Untracked 
|1641|0x00000007cd200000, 0x00000007cd200000, 0x00000007cd400000|  0%| F|  |TAMS 0x00000007cd200000, 0x00000007cd200000| Untracked 
|1642|0x00000007cd400000, 0x00000007cd400000, 0x00000007cd600000|  0%| F|  |TAMS 0x00000007cd400000, 0x00000007cd400000| Untracked 
|1643|0x00000007cd600000, 0x00000007cd600000, 0x00000007cd800000|  0%| F|  |TAMS 0x00000007cd600000, 0x00000007cd600000| Untracked 
|1644|0x00000007cd800000, 0x00000007cd800000, 0x00000007cda00000|  0%| F|  |TAMS 0x00000007cd800000, 0x00000007cd800000| Untracked 
|1645|0x00000007cda00000, 0x00000007cda00000, 0x00000007cdc00000|  0%| F|  |TAMS 0x00000007cda00000, 0x00000007cda00000| Untracked 
|1646|0x00000007cdc00000, 0x00000007cdc00000, 0x00000007cde00000|  0%| F|  |TAMS 0x00000007cdc00000, 0x00000007cdc00000| Untracked 
|1647|0x00000007cde00000, 0x00000007cde00000, 0x00000007ce000000|  0%| F|  |TAMS 0x00000007cde00000, 0x00000007cde00000| Untracked 
|1648|0x00000007ce000000, 0x00000007ce000000, 0x00000007ce200000|  0%| F|  |TAMS 0x00000007ce000000, 0x00000007ce000000| Untracked 
|1649|0x00000007ce200000, 0x00000007ce200000, 0x00000007ce400000|  0%| F|  |TAMS 0x00000007ce200000, 0x00000007ce200000| Untracked 
|1650|0x00000007ce400000, 0x00000007ce400000, 0x00000007ce600000|  0%| F|  |TAMS 0x00000007ce400000, 0x00000007ce400000| Untracked 
|1651|0x00000007ce600000, 0x00000007ce600000, 0x00000007ce800000|  0%| F|  |TAMS 0x00000007ce600000, 0x00000007ce600000| Untracked 
|1652|0x00000007ce800000, 0x00000007ce800000, 0x00000007cea00000|  0%| F|  |TAMS 0x00000007ce800000, 0x00000007ce800000| Untracked 
|1653|0x00000007cea00000, 0x00000007cea00000, 0x00000007cec00000|  0%| F|  |TAMS 0x00000007cea00000, 0x00000007cea00000| Untracked 
|1654|0x00000007cec00000, 0x00000007cec00000, 0x00000007cee00000|  0%| F|  |TAMS 0x00000007cec00000, 0x00000007cec00000| Untracked 
|1655|0x00000007cee00000, 0x00000007cee00000, 0x00000007cf000000|  0%| F|  |TAMS 0x00000007cee00000, 0x00000007cee00000| Untracked 
|1656|0x00000007cf000000, 0x00000007cf000000, 0x00000007cf200000|  0%| F|  |TAMS 0x00000007cf000000, 0x00000007cf000000| Untracked 
|1657|0x00000007cf200000, 0x00000007cf200000, 0x00000007cf400000|  0%| F|  |TAMS 0x00000007cf200000, 0x00000007cf200000| Untracked 
|1658|0x00000007cf400000, 0x00000007cf400000, 0x00000007cf600000|  0%| F|  |TAMS 0x00000007cf400000, 0x00000007cf400000| Untracked 
|1659|0x00000007cf600000, 0x00000007cf600000, 0x00000007cf800000|  0%| F|  |TAMS 0x00000007cf600000, 0x00000007cf600000| Untracked 
|1660|0x00000007cf800000, 0x00000007cf800000, 0x00000007cfa00000|  0%| F|  |TAMS 0x00000007cf800000, 0x00000007cf800000| Untracked 
|1661|0x00000007cfa00000, 0x00000007cfa00000, 0x00000007cfc00000|  0%| F|  |TAMS 0x00000007cfa00000, 0x00000007cfa00000| Untracked 
|1662|0x00000007cfc00000, 0x00000007cfc00000, 0x00000007cfe00000|  0%| F|  |TAMS 0x00000007cfc00000, 0x00000007cfc00000| Untracked 
|1663|0x00000007cfe00000, 0x00000007cfe00000, 0x00000007d0000000|  0%| F|  |TAMS 0x00000007cfe00000, 0x00000007cfe00000| Untracked 
|1664|0x00000007d0000000, 0x00000007d0000000, 0x00000007d0200000|  0%| F|  |TAMS 0x00000007d0000000, 0x00000007d0000000| Untracked 
|1665|0x00000007d0200000, 0x00000007d0200000, 0x00000007d0400000|  0%| F|  |TAMS 0x00000007d0200000, 0x00000007d0200000| Untracked 
|1666|0x00000007d0400000, 0x00000007d0400000, 0x00000007d0600000|  0%| F|  |TAMS 0x00000007d0400000, 0x00000007d0400000| Untracked 
|1667|0x00000007d0600000, 0x00000007d0600000, 0x00000007d0800000|  0%| F|  |TAMS 0x00000007d0600000, 0x00000007d0600000| Untracked 
|1668|0x00000007d0800000, 0x00000007d0800000, 0x00000007d0a00000|  0%| F|  |TAMS 0x00000007d0800000, 0x00000007d0800000| Untracked 
|1669|0x00000007d0a00000, 0x00000007d0a00000, 0x00000007d0c00000|  0%| F|  |TAMS 0x00000007d0a00000, 0x00000007d0a00000| Untracked 
|1670|0x00000007d0c00000, 0x00000007d0c00000, 0x00000007d0e00000|  0%| F|  |TAMS 0x00000007d0c00000, 0x00000007d0c00000| Untracked 
|1671|0x00000007d0e00000, 0x00000007d0e00000, 0x00000007d1000000|  0%| F|  |TAMS 0x00000007d0e00000, 0x00000007d0e00000| Untracked 
|1672|0x00000007d1000000, 0x00000007d1000000, 0x00000007d1200000|  0%| F|  |TAMS 0x00000007d1000000, 0x00000007d1000000| Untracked 
|1673|0x00000007d1200000, 0x00000007d1200000, 0x00000007d1400000|  0%| F|  |TAMS 0x00000007d1200000, 0x00000007d1200000| Untracked 
|1674|0x00000007d1400000, 0x00000007d1400000, 0x00000007d1600000|  0%| F|  |TAMS 0x00000007d1400000, 0x00000007d1400000| Untracked 
|1675|0x00000007d1600000, 0x00000007d1600000, 0x00000007d1800000|  0%| F|  |TAMS 0x00000007d1600000, 0x00000007d1600000| Untracked 
|1676|0x00000007d1800000, 0x00000007d1800000, 0x00000007d1a00000|  0%| F|  |TAMS 0x00000007d1800000, 0x00000007d1800000| Untracked 
|1677|0x00000007d1a00000, 0x00000007d1a00000, 0x00000007d1c00000|  0%| F|  |TAMS 0x00000007d1a00000, 0x00000007d1a00000| Untracked 
|1678|0x00000007d1c00000, 0x00000007d1c00000, 0x00000007d1e00000|  0%| F|  |TAMS 0x00000007d1c00000, 0x00000007d1c00000| Untracked 
|1679|0x00000007d1e00000, 0x00000007d1e00000, 0x00000007d2000000|  0%| F|  |TAMS 0x00000007d1e00000, 0x00000007d1e00000| Untracked 
|1680|0x00000007d2000000, 0x00000007d2000000, 0x00000007d2200000|  0%| F|  |TAMS 0x00000007d2000000, 0x00000007d2000000| Untracked 
|1681|0x00000007d2200000, 0x00000007d2200000, 0x00000007d2400000|  0%| F|  |TAMS 0x00000007d2200000, 0x00000007d2200000| Untracked 
|1682|0x00000007d2400000, 0x00000007d2400000, 0x00000007d2600000|  0%| F|  |TAMS 0x00000007d2400000, 0x00000007d2400000| Untracked 
|1683|0x00000007d2600000, 0x00000007d2600000, 0x00000007d2800000|  0%| F|  |TAMS 0x00000007d2600000, 0x00000007d2600000| Untracked 
|1684|0x00000007d2800000, 0x00000007d2800000, 0x00000007d2a00000|  0%| F|  |TAMS 0x00000007d2800000, 0x00000007d2800000| Untracked 
|1685|0x00000007d2a00000, 0x00000007d2a00000, 0x00000007d2c00000|  0%| F|  |TAMS 0x00000007d2a00000, 0x00000007d2a00000| Untracked 
|1686|0x00000007d2c00000, 0x00000007d2c00000, 0x00000007d2e00000|  0%| F|  |TAMS 0x00000007d2c00000, 0x00000007d2c00000| Untracked 
|1687|0x00000007d2e00000, 0x00000007d2e00000, 0x00000007d3000000|  0%| F|  |TAMS 0x00000007d2e00000, 0x00000007d2e00000| Untracked 
|1688|0x00000007d3000000, 0x00000007d3000000, 0x00000007d3200000|  0%| F|  |TAMS 0x00000007d3000000, 0x00000007d3000000| Untracked 
|1689|0x00000007d3200000, 0x00000007d3200000, 0x00000007d3400000|  0%| F|  |TAMS 0x00000007d3200000, 0x00000007d3200000| Untracked 
|1690|0x00000007d3400000, 0x00000007d3400000, 0x00000007d3600000|  0%| F|  |TAMS 0x00000007d3400000, 0x00000007d3400000| Untracked 
|1691|0x00000007d3600000, 0x00000007d3600000, 0x00000007d3800000|  0%| F|  |TAMS 0x00000007d3600000, 0x00000007d3600000| Untracked 
|1692|0x00000007d3800000, 0x00000007d3800000, 0x00000007d3a00000|  0%| F|  |TAMS 0x00000007d3800000, 0x00000007d3800000| Untracked 
|1693|0x00000007d3a00000, 0x00000007d3a00000, 0x00000007d3c00000|  0%| F|  |TAMS 0x00000007d3a00000, 0x00000007d3a00000| Untracked 
|1694|0x00000007d3c00000, 0x00000007d3c00000, 0x00000007d3e00000|  0%| F|  |TAMS 0x00000007d3c00000, 0x00000007d3c00000| Untracked 
|1695|0x00000007d3e00000, 0x00000007d3e00000, 0x00000007d4000000|  0%| F|  |TAMS 0x00000007d3e00000, 0x00000007d3e00000| Untracked 
|1696|0x00000007d4000000, 0x00000007d4000000, 0x00000007d4200000|  0%| F|  |TAMS 0x00000007d4000000, 0x00000007d4000000| Untracked 
|1697|0x00000007d4200000, 0x00000007d4200000, 0x00000007d4400000|  0%| F|  |TAMS 0x00000007d4200000, 0x00000007d4200000| Untracked 
|1698|0x00000007d4400000, 0x00000007d4400000, 0x00000007d4600000|  0%| F|  |TAMS 0x00000007d4400000, 0x00000007d4400000| Untracked 
|1699|0x00000007d4600000, 0x00000007d4600000, 0x00000007d4800000|  0%| F|  |TAMS 0x00000007d4600000, 0x00000007d4600000| Untracked 
|1700|0x00000007d4800000, 0x00000007d4800000, 0x00000007d4a00000|  0%| F|  |TAMS 0x00000007d4800000, 0x00000007d4800000| Untracked 
|1701|0x00000007d4a00000, 0x00000007d4a00000, 0x00000007d4c00000|  0%| F|  |TAMS 0x00000007d4a00000, 0x00000007d4a00000| Untracked 
|1702|0x00000007d4c00000, 0x00000007d4c00000, 0x00000007d4e00000|  0%| F|  |TAMS 0x00000007d4c00000, 0x00000007d4c00000| Untracked 
|1703|0x00000007d4e00000, 0x00000007d4e00000, 0x00000007d5000000|  0%| F|  |TAMS 0x00000007d4e00000, 0x00000007d4e00000| Untracked 
|1704|0x00000007d5000000, 0x00000007d5000000, 0x00000007d5200000|  0%| F|  |TAMS 0x00000007d5000000, 0x00000007d5000000| Untracked 
|1705|0x00000007d5200000, 0x00000007d5200000, 0x00000007d5400000|  0%| F|  |TAMS 0x00000007d5200000, 0x00000007d5200000| Untracked 
|1706|0x00000007d5400000, 0x00000007d5400000, 0x00000007d5600000|  0%| F|  |TAMS 0x00000007d5400000, 0x00000007d5400000| Untracked 
|1707|0x00000007d5600000, 0x00000007d5600000, 0x00000007d5800000|  0%| F|  |TAMS 0x00000007d5600000, 0x00000007d5600000| Untracked 
|1708|0x00000007d5800000, 0x00000007d5800000, 0x00000007d5a00000|  0%| F|  |TAMS 0x00000007d5800000, 0x00000007d5800000| Untracked 
|1709|0x00000007d5a00000, 0x00000007d5a00000, 0x00000007d5c00000|  0%| F|  |TAMS 0x00000007d5a00000, 0x00000007d5a00000| Untracked 
|1710|0x00000007d5c00000, 0x00000007d5c00000, 0x00000007d5e00000|  0%| F|  |TAMS 0x00000007d5c00000, 0x00000007d5c00000| Untracked 
|1711|0x00000007d5e00000, 0x00000007d5e00000, 0x00000007d6000000|  0%| F|  |TAMS 0x00000007d5e00000, 0x00000007d5e00000| Untracked 
|1712|0x00000007d6000000, 0x00000007d6000000, 0x00000007d6200000|  0%| F|  |TAMS 0x00000007d6000000, 0x00000007d6000000| Untracked 
|1713|0x00000007d6200000, 0x00000007d6200000, 0x00000007d6400000|  0%| F|  |TAMS 0x00000007d6200000, 0x00000007d6200000| Untracked 
|1714|0x00000007d6400000, 0x00000007d6400000, 0x00000007d6600000|  0%| F|  |TAMS 0x00000007d6400000, 0x00000007d6400000| Untracked 
|1715|0x00000007d6600000, 0x00000007d6600000, 0x00000007d6800000|  0%| F|  |TAMS 0x00000007d6600000, 0x00000007d6600000| Untracked 
|1716|0x00000007d6800000, 0x00000007d6800000, 0x00000007d6a00000|  0%| F|  |TAMS 0x00000007d6800000, 0x00000007d6800000| Untracked 
|1717|0x00000007d6a00000, 0x00000007d6a00000, 0x00000007d6c00000|  0%| F|  |TAMS 0x00000007d6a00000, 0x00000007d6a00000| Untracked 
|1718|0x00000007d6c00000, 0x00000007d6c00000, 0x00000007d6e00000|  0%| F|  |TAMS 0x00000007d6c00000, 0x00000007d6c00000| Untracked 
|1719|0x00000007d6e00000, 0x00000007d6e00000, 0x00000007d7000000|  0%| F|  |TAMS 0x00000007d6e00000, 0x00000007d6e00000| Untracked 
|1720|0x00000007d7000000, 0x00000007d7000000, 0x00000007d7200000|  0%| F|  |TAMS 0x00000007d7000000, 0x00000007d7000000| Untracked 
|1721|0x00000007d7200000, 0x00000007d7200000, 0x00000007d7400000|  0%| F|  |TAMS 0x00000007d7200000, 0x00000007d7200000| Untracked 
|1722|0x00000007d7400000, 0x00000007d7400000, 0x00000007d7600000|  0%| F|  |TAMS 0x00000007d7400000, 0x00000007d7400000| Untracked 
|1723|0x00000007d7600000, 0x00000007d7600000, 0x00000007d7800000|  0%| F|  |TAMS 0x00000007d7600000, 0x00000007d7600000| Untracked 
|1724|0x00000007d7800000, 0x00000007d7800000, 0x00000007d7a00000|  0%| F|  |TAMS 0x00000007d7800000, 0x00000007d7800000| Untracked 
|1725|0x00000007d7a00000, 0x00000007d7a00000, 0x00000007d7c00000|  0%| F|  |TAMS 0x00000007d7a00000, 0x00000007d7a00000| Untracked 
|1726|0x00000007d7c00000, 0x00000007d7c00000, 0x00000007d7e00000|  0%| F|  |TAMS 0x00000007d7c00000, 0x00000007d7c00000| Untracked 
|1727|0x00000007d7e00000, 0x00000007d7e00000, 0x00000007d8000000|  0%| F|  |TAMS 0x00000007d7e00000, 0x00000007d7e00000| Untracked 
|1728|0x00000007d8000000, 0x00000007d8000000, 0x00000007d8200000|  0%| F|  |TAMS 0x00000007d8000000, 0x00000007d8000000| Untracked 
|1729|0x00000007d8200000, 0x00000007d8200000, 0x00000007d8400000|  0%| F|  |TAMS 0x00000007d8200000, 0x00000007d8200000| Untracked 
|1730|0x00000007d8400000, 0x00000007d8400000, 0x00000007d8600000|  0%| F|  |TAMS 0x00000007d8400000, 0x00000007d8400000| Untracked 
|1731|0x00000007d8600000, 0x00000007d8600000, 0x00000007d8800000|  0%| F|  |TAMS 0x00000007d8600000, 0x00000007d8600000| Untracked 
|1732|0x00000007d8800000, 0x00000007d8800000, 0x00000007d8a00000|  0%| F|  |TAMS 0x00000007d8800000, 0x00000007d8800000| Untracked 
|1733|0x00000007d8a00000, 0x00000007d8a00000, 0x00000007d8c00000|  0%| F|  |TAMS 0x00000007d8a00000, 0x00000007d8a00000| Untracked 
|1734|0x00000007d8c00000, 0x00000007d8c00000, 0x00000007d8e00000|  0%| F|  |TAMS 0x00000007d8c00000, 0x00000007d8c00000| Untracked 
|1735|0x00000007d8e00000, 0x00000007d8e00000, 0x00000007d9000000|  0%| F|  |TAMS 0x00000007d8e00000, 0x00000007d8e00000| Untracked 
|1736|0x00000007d9000000, 0x00000007d9000000, 0x00000007d9200000|  0%| F|  |TAMS 0x00000007d9000000, 0x00000007d9000000| Untracked 
|1737|0x00000007d9200000, 0x00000007d9200000, 0x00000007d9400000|  0%| F|  |TAMS 0x00000007d9200000, 0x00000007d9200000| Untracked 
|1738|0x00000007d9400000, 0x00000007d9400000, 0x00000007d9600000|  0%| F|  |TAMS 0x00000007d9400000, 0x00000007d9400000| Untracked 
|1739|0x00000007d9600000, 0x00000007d9600000, 0x00000007d9800000|  0%| F|  |TAMS 0x00000007d9600000, 0x00000007d9600000| Untracked 
|1740|0x00000007d9800000, 0x00000007d9800000, 0x00000007d9a00000|  0%| F|  |TAMS 0x00000007d9800000, 0x00000007d9800000| Untracked 
|1741|0x00000007d9a00000, 0x00000007d9a00000, 0x00000007d9c00000|  0%| F|  |TAMS 0x00000007d9a00000, 0x00000007d9a00000| Untracked 
|1742|0x00000007d9c00000, 0x00000007d9c00000, 0x00000007d9e00000|  0%| F|  |TAMS 0x00000007d9c00000, 0x00000007d9c00000| Untracked 
|1743|0x00000007d9e00000, 0x00000007d9e00000, 0x00000007da000000|  0%| F|  |TAMS 0x00000007d9e00000, 0x00000007d9e00000| Untracked 
|1744|0x00000007da000000, 0x00000007da000000, 0x00000007da200000|  0%| F|  |TAMS 0x00000007da000000, 0x00000007da000000| Untracked 
|1745|0x00000007da200000, 0x00000007da200000, 0x00000007da400000|  0%| F|  |TAMS 0x00000007da200000, 0x00000007da200000| Untracked 
|1746|0x00000007da400000, 0x00000007da400000, 0x00000007da600000|  0%| F|  |TAMS 0x00000007da400000, 0x00000007da400000| Untracked 
|1747|0x00000007da600000, 0x00000007da600000, 0x00000007da800000|  0%| F|  |TAMS 0x00000007da600000, 0x00000007da600000| Untracked 
|1748|0x00000007da800000, 0x00000007da800000, 0x00000007daa00000|  0%| F|  |TAMS 0x00000007da800000, 0x00000007da800000| Untracked 
|1749|0x00000007daa00000, 0x00000007daa00000, 0x00000007dac00000|  0%| F|  |TAMS 0x00000007daa00000, 0x00000007daa00000| Untracked 
|1750|0x00000007dac00000, 0x00000007dac00000, 0x00000007dae00000|  0%| F|  |TAMS 0x00000007dac00000, 0x00000007dac00000| Untracked 
|1751|0x00000007dae00000, 0x00000007dae00000, 0x00000007db000000|  0%| F|  |TAMS 0x00000007dae00000, 0x00000007dae00000| Untracked 
|1752|0x00000007db000000, 0x00000007db000000, 0x00000007db200000|  0%| F|  |TAMS 0x00000007db000000, 0x00000007db000000| Untracked 
|1753|0x00000007db200000, 0x00000007db200000, 0x00000007db400000|  0%| F|  |TAMS 0x00000007db200000, 0x00000007db200000| Untracked 
|1754|0x00000007db400000, 0x00000007db400000, 0x00000007db600000|  0%| F|  |TAMS 0x00000007db400000, 0x00000007db400000| Untracked 
|1755|0x00000007db600000, 0x00000007db600000, 0x00000007db800000|  0%| F|  |TAMS 0x00000007db600000, 0x00000007db600000| Untracked 
|1756|0x00000007db800000, 0x00000007db800000, 0x00000007dba00000|  0%| F|  |TAMS 0x00000007db800000, 0x00000007db800000| Untracked 
|1757|0x00000007dba00000, 0x00000007dba00000, 0x00000007dbc00000|  0%| F|  |TAMS 0x00000007dba00000, 0x00000007dba00000| Untracked 
|1758|0x00000007dbc00000, 0x00000007dbc00000, 0x00000007dbe00000|  0%| F|  |TAMS 0x00000007dbc00000, 0x00000007dbc00000| Untracked 
|1759|0x00000007dbe00000, 0x00000007dbe00000, 0x00000007dc000000|  0%| F|  |TAMS 0x00000007dbe00000, 0x00000007dbe00000| Untracked 
|1760|0x00000007dc000000, 0x00000007dc000000, 0x00000007dc200000|  0%| F|  |TAMS 0x00000007dc000000, 0x00000007dc000000| Untracked 
|1761|0x00000007dc200000, 0x00000007dc200000, 0x00000007dc400000|  0%| F|  |TAMS 0x00000007dc200000, 0x00000007dc200000| Untracked 
|1762|0x00000007dc400000, 0x00000007dc400000, 0x00000007dc600000|  0%| F|  |TAMS 0x00000007dc400000, 0x00000007dc400000| Untracked 
|1763|0x00000007dc600000, 0x00000007dc600000, 0x00000007dc800000|  0%| F|  |TAMS 0x00000007dc600000, 0x00000007dc600000| Untracked 
|1764|0x00000007dc800000, 0x00000007dc800000, 0x00000007dca00000|  0%| F|  |TAMS 0x00000007dc800000, 0x00000007dc800000| Untracked 
|1765|0x00000007dca00000, 0x00000007dca00000, 0x00000007dcc00000|  0%| F|  |TAMS 0x00000007dca00000, 0x00000007dca00000| Untracked 
|1766|0x00000007dcc00000, 0x00000007dcc00000, 0x00000007dce00000|  0%| F|  |TAMS 0x00000007dcc00000, 0x00000007dcc00000| Untracked 
|1767|0x00000007dce00000, 0x00000007dce00000, 0x00000007dd000000|  0%| F|  |TAMS 0x00000007dce00000, 0x00000007dce00000| Untracked 
|1768|0x00000007dd000000, 0x00000007dd000000, 0x00000007dd200000|  0%| F|  |TAMS 0x00000007dd000000, 0x00000007dd000000| Untracked 
|1769|0x00000007dd200000, 0x00000007dd200000, 0x00000007dd400000|  0%| F|  |TAMS 0x00000007dd200000, 0x00000007dd200000| Untracked 
|1770|0x00000007dd400000, 0x00000007dd400000, 0x00000007dd600000|  0%| F|  |TAMS 0x00000007dd400000, 0x00000007dd400000| Untracked 
|1771|0x00000007dd600000, 0x00000007dd600000, 0x00000007dd800000|  0%| F|  |TAMS 0x00000007dd600000, 0x00000007dd600000| Untracked 
|1772|0x00000007dd800000, 0x00000007dd800000, 0x00000007dda00000|  0%| F|  |TAMS 0x00000007dd800000, 0x00000007dd800000| Untracked 
|1773|0x00000007dda00000, 0x00000007dda00000, 0x00000007ddc00000|  0%| F|  |TAMS 0x00000007dda00000, 0x00000007dda00000| Untracked 
|1774|0x00000007ddc00000, 0x00000007ddc00000, 0x00000007dde00000|  0%| F|  |TAMS 0x00000007ddc00000, 0x00000007ddc00000| Untracked 
|1775|0x00000007dde00000, 0x00000007dde00000, 0x00000007de000000|  0%| F|  |TAMS 0x00000007dde00000, 0x00000007dde00000| Untracked 
|1776|0x00000007de000000, 0x00000007de000000, 0x00000007de200000|  0%| F|  |TAMS 0x00000007de000000, 0x00000007de000000| Untracked 
|1777|0x00000007de200000, 0x00000007de200000, 0x00000007de400000|  0%| F|  |TAMS 0x00000007de200000, 0x00000007de200000| Untracked 
|1778|0x00000007de400000, 0x00000007de400000, 0x00000007de600000|  0%| F|  |TAMS 0x00000007de400000, 0x00000007de400000| Untracked 
|1779|0x00000007de600000, 0x00000007de600000, 0x00000007de800000|  0%| F|  |TAMS 0x00000007de600000, 0x00000007de600000| Untracked 
|1780|0x00000007de800000, 0x00000007de800000, 0x00000007dea00000|  0%| F|  |TAMS 0x00000007de800000, 0x00000007de800000| Untracked 
|1781|0x00000007dea00000, 0x00000007dea00000, 0x00000007dec00000|  0%| F|  |TAMS 0x00000007dea00000, 0x00000007dea00000| Untracked 
|1782|0x00000007dec00000, 0x00000007dec00000, 0x00000007dee00000|  0%| F|  |TAMS 0x00000007dec00000, 0x00000007dec00000| Untracked 
|1783|0x00000007dee00000, 0x00000007dee00000, 0x00000007df000000|  0%| F|  |TAMS 0x00000007dee00000, 0x00000007dee00000| Untracked 
|1784|0x00000007df000000, 0x00000007df000000, 0x00000007df200000|  0%| F|  |TAMS 0x00000007df000000, 0x00000007df000000| Untracked 
|1785|0x00000007df200000, 0x00000007df200000, 0x00000007df400000|  0%| F|  |TAMS 0x00000007df200000, 0x00000007df200000| Untracked 
|1786|0x00000007df400000, 0x00000007df400000, 0x00000007df600000|  0%| F|  |TAMS 0x00000007df400000, 0x00000007df400000| Untracked 
|1787|0x00000007df600000, 0x00000007df600000, 0x00000007df800000|  0%| F|  |TAMS 0x00000007df600000, 0x00000007df600000| Untracked 
|1788|0x00000007df800000, 0x00000007df800000, 0x00000007dfa00000|  0%| F|  |TAMS 0x00000007df800000, 0x00000007df800000| Untracked 
|1789|0x00000007dfa00000, 0x00000007dfa00000, 0x00000007dfc00000|  0%| F|  |TAMS 0x00000007dfa00000, 0x00000007dfa00000| Untracked 
|1790|0x00000007dfc00000, 0x00000007dfc00000, 0x00000007dfe00000|  0%| F|  |TAMS 0x00000007dfc00000, 0x00000007dfc00000| Untracked 
|1791|0x00000007dfe00000, 0x00000007dfe00000, 0x00000007e0000000|  0%| F|  |TAMS 0x00000007dfe00000, 0x00000007dfe00000| Untracked 
|1792|0x00000007e0000000, 0x00000007e0000000, 0x00000007e0200000|  0%| F|  |TAMS 0x00000007e0000000, 0x00000007e0000000| Untracked 
|1793|0x00000007e0200000, 0x00000007e0200000, 0x00000007e0400000|  0%| F|  |TAMS 0x00000007e0200000, 0x00000007e0200000| Untracked 
|1794|0x00000007e0400000, 0x00000007e0400000, 0x00000007e0600000|  0%| F|  |TAMS 0x00000007e0400000, 0x00000007e0400000| Untracked 
|1795|0x00000007e0600000, 0x00000007e0600000, 0x00000007e0800000|  0%| F|  |TAMS 0x00000007e0600000, 0x00000007e0600000| Untracked 
|1796|0x00000007e0800000, 0x00000007e0800000, 0x00000007e0a00000|  0%| F|  |TAMS 0x00000007e0800000, 0x00000007e0800000| Untracked 
|1797|0x00000007e0a00000, 0x00000007e0a00000, 0x00000007e0c00000|  0%| F|  |TAMS 0x00000007e0a00000, 0x00000007e0a00000| Untracked 
|1798|0x00000007e0c00000, 0x00000007e0c00000, 0x00000007e0e00000|  0%| F|  |TAMS 0x00000007e0c00000, 0x00000007e0c00000| Untracked 
|1799|0x00000007e0e00000, 0x00000007e0e00000, 0x00000007e1000000|  0%| F|  |TAMS 0x00000007e0e00000, 0x00000007e0e00000| Untracked 
|1800|0x00000007e1000000, 0x00000007e1000000, 0x00000007e1200000|  0%| F|  |TAMS 0x00000007e1000000, 0x00000007e1000000| Untracked 
|1801|0x00000007e1200000, 0x00000007e1200000, 0x00000007e1400000|  0%| F|  |TAMS 0x00000007e1200000, 0x00000007e1200000| Untracked 
|1802|0x00000007e1400000, 0x00000007e1400000, 0x00000007e1600000|  0%| F|  |TAMS 0x00000007e1400000, 0x00000007e1400000| Untracked 
|1803|0x00000007e1600000, 0x00000007e1600000, 0x00000007e1800000|  0%| F|  |TAMS 0x00000007e1600000, 0x00000007e1600000| Untracked 
|1804|0x00000007e1800000, 0x00000007e1800000, 0x00000007e1a00000|  0%| F|  |TAMS 0x00000007e1800000, 0x00000007e1800000| Untracked 
|1805|0x00000007e1a00000, 0x00000007e1a00000, 0x00000007e1c00000|  0%| F|  |TAMS 0x00000007e1a00000, 0x00000007e1a00000| Untracked 
|1806|0x00000007e1c00000, 0x00000007e1c00000, 0x00000007e1e00000|  0%| F|  |TAMS 0x00000007e1c00000, 0x00000007e1c00000| Untracked 
|1807|0x00000007e1e00000, 0x00000007e1e00000, 0x00000007e2000000|  0%| F|  |TAMS 0x00000007e1e00000, 0x00000007e1e00000| Untracked 
|1808|0x00000007e2000000, 0x00000007e2000000, 0x00000007e2200000|  0%| F|  |TAMS 0x00000007e2000000, 0x00000007e2000000| Untracked 
|1809|0x00000007e2200000, 0x00000007e2200000, 0x00000007e2400000|  0%| F|  |TAMS 0x00000007e2200000, 0x00000007e2200000| Untracked 
|1810|0x00000007e2400000, 0x00000007e2400000, 0x00000007e2600000|  0%| F|  |TAMS 0x00000007e2400000, 0x00000007e2400000| Untracked 
|1811|0x00000007e2600000, 0x00000007e2600000, 0x00000007e2800000|  0%| F|  |TAMS 0x00000007e2600000, 0x00000007e2600000| Untracked 
|1812|0x00000007e2800000, 0x00000007e2800000, 0x00000007e2a00000|  0%| F|  |TAMS 0x00000007e2800000, 0x00000007e2800000| Untracked 
|1813|0x00000007e2a00000, 0x00000007e2a00000, 0x00000007e2c00000|  0%| F|  |TAMS 0x00000007e2a00000, 0x00000007e2a00000| Untracked 
|1814|0x00000007e2c00000, 0x00000007e2c00000, 0x00000007e2e00000|  0%| F|  |TAMS 0x00000007e2c00000, 0x00000007e2c00000| Untracked 
|1815|0x00000007e2e00000, 0x00000007e2e00000, 0x00000007e3000000|  0%| F|  |TAMS 0x00000007e2e00000, 0x00000007e2e00000| Untracked 
|1816|0x00000007e3000000, 0x00000007e3000000, 0x00000007e3200000|  0%| F|  |TAMS 0x00000007e3000000, 0x00000007e3000000| Untracked 
|1817|0x00000007e3200000, 0x00000007e3200000, 0x00000007e3400000|  0%| F|  |TAMS 0x00000007e3200000, 0x00000007e3200000| Untracked 
|1818|0x00000007e3400000, 0x00000007e3400000, 0x00000007e3600000|  0%| F|  |TAMS 0x00000007e3400000, 0x00000007e3400000| Untracked 
|1819|0x00000007e3600000, 0x00000007e3600000, 0x00000007e3800000|  0%| F|  |TAMS 0x00000007e3600000, 0x00000007e3600000| Untracked 
|1820|0x00000007e3800000, 0x00000007e3800000, 0x00000007e3a00000|  0%| F|  |TAMS 0x00000007e3800000, 0x00000007e3800000| Untracked 
|1821|0x00000007e3a00000, 0x00000007e3a00000, 0x00000007e3c00000|  0%| F|  |TAMS 0x00000007e3a00000, 0x00000007e3a00000| Untracked 
|1822|0x00000007e3c00000, 0x00000007e3c00000, 0x00000007e3e00000|  0%| F|  |TAMS 0x00000007e3c00000, 0x00000007e3c00000| Untracked 
|1823|0x00000007e3e00000, 0x00000007e3e00000, 0x00000007e4000000|  0%| F|  |TAMS 0x00000007e3e00000, 0x00000007e3e00000| Untracked 
|1824|0x00000007e4000000, 0x00000007e4000000, 0x00000007e4200000|  0%| F|  |TAMS 0x00000007e4000000, 0x00000007e4000000| Untracked 
|1825|0x00000007e4200000, 0x00000007e4200000, 0x00000007e4400000|  0%| F|  |TAMS 0x00000007e4200000, 0x00000007e4200000| Untracked 
|1826|0x00000007e4400000, 0x00000007e4400000, 0x00000007e4600000|  0%| F|  |TAMS 0x00000007e4400000, 0x00000007e4400000| Untracked 
|1827|0x00000007e4600000, 0x00000007e4600000, 0x00000007e4800000|  0%| F|  |TAMS 0x00000007e4600000, 0x00000007e4600000| Untracked 
|1828|0x00000007e4800000, 0x00000007e4800000, 0x00000007e4a00000|  0%| F|  |TAMS 0x00000007e4800000, 0x00000007e4800000| Untracked 
|1829|0x00000007e4a00000, 0x00000007e4a00000, 0x00000007e4c00000|  0%| F|  |TAMS 0x00000007e4a00000, 0x00000007e4a00000| Untracked 
|1830|0x00000007e4c00000, 0x00000007e4c00000, 0x00000007e4e00000|  0%| F|  |TAMS 0x00000007e4c00000, 0x00000007e4c00000| Untracked 
|1831|0x00000007e4e00000, 0x00000007e4e00000, 0x00000007e5000000|  0%| F|  |TAMS 0x00000007e4e00000, 0x00000007e4e00000| Untracked 
|1832|0x00000007e5000000, 0x00000007e5000000, 0x00000007e5200000|  0%| F|  |TAMS 0x00000007e5000000, 0x00000007e5000000| Untracked 
|1833|0x00000007e5200000, 0x00000007e5200000, 0x00000007e5400000|  0%| F|  |TAMS 0x00000007e5200000, 0x00000007e5200000| Untracked 
|1834|0x00000007e5400000, 0x00000007e5400000, 0x00000007e5600000|  0%| F|  |TAMS 0x00000007e5400000, 0x00000007e5400000| Untracked 
|1835|0x00000007e5600000, 0x00000007e5600000, 0x00000007e5800000|  0%| F|  |TAMS 0x00000007e5600000, 0x00000007e5600000| Untracked 
|1836|0x00000007e5800000, 0x00000007e5800000, 0x00000007e5a00000|  0%| F|  |TAMS 0x00000007e5800000, 0x00000007e5800000| Untracked 
|1837|0x00000007e5a00000, 0x00000007e5a00000, 0x00000007e5c00000|  0%| F|  |TAMS 0x00000007e5a00000, 0x00000007e5a00000| Untracked 
|1838|0x00000007e5c00000, 0x00000007e5c00000, 0x00000007e5e00000|  0%| F|  |TAMS 0x00000007e5c00000, 0x00000007e5c00000| Untracked 
|1839|0x00000007e5e00000, 0x00000007e5e00000, 0x00000007e6000000|  0%| F|  |TAMS 0x00000007e5e00000, 0x00000007e5e00000| Untracked 
|1840|0x00000007e6000000, 0x00000007e6000000, 0x00000007e6200000|  0%| F|  |TAMS 0x00000007e6000000, 0x00000007e6000000| Untracked 
|1841|0x00000007e6200000, 0x00000007e6200000, 0x00000007e6400000|  0%| F|  |TAMS 0x00000007e6200000, 0x00000007e6200000| Untracked 
|1842|0x00000007e6400000, 0x00000007e6400000, 0x00000007e6600000|  0%| F|  |TAMS 0x00000007e6400000, 0x00000007e6400000| Untracked 
|1843|0x00000007e6600000, 0x00000007e6600000, 0x00000007e6800000|  0%| F|  |TAMS 0x00000007e6600000, 0x00000007e6600000| Untracked 
|1844|0x00000007e6800000, 0x00000007e6800000, 0x00000007e6a00000|  0%| F|  |TAMS 0x00000007e6800000, 0x00000007e6800000| Untracked 
|1845|0x00000007e6a00000, 0x00000007e6a00000, 0x00000007e6c00000|  0%| F|  |TAMS 0x00000007e6a00000, 0x00000007e6a00000| Untracked 
|1846|0x00000007e6c00000, 0x00000007e6c00000, 0x00000007e6e00000|  0%| F|  |TAMS 0x00000007e6c00000, 0x00000007e6c00000| Untracked 
|1847|0x00000007e6e00000, 0x00000007e6e00000, 0x00000007e7000000|  0%| F|  |TAMS 0x00000007e6e00000, 0x00000007e6e00000| Untracked 
|1848|0x00000007e7000000, 0x00000007e7000000, 0x00000007e7200000|  0%| F|  |TAMS 0x00000007e7000000, 0x00000007e7000000| Untracked 
|1849|0x00000007e7200000, 0x00000007e7200000, 0x00000007e7400000|  0%| F|  |TAMS 0x00000007e7200000, 0x00000007e7200000| Untracked 
|1850|0x00000007e7400000, 0x00000007e7400000, 0x00000007e7600000|  0%| F|  |TAMS 0x00000007e7400000, 0x00000007e7400000| Untracked 
|1851|0x00000007e7600000, 0x00000007e7600000, 0x00000007e7800000|  0%| F|  |TAMS 0x00000007e7600000, 0x00000007e7600000| Untracked 
|1852|0x00000007e7800000, 0x00000007e7800000, 0x00000007e7a00000|  0%| F|  |TAMS 0x00000007e7800000, 0x00000007e7800000| Untracked 
|1853|0x00000007e7a00000, 0x00000007e7a00000, 0x00000007e7c00000|  0%| F|  |TAMS 0x00000007e7a00000, 0x00000007e7a00000| Untracked 
|1854|0x00000007e7c00000, 0x00000007e7c00000, 0x00000007e7e00000|  0%| F|  |TAMS 0x00000007e7c00000, 0x00000007e7c00000| Untracked 
|1855|0x00000007e7e00000, 0x00000007e7e00000, 0x00000007e8000000|  0%| F|  |TAMS 0x00000007e7e00000, 0x00000007e7e00000| Untracked 
|1856|0x00000007e8000000, 0x00000007e8000000, 0x00000007e8200000|  0%| F|  |TAMS 0x00000007e8000000, 0x00000007e8000000| Untracked 
|1857|0x00000007e8200000, 0x00000007e8200000, 0x00000007e8400000|  0%| F|  |TAMS 0x00000007e8200000, 0x00000007e8200000| Untracked 
|1858|0x00000007e8400000, 0x00000007e8400000, 0x00000007e8600000|  0%| F|  |TAMS 0x00000007e8400000, 0x00000007e8400000| Untracked 
|1859|0x00000007e8600000, 0x00000007e8600000, 0x00000007e8800000|  0%| F|  |TAMS 0x00000007e8600000, 0x00000007e8600000| Untracked 
|1860|0x00000007e8800000, 0x00000007e8800000, 0x00000007e8a00000|  0%| F|  |TAMS 0x00000007e8800000, 0x00000007e8800000| Untracked 
|1861|0x00000007e8a00000, 0x00000007e8a00000, 0x00000007e8c00000|  0%| F|  |TAMS 0x00000007e8a00000, 0x00000007e8a00000| Untracked 
|1862|0x00000007e8c00000, 0x00000007e8c00000, 0x00000007e8e00000|  0%| F|  |TAMS 0x00000007e8c00000, 0x00000007e8c00000| Untracked 
|1863|0x00000007e8e00000, 0x00000007e8e00000, 0x00000007e9000000|  0%| F|  |TAMS 0x00000007e8e00000, 0x00000007e8e00000| Untracked 
|1864|0x00000007e9000000, 0x00000007e9000000, 0x00000007e9200000|  0%| F|  |TAMS 0x00000007e9000000, 0x00000007e9000000| Untracked 
|1865|0x00000007e9200000, 0x00000007e9200000, 0x00000007e9400000|  0%| F|  |TAMS 0x00000007e9200000, 0x00000007e9200000| Untracked 
|1866|0x00000007e9400000, 0x00000007e9400000, 0x00000007e9600000|  0%| F|  |TAMS 0x00000007e9400000, 0x00000007e9400000| Untracked 
|1867|0x00000007e9600000, 0x00000007e9600000, 0x00000007e9800000|  0%| F|  |TAMS 0x00000007e9600000, 0x00000007e9600000| Untracked 
|1868|0x00000007e9800000, 0x00000007e9800000, 0x00000007e9a00000|  0%| F|  |TAMS 0x00000007e9800000, 0x00000007e9800000| Untracked 
|1869|0x00000007e9a00000, 0x00000007e9a00000, 0x00000007e9c00000|  0%| F|  |TAMS 0x00000007e9a00000, 0x00000007e9a00000| Untracked 
|1870|0x00000007e9c00000, 0x00000007e9c00000, 0x00000007e9e00000|  0%| F|  |TAMS 0x00000007e9c00000, 0x00000007e9c00000| Untracked 
|1871|0x00000007e9e00000, 0x00000007e9e00000, 0x00000007ea000000|  0%| F|  |TAMS 0x00000007e9e00000, 0x00000007e9e00000| Untracked 
|1872|0x00000007ea000000, 0x00000007ea000000, 0x00000007ea200000|  0%| F|  |TAMS 0x00000007ea000000, 0x00000007ea000000| Untracked 
|1873|0x00000007ea200000, 0x00000007ea200000, 0x00000007ea400000|  0%| F|  |TAMS 0x00000007ea200000, 0x00000007ea200000| Untracked 
|1874|0x00000007ea400000, 0x00000007ea400000, 0x00000007ea600000|  0%| F|  |TAMS 0x00000007ea400000, 0x00000007ea400000| Untracked 
|1875|0x00000007ea600000, 0x00000007ea600000, 0x00000007ea800000|  0%| F|  |TAMS 0x00000007ea600000, 0x00000007ea600000| Untracked 
|1876|0x00000007ea800000, 0x00000007ea800000, 0x00000007eaa00000|  0%| F|  |TAMS 0x00000007ea800000, 0x00000007ea800000| Untracked 
|1877|0x00000007eaa00000, 0x00000007eaa00000, 0x00000007eac00000|  0%| F|  |TAMS 0x00000007eaa00000, 0x00000007eaa00000| Untracked 
|1878|0x00000007eac00000, 0x00000007eac00000, 0x00000007eae00000|  0%| F|  |TAMS 0x00000007eac00000, 0x00000007eac00000| Untracked 
|1879|0x00000007eae00000, 0x00000007eae00000, 0x00000007eb000000|  0%| F|  |TAMS 0x00000007eae00000, 0x00000007eae00000| Untracked 
|1880|0x00000007eb000000, 0x00000007eb000000, 0x00000007eb200000|  0%| F|  |TAMS 0x00000007eb000000, 0x00000007eb000000| Untracked 
|1881|0x00000007eb200000, 0x00000007eb200000, 0x00000007eb400000|  0%| F|  |TAMS 0x00000007eb200000, 0x00000007eb200000| Untracked 
|1882|0x00000007eb400000, 0x00000007eb400000, 0x00000007eb600000|  0%| F|  |TAMS 0x00000007eb400000, 0x00000007eb400000| Untracked 
|1883|0x00000007eb600000, 0x00000007eb600000, 0x00000007eb800000|  0%| F|  |TAMS 0x00000007eb600000, 0x00000007eb600000| Untracked 
|1884|0x00000007eb800000, 0x00000007eb800000, 0x00000007eba00000|  0%| F|  |TAMS 0x00000007eb800000, 0x00000007eb800000| Untracked 
|1885|0x00000007eba00000, 0x00000007eba00000, 0x00000007ebc00000|  0%| F|  |TAMS 0x00000007eba00000, 0x00000007eba00000| Untracked 
|1886|0x00000007ebc00000, 0x00000007ebc00000, 0x00000007ebe00000|  0%| F|  |TAMS 0x00000007ebc00000, 0x00000007ebc00000| Untracked 
|1887|0x00000007ebe00000, 0x00000007ebe00000, 0x00000007ec000000|  0%| F|  |TAMS 0x00000007ebe00000, 0x00000007ebe00000| Untracked 
|1888|0x00000007ec000000, 0x00000007ec000000, 0x00000007ec200000|  0%| F|  |TAMS 0x00000007ec000000, 0x00000007ec000000| Untracked 
|1889|0x00000007ec200000, 0x00000007ec200000, 0x00000007ec400000|  0%| F|  |TAMS 0x00000007ec200000, 0x00000007ec200000| Untracked 
|1890|0x00000007ec400000, 0x00000007ec400000, 0x00000007ec600000|  0%| F|  |TAMS 0x00000007ec400000, 0x00000007ec400000| Untracked 
|1891|0x00000007ec600000, 0x00000007ec600000, 0x00000007ec800000|  0%| F|  |TAMS 0x00000007ec600000, 0x00000007ec600000| Untracked 
|1892|0x00000007ec800000, 0x00000007ec800000, 0x00000007eca00000|  0%| F|  |TAMS 0x00000007ec800000, 0x00000007ec800000| Untracked 
|1893|0x00000007eca00000, 0x00000007eca00000, 0x00000007ecc00000|  0%| F|  |TAMS 0x00000007eca00000, 0x00000007eca00000| Untracked 
|1894|0x00000007ecc00000, 0x00000007ecc00000, 0x00000007ece00000|  0%| F|  |TAMS 0x00000007ecc00000, 0x00000007ecc00000| Untracked 
|1895|0x00000007ece00000, 0x00000007ece00000, 0x00000007ed000000|  0%| F|  |TAMS 0x00000007ece00000, 0x00000007ece00000| Untracked 
|1896|0x00000007ed000000, 0x00000007ed000000, 0x00000007ed200000|  0%| F|  |TAMS 0x00000007ed000000, 0x00000007ed000000| Untracked 
|1897|0x00000007ed200000, 0x00000007ed200000, 0x00000007ed400000|  0%| F|  |TAMS 0x00000007ed200000, 0x00000007ed200000| Untracked 
|1898|0x00000007ed400000, 0x00000007ed400000, 0x00000007ed600000|  0%| F|  |TAMS 0x00000007ed400000, 0x00000007ed400000| Untracked 
|1899|0x00000007ed600000, 0x00000007ed600000, 0x00000007ed800000|  0%| F|  |TAMS 0x00000007ed600000, 0x00000007ed600000| Untracked 
|1900|0x00000007ed800000, 0x00000007ed800000, 0x00000007eda00000|  0%| F|  |TAMS 0x00000007ed800000, 0x00000007ed800000| Untracked 
|1901|0x00000007eda00000, 0x00000007eda00000, 0x00000007edc00000|  0%| F|  |TAMS 0x00000007eda00000, 0x00000007eda00000| Untracked 
|1902|0x00000007edc00000, 0x00000007edc00000, 0x00000007ede00000|  0%| F|  |TAMS 0x00000007edc00000, 0x00000007edc00000| Untracked 
|1903|0x00000007ede00000, 0x00000007ede00000, 0x00000007ee000000|  0%| F|  |TAMS 0x00000007ede00000, 0x00000007ede00000| Untracked 
|1904|0x00000007ee000000, 0x00000007ee000000, 0x00000007ee200000|  0%| F|  |TAMS 0x00000007ee000000, 0x00000007ee000000| Untracked 
|1905|0x00000007ee200000, 0x00000007ee200000, 0x00000007ee400000|  0%| F|  |TAMS 0x00000007ee200000, 0x00000007ee200000| Untracked 
|1906|0x00000007ee400000, 0x00000007ee400000, 0x00000007ee600000|  0%| F|  |TAMS 0x00000007ee400000, 0x00000007ee400000| Untracked 
|1907|0x00000007ee600000, 0x00000007ee600000, 0x00000007ee800000|  0%| F|  |TAMS 0x00000007ee600000, 0x00000007ee600000| Untracked 
|1908|0x00000007ee800000, 0x00000007ee800000, 0x00000007eea00000|  0%| F|  |TAMS 0x00000007ee800000, 0x00000007ee800000| Untracked 
|1909|0x00000007eea00000, 0x00000007eea00000, 0x00000007eec00000|  0%| F|  |TAMS 0x00000007eea00000, 0x00000007eea00000| Untracked 
|1910|0x00000007eec00000, 0x00000007eec00000, 0x00000007eee00000|  0%| F|  |TAMS 0x00000007eec00000, 0x00000007eec00000| Untracked 
|1911|0x00000007eee00000, 0x00000007eee00000, 0x00000007ef000000|  0%| F|  |TAMS 0x00000007eee00000, 0x00000007eee00000| Untracked 
|1912|0x00000007ef000000, 0x00000007ef000000, 0x00000007ef200000|  0%| F|  |TAMS 0x00000007ef000000, 0x00000007ef000000| Untracked 
|1913|0x00000007ef200000, 0x00000007ef200000, 0x00000007ef400000|  0%| F|  |TAMS 0x00000007ef200000, 0x00000007ef200000| Untracked 
|1914|0x00000007ef400000, 0x00000007ef400000, 0x00000007ef600000|  0%| F|  |TAMS 0x00000007ef400000, 0x00000007ef400000| Untracked 
|1915|0x00000007ef600000, 0x00000007ef600000, 0x00000007ef800000|  0%| F|  |TAMS 0x00000007ef600000, 0x00000007ef600000| Untracked 
|1916|0x00000007ef800000, 0x00000007ef800000, 0x00000007efa00000|  0%| F|  |TAMS 0x00000007ef800000, 0x00000007ef800000| Untracked 
|1917|0x00000007efa00000, 0x00000007efa00000, 0x00000007efc00000|  0%| F|  |TAMS 0x00000007efa00000, 0x00000007efa00000| Untracked 
|1918|0x00000007efc00000, 0x00000007efc00000, 0x00000007efe00000|  0%| F|  |TAMS 0x00000007efc00000, 0x00000007efc00000| Untracked 
|1919|0x00000007efe00000, 0x00000007efe00000, 0x00000007f0000000|  0%| F|  |TAMS 0x00000007efe00000, 0x00000007efe00000| Untracked 
|1920|0x00000007f0000000, 0x00000007f0000000, 0x00000007f0200000|  0%| F|  |TAMS 0x00000007f0000000, 0x00000007f0000000| Untracked 
|1921|0x00000007f0200000, 0x00000007f0200000, 0x00000007f0400000|  0%| F|  |TAMS 0x00000007f0200000, 0x00000007f0200000| Untracked 
|1922|0x00000007f0400000, 0x00000007f0400000, 0x00000007f0600000|  0%| F|  |TAMS 0x00000007f0400000, 0x00000007f0400000| Untracked 
|1923|0x00000007f0600000, 0x00000007f0600000, 0x00000007f0800000|  0%| F|  |TAMS 0x00000007f0600000, 0x00000007f0600000| Untracked 
|1924|0x00000007f0800000, 0x00000007f0800000, 0x00000007f0a00000|  0%| F|  |TAMS 0x00000007f0800000, 0x00000007f0800000| Untracked 
|1925|0x00000007f0a00000, 0x00000007f0a00000, 0x00000007f0c00000|  0%| F|  |TAMS 0x00000007f0a00000, 0x00000007f0a00000| Untracked 
|1926|0x00000007f0c00000, 0x00000007f0c00000, 0x00000007f0e00000|  0%| F|  |TAMS 0x00000007f0c00000, 0x00000007f0c00000| Untracked 
|1927|0x00000007f0e00000, 0x00000007f0e00000, 0x00000007f1000000|  0%| F|  |TAMS 0x00000007f0e00000, 0x00000007f0e00000| Untracked 
|1928|0x00000007f1000000, 0x00000007f1000000, 0x00000007f1200000|  0%| F|  |TAMS 0x00000007f1000000, 0x00000007f1000000| Untracked 
|1929|0x00000007f1200000, 0x00000007f1200000, 0x00000007f1400000|  0%| F|  |TAMS 0x00000007f1200000, 0x00000007f1200000| Untracked 
|1930|0x00000007f1400000, 0x00000007f1400000, 0x00000007f1600000|  0%| F|  |TAMS 0x00000007f1400000, 0x00000007f1400000| Untracked 
|1931|0x00000007f1600000, 0x00000007f1600000, 0x00000007f1800000|  0%| F|  |TAMS 0x00000007f1600000, 0x00000007f1600000| Untracked 
|1932|0x00000007f1800000, 0x00000007f1800000, 0x00000007f1a00000|  0%| F|  |TAMS 0x00000007f1800000, 0x00000007f1800000| Untracked 
|1933|0x00000007f1a00000, 0x00000007f1a00000, 0x00000007f1c00000|  0%| F|  |TAMS 0x00000007f1a00000, 0x00000007f1a00000| Untracked 
|1934|0x00000007f1c00000, 0x00000007f1c00000, 0x00000007f1e00000|  0%| F|  |TAMS 0x00000007f1c00000, 0x00000007f1c00000| Untracked 
|1935|0x00000007f1e00000, 0x00000007f1e00000, 0x00000007f2000000|  0%| F|  |TAMS 0x00000007f1e00000, 0x00000007f1e00000| Untracked 
|1936|0x00000007f2000000, 0x00000007f2000000, 0x00000007f2200000|  0%| F|  |TAMS 0x00000007f2000000, 0x00000007f2000000| Untracked 
|1937|0x00000007f2200000, 0x00000007f2200000, 0x00000007f2400000|  0%| F|  |TAMS 0x00000007f2200000, 0x00000007f2200000| Untracked 
|1938|0x00000007f2400000, 0x00000007f2400000, 0x00000007f2600000|  0%| F|  |TAMS 0x00000007f2400000, 0x00000007f2400000| Untracked 
|1939|0x00000007f2600000, 0x00000007f2600000, 0x00000007f2800000|  0%| F|  |TAMS 0x00000007f2600000, 0x00000007f2600000| Untracked 
|1940|0x00000007f2800000, 0x00000007f2800000, 0x00000007f2a00000|  0%| F|  |TAMS 0x00000007f2800000, 0x00000007f2800000| Untracked 
|1941|0x00000007f2a00000, 0x00000007f2a00000, 0x00000007f2c00000|  0%| F|  |TAMS 0x00000007f2a00000, 0x00000007f2a00000| Untracked 
|1942|0x00000007f2c00000, 0x00000007f2c00000, 0x00000007f2e00000|  0%| F|  |TAMS 0x00000007f2c00000, 0x00000007f2c00000| Untracked 
|1943|0x00000007f2e00000, 0x00000007f2e00000, 0x00000007f3000000|  0%| F|  |TAMS 0x00000007f2e00000, 0x00000007f2e00000| Untracked 
|1944|0x00000007f3000000, 0x00000007f3000000, 0x00000007f3200000|  0%| F|  |TAMS 0x00000007f3000000, 0x00000007f3000000| Untracked 
|1945|0x00000007f3200000, 0x00000007f3200000, 0x00000007f3400000|  0%| F|  |TAMS 0x00000007f3200000, 0x00000007f3200000| Untracked 
|1946|0x00000007f3400000, 0x00000007f3400000, 0x00000007f3600000|  0%| F|  |TAMS 0x00000007f3400000, 0x00000007f3400000| Untracked 
|1947|0x00000007f3600000, 0x00000007f3600000, 0x00000007f3800000|  0%| F|  |TAMS 0x00000007f3600000, 0x00000007f3600000| Untracked 
|1948|0x00000007f3800000, 0x00000007f3800000, 0x00000007f3a00000|  0%| F|  |TAMS 0x00000007f3800000, 0x00000007f3800000| Untracked 
|1949|0x00000007f3a00000, 0x00000007f3a00000, 0x00000007f3c00000|  0%| F|  |TAMS 0x00000007f3a00000, 0x00000007f3a00000| Untracked 
|1950|0x00000007f3c00000, 0x00000007f3c00000, 0x00000007f3e00000|  0%| F|  |TAMS 0x00000007f3c00000, 0x00000007f3c00000| Untracked 
|1951|0x00000007f3e00000, 0x00000007f3e00000, 0x00000007f4000000|  0%| F|  |TAMS 0x00000007f3e00000, 0x00000007f3e00000| Untracked 
|1952|0x00000007f4000000, 0x00000007f4000000, 0x00000007f4200000|  0%| F|  |TAMS 0x00000007f4000000, 0x00000007f4000000| Untracked 
|1953|0x00000007f4200000, 0x00000007f4200000, 0x00000007f4400000|  0%| F|  |TAMS 0x00000007f4200000, 0x00000007f4200000| Untracked 
|1954|0x00000007f4400000, 0x00000007f4400000, 0x00000007f4600000|  0%| F|  |TAMS 0x00000007f4400000, 0x00000007f4400000| Untracked 
|1955|0x00000007f4600000, 0x00000007f4600000, 0x00000007f4800000|  0%| F|  |TAMS 0x00000007f4600000, 0x00000007f4600000| Untracked 
|1956|0x00000007f4800000, 0x00000007f4800000, 0x00000007f4a00000|  0%| F|  |TAMS 0x00000007f4800000, 0x00000007f4800000| Untracked 
|1957|0x00000007f4a00000, 0x00000007f4a00000, 0x00000007f4c00000|  0%| F|  |TAMS 0x00000007f4a00000, 0x00000007f4a00000| Untracked 
|1958|0x00000007f4c00000, 0x00000007f4c00000, 0x00000007f4e00000|  0%| F|  |TAMS 0x00000007f4c00000, 0x00000007f4c00000| Untracked 
|1959|0x00000007f4e00000, 0x00000007f4e00000, 0x00000007f5000000|  0%| F|  |TAMS 0x00000007f4e00000, 0x00000007f4e00000| Untracked 
|1960|0x00000007f5000000, 0x00000007f5000000, 0x00000007f5200000|  0%| F|  |TAMS 0x00000007f5000000, 0x00000007f5000000| Untracked 
|1961|0x00000007f5200000, 0x00000007f5200000, 0x00000007f5400000|  0%| F|  |TAMS 0x00000007f5200000, 0x00000007f5200000| Untracked 
|1962|0x00000007f5400000, 0x00000007f5400000, 0x00000007f5600000|  0%| F|  |TAMS 0x00000007f5400000, 0x00000007f5400000| Untracked 
|1963|0x00000007f5600000, 0x00000007f5600000, 0x00000007f5800000|  0%| F|  |TAMS 0x00000007f5600000, 0x00000007f5600000| Untracked 
|1964|0x00000007f5800000, 0x00000007f5800000, 0x00000007f5a00000|  0%| F|  |TAMS 0x00000007f5800000, 0x00000007f5800000| Untracked 
|1965|0x00000007f5a00000, 0x00000007f5a00000, 0x00000007f5c00000|  0%| F|  |TAMS 0x00000007f5a00000, 0x00000007f5a00000| Untracked 
|1966|0x00000007f5c00000, 0x00000007f5c00000, 0x00000007f5e00000|  0%| F|  |TAMS 0x00000007f5c00000, 0x00000007f5c00000| Untracked 
|1967|0x00000007f5e00000, 0x00000007f5e00000, 0x00000007f6000000|  0%| F|  |TAMS 0x00000007f5e00000, 0x00000007f5e00000| Untracked 
|1968|0x00000007f6000000, 0x00000007f6000000, 0x00000007f6200000|  0%| F|  |TAMS 0x00000007f6000000, 0x00000007f6000000| Untracked 
|1969|0x00000007f6200000, 0x00000007f6200000, 0x00000007f6400000|  0%| F|  |TAMS 0x00000007f6200000, 0x00000007f6200000| Untracked 
|1970|0x00000007f6400000, 0x00000007f6400000, 0x00000007f6600000|  0%| F|  |TAMS 0x00000007f6400000, 0x00000007f6400000| Untracked 
|1971|0x00000007f6600000, 0x00000007f6600000, 0x00000007f6800000|  0%| F|  |TAMS 0x00000007f6600000, 0x00000007f6600000| Untracked 
|1972|0x00000007f6800000, 0x00000007f6800000, 0x00000007f6a00000|  0%| F|  |TAMS 0x00000007f6800000, 0x00000007f6800000| Untracked 
|1973|0x00000007f6a00000, 0x00000007f6a00000, 0x00000007f6c00000|  0%| F|  |TAMS 0x00000007f6a00000, 0x00000007f6a00000| Untracked 
|1974|0x00000007f6c00000, 0x00000007f6c00000, 0x00000007f6e00000|  0%| F|  |TAMS 0x00000007f6c00000, 0x00000007f6c00000| Untracked 
|1975|0x00000007f6e00000, 0x00000007f6e00000, 0x00000007f7000000|  0%| F|  |TAMS 0x00000007f6e00000, 0x00000007f6e00000| Untracked 
|1976|0x00000007f7000000, 0x00000007f7000000, 0x00000007f7200000|  0%| F|  |TAMS 0x00000007f7000000, 0x00000007f7000000| Untracked 
|1977|0x00000007f7200000, 0x00000007f7200000, 0x00000007f7400000|  0%| F|  |TAMS 0x00000007f7200000, 0x00000007f7200000| Untracked 
|1978|0x00000007f7400000, 0x00000007f7400000, 0x00000007f7600000|  0%| F|  |TAMS 0x00000007f7400000, 0x00000007f7400000| Untracked 
|1979|0x00000007f7600000, 0x00000007f7600000, 0x00000007f7800000|  0%| F|  |TAMS 0x00000007f7600000, 0x00000007f7600000| Untracked 
|1980|0x00000007f7800000, 0x00000007f7800000, 0x00000007f7a00000|  0%| F|  |TAMS 0x00000007f7800000, 0x00000007f7800000| Untracked 
|1981|0x00000007f7a00000, 0x00000007f7a00000, 0x00000007f7c00000|  0%| F|  |TAMS 0x00000007f7a00000, 0x00000007f7a00000| Untracked 
|1982|0x00000007f7c00000, 0x00000007f7c00000, 0x00000007f7e00000|  0%| F|  |TAMS 0x00000007f7c00000, 0x00000007f7c00000| Untracked 
|1983|0x00000007f7e00000, 0x00000007f7e00000, 0x00000007f8000000|  0%| F|  |TAMS 0x00000007f7e00000, 0x00000007f7e00000| Untracked 
|1984|0x00000007f8000000, 0x00000007f8000000, 0x00000007f8200000|  0%| F|  |TAMS 0x00000007f8000000, 0x00000007f8000000| Untracked 
|1985|0x00000007f8200000, 0x00000007f8200000, 0x00000007f8400000|  0%| F|  |TAMS 0x00000007f8200000, 0x00000007f8200000| Untracked 
|1986|0x00000007f8400000, 0x00000007f8466950, 0x00000007f8600000| 20%| S|CS|TAMS 0x00000007f8400000, 0x00000007f8400000| Complete 
|1987|0x00000007f8600000, 0x00000007f8600000, 0x00000007f8800000|  0%| F|  |TAMS 0x00000007f8600000, 0x00000007f8600000| Untracked 
|1988|0x00000007f8800000, 0x00000007f8a00000, 0x00000007f8a00000|100%| E|  |TAMS 0x00000007f8800000, 0x00000007f8800000| Complete 
|1989|0x00000007f8a00000, 0x00000007f8c00000, 0x00000007f8c00000|100%| E|CS|TAMS 0x00000007f8a00000, 0x00000007f8a00000| Complete 
|2046|0x00000007ffc00000, 0x00000007ffd44000, 0x00000007ffe00000| 63%|OA|  |TAMS 0x00000007ffd44000, 0x00000007ffc00000| Untracked 
|2047|0x00000007ffe00000, 0x00000007ffe80000, 0x0000000800000000| 25%|CA|  |TAMS 0x00000007ffe80000, 0x00000007ffe00000| Untracked 

Card table byte_map: [0x000000010e984000,0x000000010f184000] _byte_map_base: 0x000000010b184000

Marking Bits (Prev, Next): (CMBitMap*) 0x000000013d02ae50, (CMBitMap*) 0x000000013d02ae10
 Prev Bits: [0x0000000128000000, 0x000000012c000000)
 Next Bits: [0x0000000118000000, 0x000000011c000000)

Polling page: 0x0000000102d7c000

Metaspace:

Usage:
  Non-class:     44.26 MB used.
      Class:      5.84 MB used.
       Both:     50.10 MB used.

Virtual space:
  Non-class space:       64.00 MB reserved,      44.50 MB ( 70%) committed,  1 nodes.
      Class space:        1.00 GB reserved,       6.06 MB ( <1%) committed,  1 nodes.
             Both:        1.06 GB reserved,      50.56 MB (  5%) committed. 

Chunk freelists:
   Non-Class:  2.62 MB
       Class:  9.99 MB
        Both:  12.61 MB

MaxMetaspaceSize: unlimited
CompressedClassSpaceSize: 1.00 GB
Initial GC threshold: 21.00 MB
Current GC threshold: 84.31 MB
CDS: on
MetaspaceReclaimPolicy: balanced
 - commit_granule_bytes: 65536.
 - commit_granule_words: 8192.
 - virtual_space_node_default_size: 8388608.
 - enlarge_chunks_in_place: 1.
 - new_chunks_are_fully_committed: 0.
 - uncommit_free_chunks: 1.
 - use_allocation_guard: 0.
 - handle_deallocations: 1.


Internal statistics:

num_allocs_failed_limit: 6.
num_arena_births: 582.
num_arena_deaths: 2.
num_vsnodes_births: 2.
num_vsnodes_deaths: 0.
num_space_committed: 807.
num_space_uncommitted: 0.
num_chunks_returned_to_freelist: 9.
num_chunks_taken_from_freelist: 2187.
num_chunk_merges: 3.
num_chunk_splits: 1544.
num_chunks_enlarged: 1210.
num_inconsistent_stats: 0.

CodeHeap 'non-profiled nmethods': size=119472Kb used=1562Kb max_used=1562Kb free=117910Kb
 bounds [0x000000015fb54000, 0x000000015fdc4000, 0x0000000167000000]
CodeHeap 'profiled nmethods': size=119456Kb used=9841Kb max_used=10987Kb free=109614Kb
 bounds [0x0000000158000000, 0x0000000158ac0000, 0x000000015f4a8000]
CodeHeap 'non-nmethods': size=6832Kb used=2369Kb max_used=2929Kb free=4462Kb
 bounds [0x000000015f4a8000, 0x000000015f788000, 0x000000015fb54000]
 total_blobs=5360 nmethods=4112 adapters=1159
 compilation: enabled
              stopped_count=0, restarted_count=0
 full_count=0

JVMCI Events (20 events):
Event: 2.668 Thread 0x000000011c808200 compacted oop handles in JVMCI runtime 0 from 146 to 101
Event: 2.676 Thread 0x000000011c808200 compacted oop handles in JVMCI runtime 0 from 111 to 100
Event: 2.693 Thread 0x000000011c808200 compacted oop handles in JVMCI runtime 0 from 114 to 102
Event: 2.700 Thread 0x000000011c808200 compacted oop handles in JVMCI runtime 0 from 106 to 92
Event: 2.719 Thread 0x000000011c808200 compacted oop handles in JVMCI runtime 0 from 121 to 115
Event: 2.814 Thread 0x000000011c808200 compacted oop handles in JVMCI runtime 0 from 123 to 101
Event: 2.843 Thread 0x000000011c808200 compacted oop handles in JVMCI runtime 0 from 125 to 105
Event: 2.853 Thread 0x000000011c808200 compacted oop handles in JVMCI runtime 0 from 109 to 95
Event: 2.863 Thread 0x000000011c808200 compacted oop handles in JVMCI runtime 0 from 100 to 96
Event: 2.905 Thread 0x000000011c808200 compacted oop handles in JVMCI runtime 0 from 101 to 96
Event: 2.916 Thread 0x000000011c808200 compacted oop handles in JVMCI runtime 0 from 142 to 132
Event: 3.028 Thread 0x000000011c808200 compacted oop handles in JVMCI runtime 0 from 133 to 118
Event: 3.178 Thread 0x000000011c808200 compacted oop handles in JVMCI runtime 0 from 136 to 105
Event: 3.240 Thread 0x000000011c808200 compacted oop handles in JVMCI runtime 0 from 125 to 123
Event: 3.241 Thread 0x000000011c808200 compacted oop handles in JVMCI runtime 0 from 124 to 118
Event: 3.926 Thread 0x000000011c808200 compacted oop handles in JVMCI runtime 0 from 483 to 378
Event: 3.926 Thread 0x000000011c808200 compacted oop handles in JVMCI runtime 0 from 379 to 252
Event: 3.933 Thread 0x000000011c808200 compacted oop handles in JVMCI runtime 0 from 261 to 259
Event: 3.937 Thread 0x000000011c808200 compacted oop handles in JVMCI runtime 0 from 265 to 108
Event: 3.938 Thread 0x000000011c808200 compacted oop handles in JVMCI runtime 0 from 113 to 110

Compilation events (20 events):
Event: 3.874 Thread 0x000000011c80aa00 nmethod 5684 0x0000000158184590 code [0x0000000158184980, 0x0000000158186a38]
Event: 3.926 Thread 0x000000011c808200 nmethod 5671 0x000000015fcd1c10 code [0x000000015fcd20c0, 0x000000015fcd4860]
Event: 3.926 Thread 0x000000011c808200 5683       4       java.lang.PublicMethods$MethodList::filter (104 bytes)
Event: 3.933 Thread 0x000000011c808200 nmethod 5683 0x000000015fcd6f90 code [0x000000015fcd7180, 0x000000015fcd7c10]
Event: 3.933 Thread 0x000000011c808200 5674       4       java.util.Arrays::hashCode (56 bytes)
Event: 3.937 Thread 0x000000011c808200 nmethod 5674 0x000000015fcd8210 code [0x000000015fcd8380, 0x000000015fcd8590]
Event: 3.937 Thread 0x000000011c808200 5675       4       java.lang.StringConcatHelper::newArray (40 bytes)
Event: 3.938 Thread 0x000000011c808200 nmethod 5675 0x000000015fcd8790 code [0x000000015fcd8900, 0x000000015fcd8ac8]
Event: 4.032 Thread 0x000000013d07fa00 5685       3       sun.awt.image.IntegerInterleavedRaster::getDataElements (151 bytes)
Event: 4.033 Thread 0x000000013d07fa00 nmethod 5685 0x0000000158a73b10 code [0x0000000158a73d40, 0x0000000158a74838]
Event: 4.033 Thread 0x000000011c808200 5686       4       sun.awt.image.IntegerInterleavedRaster::setDataElements (134 bytes)
Event: 4.036 Thread 0x000000011c808200 nmethod 5686 0x000000015fcd8c10 code [0x000000015fcd8dc0, 0x000000015fcd9260]
Event: 4.049 Thread 0x000000011c808200 5687       4       sun.awt.image.IntegerInterleavedRaster::getDataElements (151 bytes)
Event: 4.052 Thread 0x000000011c808200 nmethod 5687 0x000000015fcd9410 code [0x000000015fcd95c0, 0x000000015fcd9988]
Event: 4.128 Thread 0x000000013d07fa00 5688       3       sun.awt.image.IntegerInterleavedRaster::getDataElements (151 bytes)
Event: 4.129 Thread 0x000000013d07fa00 nmethod 5688 0x000000015837fa90 code [0x000000015837fcc0, 0x00000001583807b8]
Event: 4.160 Thread 0x000000011c808200 5689       4       sun.awt.image.IntegerInterleavedRaster::getDataElements (151 bytes)
Event: 4.177 Thread 0x000000011c808200 nmethod 5689 0x000000015fcd9b90 code [0x000000015fcd9d40, 0x000000015fcda270]
Event: 4.199 Thread 0x000000011c80aa00 5691       3       java.lang.Math::round (56 bytes)
Event: 4.200 Thread 0x000000011c80aa00 nmethod 5691 0x000000015837f690 code [0x000000015837f840, 0x000000015837f9d8]

GC Heap History (20 events):
Event: 2.708 GC heap before
{Heap before GC invocations=21 (full 0):
 garbage-first heap   total 2287616K, used 1472215K [0x0000000700000000, 0x0000000800000000)
  region size 2048K, 65 young (133120K), 1 survivors (2048K)
 Metaspace       used 50297K, committed 50752K, reserved 1114112K
  class space    used 5880K, committed 6080K, reserved 1048576K
}
Event: 2.709 GC heap after
{Heap after GC invocations=22 (full 0):
 garbage-first heap   total 2287616K, used 1343235K [0x0000000700000000, 0x0000000800000000)
  region size 2048K, 1 young (2048K), 1 survivors (2048K)
 Metaspace       used 50297K, committed 50752K, reserved 1114112K
  class space    used 5880K, committed 6080K, reserved 1048576K
}
Event: 2.720 GC heap before
{Heap before GC invocations=22 (full 0):
 garbage-first heap   total 2287616K, used 1451779K [0x0000000700000000, 0x0000000800000000)
  region size 2048K, 55 young (112640K), 1 survivors (2048K)
 Metaspace       used 50297K, committed 50752K, reserved 1114112K
  class space    used 5880K, committed 6080K, reserved 1048576K
}
Event: 2.722 GC heap after
{Heap after GC invocations=23 (full 0):
 garbage-first heap   total 2287616K, used 1342956K [0x0000000700000000, 0x0000000800000000)
  region size 2048K, 1 young (2048K), 1 survivors (2048K)
 Metaspace       used 50297K, committed 50752K, reserved 1114112K
  class space    used 5880K, committed 6080K, reserved 1048576K
}
Event: 3.006 GC heap before
{Heap before GC invocations=23 (full 0):
 garbage-first heap   total 2287616K, used 2043372K [0x0000000700000000, 0x0000000800000000)
  region size 2048K, 345 young (706560K), 1 survivors (2048K)
 Metaspace       used 50680K, committed 51200K, reserved 1114112K
  class space    used 5915K, committed 6144K, reserved 1048576K
}
Event: 3.007 GC heap after
{Heap after GC invocations=24 (full 0):
 garbage-first heap   total 2287616K, used 1342965K [0x0000000700000000, 0x0000000800000000)
  region size 2048K, 1 young (2048K), 1 survivors (2048K)
 Metaspace       used 50680K, committed 51200K, reserved 1114112K
  class space    used 5915K, committed 6144K, reserved 1048576K
}
Event: 3.290 GC heap before
{Heap before GC invocations=25 (full 0):
 garbage-first heap   total 2287616K, used 2043381K [0x0000000700000000, 0x0000000800000000)
  region size 2048K, 345 young (706560K), 1 survivors (2048K)
 Metaspace       used 50685K, committed 51200K, reserved 1114112K
  class space    used 5915K, committed 6144K, reserved 1048576K
}
Event: 3.291 GC heap after
{Heap after GC invocations=26 (full 0):
 garbage-first heap   total 2287616K, used 1342839K [0x0000000700000000, 0x0000000800000000)
  region size 2048K, 1 young (2048K), 1 survivors (2048K)
 Metaspace       used 50685K, committed 51200K, reserved 1114112K
  class space    used 5915K, committed 6144K, reserved 1048576K
}
Event: 3.557 GC heap before
{Heap before GC invocations=26 (full 0):
 garbage-first heap   total 2287616K, used 2045303K [0x0000000700000000, 0x0000000800000000)
  region size 2048K, 345 young (706560K), 1 survivors (2048K)
 Metaspace       used 50685K, committed 51200K, reserved 1114112K
  class space    used 5915K, committed 6144K, reserved 1048576K
}
Event: 3.558 GC heap after
{Heap after GC invocations=27 (full 0):
 garbage-first heap   total 2287616K, used 1342841K [0x0000000700000000, 0x0000000800000000)
  region size 2048K, 1 young (2048K), 1 survivors (2048K)
 Metaspace       used 50685K, committed 51200K, reserved 1114112K
  class space    used 5915K, committed 6144K, reserved 1048576K
}
Event: 3.984 GC heap before
{Heap before GC invocations=28 (full 0):
 garbage-first heap   total 2287616K, used 1637753K [0x0000000700000000, 0x0000000800000000)
  region size 2048K, 147 young (301056K), 1 survivors (2048K)
 Metaspace       used 51284K, committed 51776K, reserved 1114112K
  class space    used 5976K, committed 6208K, reserved 1048576K
}
Event: 3.985 GC heap after
{Heap after GC invocations=29 (full 0):
 garbage-first heap   total 2287616K, used 1342793K [0x0000000700000000, 0x0000000800000000)
  region size 2048K, 1 young (2048K), 1 survivors (2048K)
 Metaspace       used 51284K, committed 51776K, reserved 1114112K
  class space    used 5976K, committed 6208K, reserved 1048576K
}
Event: 4.061 GC heap before
{Heap before GC invocations=30 (full 0):
 garbage-first heap   total 3352576K, used 2006345K [0x0000000700000000, 0x0000000800000000)
  region size 2048K, 4 young (8192K), 1 survivors (2048K)
 Metaspace       used 51286K, committed 51776K, reserved 1114112K
  class space    used 5976K, committed 6208K, reserved 1048576K
}
Event: 4.062 GC heap after
{Heap after GC invocations=31 (full 0):
 garbage-first heap   total 3352576K, used 2002347K [0x0000000700000000, 0x0000000800000000)
  region size 2048K, 1 young (2048K), 1 survivors (2048K)
 Metaspace       used 51286K, committed 51776K, reserved 1114112K
  class space    used 5976K, committed 6208K, reserved 1048576K
}
Event: 4.154 GC heap before
{Heap before GC invocations=32 (full 0):
 garbage-first heap   total 4079616K, used 2442667K [0x0000000700000000, 0x0000000800000000)
  region size 2048K, 3 young (6144K), 1 survivors (2048K)
 Metaspace       used 51286K, committed 51776K, reserved 1114112K
  class space    used 5976K, committed 6208K, reserved 1048576K
}
Event: 4.155 GC heap after
{Heap after GC invocations=33 (full 0):
 garbage-first heap   total 4079616K, used 2002344K [0x0000000700000000, 0x0000000800000000)
  region size 2048K, 1 young (2048K), 1 survivors (2048K)
 Metaspace       used 51286K, committed 51776K, reserved 1114112K
  class space    used 5976K, committed 6208K, reserved 1048576K
}
Event: 4.200 GC heap before
{Heap before GC invocations=34 (full 0):
 garbage-first heap   total 4079616K, used 2223528K [0x0000000700000000, 0x0000000800000000)
  region size 2048K, 2 young (4096K), 1 survivors (2048K)
 Metaspace       used 51300K, committed 51776K, reserved 1114112K
  class space    used 5978K, committed 6208K, reserved 1048576K
}
Event: 4.201 GC heap after
{Heap after GC invocations=35 (full 0):
 garbage-first heap   total 4079616K, used 2002359K [0x0000000700000000, 0x0000000800000000)
  region size 2048K, 1 young (2048K), 1 survivors (2048K)
 Metaspace       used 51300K, committed 51776K, reserved 1114112K
  class space    used 5978K, committed 6208K, reserved 1048576K
}
Event: 4.265 GC heap before
{Heap before GC invocations=36 (full 0):
 garbage-first heap   total 4079616K, used 2114999K [0x0000000700000000, 0x0000000800000000)
  region size 2048K, 3 young (6144K), 1 survivors (2048K)
 Metaspace       used 51301K, committed 51776K, reserved 1114112K
  class space    used 5978K, committed 6208K, reserved 1048576K
}
Event: 4.266 GC heap after
{Heap after GC invocations=37 (full 0):
 garbage-first heap   total 4079616K, used 2112858K [0x0000000700000000, 0x0000000800000000)
  region size 2048K, 1 young (2048K), 1 survivors (2048K)
 Metaspace       used 51301K, committed 51776K, reserved 1114112K
  class space    used 5978K, committed 6208K, reserved 1048576K
}

Dll operation events (20 events):
Event: 2.275 Loading shared library /Users/hibatullaha/project-irfaan/e-faktur/libtcnative-1.jnilib failed, dlopen(/Users/hibatullaha/project-irfaan/e-faktur/libtcnative-1.jnilib, 0x0001): tried: '/Users/hibatullaha/project-irfaan/e-faktur/libtcnative-1.jnilib' (no su
Event: 2.275 Loading shared library /Users/hibatullaha/Library/Java/JavaVirtualMachines/graalvm-ce-17.0.9-1/Contents/Home/lib/liblibtcnative-1.dylib failed, dlopen(/Users/hibatullaha/Library/Java/JavaVirtualMachines/graalvm-ce-17.0.9-1/Contents/Home/lib/liblibtcnative
Event: 2.276 Loading shared library /Users/hibatullaha/Library/Java/JavaVirtualMachines/graalvm-ce-17.0.9-1/Contents/Home/lib/liblibtcnative-1.jnilib failed, dlopen(/Users/hibatullaha/Library/Java/JavaVirtualMachines/graalvm-ce-17.0.9-1/Contents/Home/lib/liblibtcnativ
Event: 2.276 Loading shared library /Users/hibatullaha/Library/Java/Extensions/liblibtcnative-1.dylib failed, dlopen(/Users/hibatullaha/Library/Java/Extensions/liblibtcnative-1.dylib, 0x0001): tried: '/Users/hibatullaha/Library/Java/Extensions/liblibtcnative-1.dylib' 
Event: 2.276 Loading shared library /Users/hibatullaha/Library/Java/Extensions/liblibtcnative-1.jnilib failed, dlopen(/Users/hibatullaha/Library/Java/Extensions/liblibtcnative-1.jnilib, 0x0001): tried: '/Users/hibatullaha/Library/Java/Extensions/liblibtcnative-1.jnili
Event: 2.276 Loading shared library /Library/Java/Extensions/liblibtcnative-1.dylib failed, dlopen(/Library/Java/Extensions/liblibtcnative-1.dylib, 0x0001): tried: '/Library/Java/Extensions/liblibtcnative-1.dylib' (no such file), '/System/Volumes/Preboot/Cryptexes/OS/
Event: 2.276 Loading shared library /Library/Java/Extensions/liblibtcnative-1.jnilib failed, dlopen(/Library/Java/Extensions/liblibtcnative-1.jnilib, 0x0001): tried: '/Library/Java/Extensions/liblibtcnative-1.jnilib' (no such file), '/System/Volumes/Preboot/Cryptexes/
Event: 2.276 Loading shared library /System/Volumes/Data/Network/Library/Java/Extensions/liblibtcnative-1.dylib failed, dlopen(/System/Volumes/Data/Network/Library/Java/Extensions/liblibtcnative-1.dylib, 0x0001): tried: '/System/Volumes/Data/Network/Library/Java/Exten
Event: 2.276 Loading shared library /System/Volumes/Data/Network/Library/Java/Extensions/liblibtcnative-1.jnilib failed, dlopen(/System/Volumes/Data/Network/Library/Java/Extensions/liblibtcnative-1.jnilib, 0x0001): tried: '/System/Volumes/Data/Network/Library/Java/Ext
Event: 2.277 Loading shared library /System/Library/Java/Extensions/liblibtcnative-1.dylib failed, dlopen(/System/Library/Java/Extensions/liblibtcnative-1.dylib, 0x0001): tried: '/System/Library/Java/Extensions/liblibtcnative-1.dylib' (no such file), '/System/Volumes/
Event: 2.277 Loading shared library /System/Library/Java/Extensions/liblibtcnative-1.jnilib failed, dlopen(/System/Library/Java/Extensions/liblibtcnative-1.jnilib, 0x0001): tried: '/System/Library/Java/Extensions/liblibtcnative-1.jnilib' (no such file), '/System/Volum
Event: 2.277 Loading shared library /usr/lib/java/liblibtcnative-1.dylib failed, dlopen(/usr/lib/java/liblibtcnative-1.dylib, 0x0001): tried: '/usr/lib/java/liblibtcnative-1.dylib' (no such file), '/System/Volumes/Preboot/Cryptexes/OS/usr/lib/java/liblibtcnative-1.dyl
Event: 2.277 Loading shared library /usr/lib/java/liblibtcnative-1.jnilib failed, dlopen(/usr/lib/java/liblibtcnative-1.jnilib, 0x0001): tried: '/usr/lib/java/liblibtcnative-1.jnilib' (no such file), '/System/Volumes/Preboot/Cryptexes/OS/usr/lib/java/liblibtcnative-1.
Event: 2.277 Loading shared library /Users/hibatullaha/project-irfaan/e-faktur/liblibtcnative-1.dylib failed, dlopen(/Users/hibatullaha/project-irfaan/e-faktur/liblibtcnative-1.dylib, 0x0001): tried: '/Users/hibatullaha/project-irfaan/e-faktur/liblibtcnative-1.dylib' 
Event: 2.277 Loading shared library /Users/hibatullaha/project-irfaan/e-faktur/liblibtcnative-1.jnilib failed, dlopen(/Users/hibatullaha/project-irfaan/e-faktur/liblibtcnative-1.jnilib, 0x0001): tried: '/Users/hibatullaha/project-irfaan/e-faktur/liblibtcnative-1.jnili
Event: 2.522 Loaded shared library /Users/hibatullaha/Library/Java/JavaVirtualMachines/graalvm-ce-17.0.9-1/Contents/Home/lib/libawt.dylib
Event: 2.525 Loaded shared library /Users/hibatullaha/Library/Java/JavaVirtualMachines/graalvm-ce-17.0.9-1/Contents/Home/lib/libawt_lwawt.dylib
Event: 2.544 Loaded shared library /Users/hibatullaha/Library/Java/JavaVirtualMachines/graalvm-ce-17.0.9-1/Contents/Home/lib/libjavajpeg.dylib
Event: 2.563 Loaded shared library /Users/hibatullaha/Library/Java/JavaVirtualMachines/graalvm-ce-17.0.9-1/Contents/Home/lib/libfontmanager.dylib
Event: 3.844 Loaded shared library /Users/hibatullaha/Library/Caches/JNA/temp/jna3723072929043281702.tmp

Deoptimization events (20 events):
Event: 4.031 Thread 0x000000013c24ce00 Uncommon trap: reason=null_assert_or_unreached0 action=reinterpret pc=0x000000015fccd87c method=sun.awt.image.IntegerComponentRaster.<init>(Ljava/awt/image/SampleModel;Ljava/awt/image/DataBufferInt;Ljava/awt/Rectangle;Ljava/awt/Point;Lsun/awt/image/Intege
Event: 4.031 Thread 0x000000013c24ce00 DEOPT PACKING pc=0x000000015fccd87c sp=0x0000000322cf14c0
Event: 4.031 Thread 0x000000013c24ce00 DEOPT UNPACKING pc=0x000000015f4eeb34 sp=0x0000000322cf10e0 mode 3
Event: 4.031 Thread 0x000000013c1c1600 DEOPT UNPACKING pc=0x000000015f4eeb34 sp=0x0000000322ae50e0 mode 3
Event: 4.031 Thread 0x000000013c24ce00 Uncommon trap: trap_request=0xffffffed fr.pc=0x000000015fccade0 relative=0x00000000000001e0
Event: 4.031 Thread 0x000000013c24ce00 Uncommon trap: reason=null_assert_or_unreached0 action=reinterpret pc=0x000000015fccade0 method=sun.awt.image.IntegerComponentRaster.verify()V @ 0 jvmci
Event: 4.031 Thread 0x000000013c24ce00 DEOPT PACKING pc=0x000000015fccade0 sp=0x0000000322cf13a0
Event: 4.031 Thread 0x000000013c24ce00 DEOPT UNPACKING pc=0x000000015f4eeb34 sp=0x0000000322cf1000 mode 3
Event: 4.128 Thread 0x000000013c24ce00 Uncommon trap: trap_request=0xffffffed fr.pc=0x000000015fcd9940 relative=0x0000000000000380
Event: 4.128 Thread 0x000000013c24ce00 Uncommon trap: reason=null_assert_or_unreached0 action=reinterpret pc=0x000000015fcd9940 method=sun.awt.image.IntegerInterleavedRaster.getDataElements(IIIILjava/lang/Object;)Ljava/lang/Object; @ 0 jvmci
Event: 4.128 Thread 0x000000013c1c1600 Uncommon trap: trap_request=0xffffffed fr.pc=0x000000015fcd9940 relative=0x0000000000000380
Event: 4.128 Thread 0x000000013c1c1600 Uncommon trap: reason=null_assert_or_unreached0 action=reinterpret pc=0x000000015fcd9940 method=sun.awt.image.IntegerInterleavedRaster.getDataElements(IIIILjava/lang/Object;)Ljava/lang/Object; @ 0 jvmci
Event: 4.128 Thread 0x000000013c24ce00 DEOPT PACKING pc=0x000000015fcd9940 sp=0x0000000322cf1680
Event: 4.128 Thread 0x000000013c1c1600 DEOPT PACKING pc=0x000000015fcd9940 sp=0x0000000322ae5680
Event: 4.128 Thread 0x000000013c24ce00 DEOPT UNPACKING pc=0x000000015f4eeb34 sp=0x0000000322cf1350 mode 3
Event: 4.128 Thread 0x000000013c1c1600 DEOPT UNPACKING pc=0x000000015f4eeb34 sp=0x0000000322ae5350 mode 3
Event: 4.202 Thread 0x000000013c24ce00 Uncommon trap: trap_request=0xffffffcd fr.pc=0x000000015fcccb94 relative=0x00000000000003d4
Event: 4.202 Thread 0x000000013c24ce00 Uncommon trap: reason=intrinsic_or_type_checked_inlining action=reinterpret pc=0x000000015fcccb94 method=sun.awt.image.SunWritableRaster.<init>(Ljava/awt/image/SampleModel;Ljava/awt/image/DataBuffer;Ljava/awt/Rectangle;Ljava/awt/Point;Ljava/awt/image/Writ
Event: 4.202 Thread 0x000000013c24ce00 DEOPT PACKING pc=0x000000015fcccb94 sp=0x0000000322cf1100
Event: 4.202 Thread 0x000000013c24ce00 DEOPT UNPACKING pc=0x000000015f4eeb34 sp=0x0000000322cf0d90 mode 3

Classes unloaded (1 events):
Event: 2.615 Thread 0x000000014da04b40 Unloading class 0x000000f0014ac000 'net/bytebuddy/mirror/AccessibleObject'

Classes redefined (4 events):
Event: 0.093 Thread 0x000000014da04b40 redefined class name=java.lang.Throwable, count=1
Event: 2.208 Thread 0x000000014da04b40 redefined class name=java.lang.Object, count=1
Event: 2.208 Thread 0x000000014da04b40 redefined class name=com.irfaan.efaktur.util.FileUtil, count=2
Event: 2.501 Thread 0x000000014da04b40 redefined class name=com.irfaan.efaktur.util.QrExtractor, count=1

Internal exceptions (20 events):
Event: 2.465 Thread 0x000000011d013e00 Exception <a 'java/lang/NoSuchMethodError'{0x000000070307ab10}: 'java.lang.Object java.lang.invoke.DirectMethodHandle$Holder.invokeSpecial(java.lang.Object, java.lang.Object, int, java.lang.Object, int, java.lang.Object)'> (0x000000070307ab10) 
thrown [src/hotspot/share/interpreter/linkResolver.cpp, line 759]
Event: 2.465 Thread 0x000000011d013e00 Exception <a 'java/lang/NoSuchMethodError'{0x00000007030833f0}: 'java.lang.Object java.lang.invoke.DirectMethodHandle$Holder.newInvokeSpecial(java.lang.Object, java.lang.Object, int, java.lang.Object, int)'> (0x00000007030833f0) 
thrown [src/hotspot/share/interpreter/linkResolver.cpp, line 759]
Event: 2.465 Thread 0x000000011d013e00 Exception <a 'java/lang/NoSuchMethodError'{0x0000000703087a60}: 'java.lang.Object java.lang.invoke.DirectMethodHandle$Holder.invokeSpecial(java.lang.Object, java.lang.Object, java.lang.Object, int, java.lang.Object, int)'> (0x0000000703087a60) 
thrown [src/hotspot/share/interpreter/linkResolver.cpp, line 759]
Event: 2.509 Thread 0x000000011d013e00 Exception <a 'java/lang/IncompatibleClassChangeError'{0x0000000702c58360}: Found class java.lang.Object, but interface was expected> (0x0000000702c58360) 
thrown [src/hotspot/share/interpreter/linkResolver.cpp, line 826]
Event: 2.509 Thread 0x000000011d013e00 Exception <a 'java/lang/NoSuchMethodError'{0x0000000702c6a560}: 'java.lang.Object java.lang.invoke.DirectMethodHandle$Holder.invokeStatic(java.lang.Object, int, java.lang.Object)'> (0x0000000702c6a560) 
thrown [src/hotspot/share/interpreter/linkResolver.cpp, line 759]
Event: 2.517 Thread 0x000000011d013e00 Exception <a 'java/lang/NoSuchMethodError'{0x0000000702d89740}: 'java.lang.Object java.lang.invoke.Invokers$Holder.invoker(java.lang.Object, java.lang.Object, java.lang.Object)'> (0x0000000702d89740) 
thrown [src/hotspot/share/interpreter/linkResolver.cpp, line 759]
Event: 2.520 Thread 0x000000011d013e00 Exception <a 'java/lang/ClassNotFoundException'{0x0000000702df7b08}: sun/awt/resources/spi/awtProvider> (0x0000000702df7b08) 
thrown [src/hotspot/share/classfile/systemDictionary.cpp, line 256]
Event: 2.525 Thread 0x000000011d013e00 Exception <a 'java/io/FileNotFoundException'{0x0000000702a0e958}> (0x0000000702a0e958) 
thrown [src/hotspot/share/prims/jni.cpp, line 516]
Event: 2.525 Thread 0x000000011d013e00 Exception <a 'java/io/FileNotFoundException'{0x0000000702a103c0}> (0x0000000702a103c0) 
thrown [src/hotspot/share/prims/jni.cpp, line 516]
Event: 2.561 Thread 0x000000013c24ce00 Exception <a 'java/lang/ClassNotFoundException'{0x00000007027fd150}: sun/awt/resources/spi/awtosxProvider> (0x00000007027fd150) 
thrown [src/hotspot/share/classfile/systemDictionary.cpp, line 256]
Event: 2.835 Thread 0x000000013c237000 Exception <a 'java/lang/NoSuchMethodError'{0x00000007745070c8}: 'java.lang.Object java.lang.invoke.DirectMethodHandle$Holder.invokeSpecial(java.lang.Object, java.lang.Object, long, java.lang.Object)'> (0x00000007745070c8) 
thrown [src/hotspot/share/interpreter/linkResolver.cpp, line 759]
Event: 2.835 Thread 0x000000013c24ce00 Exception <a 'java/lang/NoSuchMethodError'{0x0000000775580698}: 'java.lang.Object java.lang.invoke.DirectMethodHandle$Holder.invokeSpecial(java.lang.Object, java.lang.Object, long, java.lang.Object)'> (0x0000000775580698) 
thrown [src/hotspot/share/interpreter/linkResolver.cpp, line 759]
Event: 2.835 Thread 0x000000013c1c1600 Exception <a 'java/lang/NoSuchMethodError'{0x000000077424bea8}: 'java.lang.Object java.lang.invoke.DirectMethodHandle$Holder.invokeSpecial(java.lang.Object, java.lang.Object, long, java.lang.Object)'> (0x000000077424bea8) 
thrown [src/hotspot/share/interpreter/linkResolver.cpp, line 759]
Event: 2.835 Thread 0x000000013c1c1600 Exception <a 'java/lang/NoSuchMethodError'{0x000000077424f230}: 'java.lang.Object java.lang.invoke.Invokers$Holder.linkToTargetMethod(long, java.lang.Object, java.lang.Object)'> (0x000000077424f230) 
thrown [src/hotspot/share/interpreter/linkResolver.cpp, line 759]
Event: 2.835 Thread 0x000000013c24ce00 Exception <a 'java/lang/NoSuchMethodError'{0x0000000775583a20}: 'java.lang.Object java.lang.invoke.Invokers$Holder.linkToTargetMethod(long, java.lang.Object, java.lang.Object)'> (0x0000000775583a20) 
thrown [src/hotspot/share/interpreter/linkResolver.cpp, line 759]
Event: 3.564 Thread 0x000000011d013e00 Implicit null exception at 0x000000015fbcab84 to 0x000000015fbcb468
Event: 3.564 Thread 0x000000011d013e00 Implicit null exception at 0x000000015fc7bd98 to 0x000000015fc7bdf0
Event: 3.571 Thread 0x000000011d013e00 Exception <a 'java/lang/NoSuchMethodError'{0x000000078a5fd208}: 'int java.lang.invoke.DirectMethodHandle$Holder.invokeStatic(java.lang.Object, java.lang.Object, int)'> (0x000000078a5fd208) 
thrown [src/hotspot/share/interpreter/linkResolver.cpp, line 759]
Event: 4.128 Thread 0x000000013c24ce00 Implicit null exception at 0x000000015fcd9658 to 0x000000015fcd992c
Event: 4.128 Thread 0x000000013c1c1600 Implicit null exception at 0x000000015fcd9658 to 0x000000015fcd992c

VM Operations (20 events):
Event: 4.154 Executing VM operation: G1TryInitiateConcMark
Event: 4.155 Executing VM operation: G1TryInitiateConcMark done
Event: 4.164 Executing VM operation: G1PauseRemark
Event: 4.177 Executing VM operation: G1PauseRemark done
Event: 4.182 Executing VM operation: G1PauseCleanup
Event: 4.182 Executing VM operation: G1PauseCleanup done
Event: 4.200 Executing VM operation: G1TryInitiateConcMark
Event: 4.201 Executing VM operation: G1TryInitiateConcMark done
Event: 4.210 Executing VM operation: G1PauseRemark
Event: 4.212 Executing VM operation: G1PauseRemark done
Event: 4.217 Executing VM operation: G1PauseCleanup
Event: 4.217 Executing VM operation: G1PauseCleanup done
Event: 4.229 Executing VM operation: G1TryInitiateConcMark
Event: 4.229 Executing VM operation: G1TryInitiateConcMark done
Event: 4.265 Executing VM operation: G1CollectForAllocation
Event: 4.266 Executing VM operation: G1CollectForAllocation done
Event: 4.276 Executing VM operation: G1PauseRemark
Event: 4.280 Executing VM operation: G1PauseRemark done
Event: 4.285 Executing VM operation: G1PauseCleanup
Event: 4.289 Executing VM operation: G1PauseCleanup done

Events (20 events):
Event: 3.876 loading class com/sun/jna/WeakMemoryHolder
Event: 3.876 loading class com/sun/jna/WeakMemoryHolder done
Event: 3.876 loading class com/sun/jna/Memory$MemoryDisposer
Event: 3.876 loading class com/sun/jna/Memory$MemoryDisposer done
Event: 3.877 loading class com/sun/jna/NativeString
Event: 3.877 loading class com/sun/jna/NativeString done
Event: 3.877 loading class com/sun/jna/NativeString$StringMemory
Event: 3.877 loading class com/sun/jna/NativeString$StringMemory done
Event: 3.983 loading class com/sun/jna/Function$PointerArray
Event: 3.983 loading class com/sun/jna/Function$PointerArray done
Event: 4.198 loading class net/sourceforge/tess4j/util/ImageHelper
Event: 4.198 loading class net/sourceforge/tess4j/util/ImageHelper done
Event: 4.198 loading class java/awt/image/LookupTable
Event: 4.199 loading class java/awt/image/LookupTable done
Event: 4.199 loading class java/awt/image/ShortLookupTable
Event: 4.199 loading class java/awt/image/ShortLookupTable done
Event: 4.199 loading class java/awt/image/BufferedImageOp
Event: 4.199 loading class java/awt/image/BufferedImageOp done
Event: 4.263 loading class com/sun/jna/Native$Buffers
Event: 4.263 loading class com/sun/jna/Native$Buffers done


Dynamic libraries:
0x0000000102d28000 	/Users/hibatullaha/Library/Java/JavaVirtualMachines/graalvm-ce-17.0.9-1/Contents/Home/lib/libjli.dylib
0x00000001a9175000 	/System/Library/Frameworks/Cocoa.framework/Versions/A/Cocoa
0x00000001910ab000 	/System/Library/Frameworks/AppKit.framework/Versions/C/AppKit
0x0000000194363000 	/System/Library/Frameworks/CoreData.framework/Versions/A/CoreData
0x000000018e6e5000 	/System/Library/Frameworks/Foundation.framework/Versions/C/Foundation
0x000000019b069000 	/usr/lib/libSystem.B.dylib
0x00000001924e8000 	/System/Library/PrivateFrameworks/UIFoundation.framework/Versions/A/UIFoundation
0x00000002361e3000 	/System/Library/PrivateFrameworks/CollectionViewCore.framework/Versions/A/CollectionViewCore
0x00000001a22f5000 	/System/Library/PrivateFrameworks/RemoteViewServices.framework/Versions/A/RemoteViewServices
0x0000000198cef000 	/System/Library/PrivateFrameworks/XCTTargetBootstrap.framework/Versions/A/XCTTargetBootstrap
0x000000019d74f000 	/System/Library/PrivateFrameworks/InternationalSupport.framework/Versions/A/InternationalSupport
0x000000019d7ae000 	/System/Library/PrivateFrameworks/UserActivity.framework/Versions/A/UserActivity
0x0000000261a67000 	/System/Library/PrivateFrameworks/UIIntelligenceSupport.framework/Versions/A/UIIntelligenceSupport
0x000000022c5ac000 	/System/Library/Frameworks/SwiftUICore.framework/Versions/A/SwiftUICore
0x0000000266a18000 	/System/Library/PrivateFrameworks/WritingTools.framework/Versions/A/WritingTools
0x0000000265a6b000 	/System/Library/PrivateFrameworks/WindowManagement.framework/Versions/A/WindowManagement
0x000000018e33f000 	/System/Library/Frameworks/SystemConfiguration.framework/Versions/A/SystemConfiguration
0x000000019cb98000 	/usr/lib/libspindump.dylib
0x000000019269a000 	/System/Library/Frameworks/UniformTypeIdentifiers.framework/Versions/A/UniformTypeIdentifiers
0x000000019a467000 	/usr/lib/libbsm.0.dylib
0x00000001967b1000 	/usr/lib/libapp_launch_measurement.dylib
0x0000000195bad000 	/System/Library/PrivateFrameworks/CoreAnalytics.framework/Versions/A/CoreAnalytics
0x00000001967b5000 	/System/Library/PrivateFrameworks/CoreAutoLayout.framework/Versions/A/CoreAutoLayout
0x0000000198338000 	/System/Library/Frameworks/Metal.framework/Versions/A/Metal
0x0000000199536000 	/usr/lib/liblangid.dylib
0x0000000198cf5000 	/System/Library/PrivateFrameworks/CoreSVG.framework/Versions/A/CoreSVG
0x00000001930bb000 	/System/Library/PrivateFrameworks/SkyLight.framework/Versions/A/SkyLight
0x00000001935e8000 	/System/Library/Frameworks/CoreGraphics.framework/Versions/A/CoreGraphics
0x00000001a29ce000 	/System/Library/Frameworks/Accelerate.framework/Versions/A/Accelerate
0x000000019c9ca000 	/System/Library/PrivateFrameworks/IconServices.framework/Versions/A/IconServices
0x0000000198315000 	/System/Library/Frameworks/IOSurface.framework/Versions/A/IOSurface
0x0000000195bdf000 	/usr/lib/libDiagnosticMessagesClient.dylib
0x000000019afad000 	/usr/lib/libz.1.dylib
0x00000001a685a000 	/System/Library/Frameworks/ApplicationServices.framework/Versions/A/ApplicationServices
0x0000000198cda000 	/System/Library/PrivateFrameworks/DFRFoundation.framework/Versions/A/DFRFoundation
0x0000000190915000 	/usr/lib/libicucore.A.dylib
0x000000019e8c8000 	/System/Library/Frameworks/AudioToolbox.framework/Versions/A/AudioToolbox
0x000000019d75f000 	/System/Library/PrivateFrameworks/DataDetectorsCore.framework/Versions/A/DataDetectorsCore
0x00000001b8df5000 	/System/Library/PrivateFrameworks/TextInput.framework/Versions/A/TextInput
0x0000000193007000 	/usr/lib/libMobileGestalt.dylib
0x00000001989d2000 	/System/Library/Frameworks/Carbon.framework/Versions/A/Frameworks/HIToolbox.framework/Versions/A/HIToolbox
0x00000001960b0000 	/System/Library/Frameworks/QuartzCore.framework/Versions/A/QuartzCore
0x000000019051e000 	/System/Library/Frameworks/Security.framework/Versions/A/Security
0x00000001a2330000 	/System/Library/Frameworks/Carbon.framework/Versions/A/Frameworks/SpeechRecognition.framework/Versions/A/SpeechRecognition
0x00000001964ca000 	/System/Library/PrivateFrameworks/CoreUI.framework/Versions/A/CoreUI
0x000000018fdd2000 	/System/Library/Frameworks/CoreAudio.framework/Versions/A/CoreAudio
0x0000000195ccb000 	/System/Library/Frameworks/DiskArbitration.framework/Versions/A/DiskArbitration
0x000000019d00b000 	/System/Library/PrivateFrameworks/MultitouchSupport.framework/Versions/A/MultitouchSupport
0x0000000193005000 	/usr/lib/libenergytrace.dylib
0x00000001ad7dd000 	/System/Library/PrivateFrameworks/RenderBox.framework/Versions/A/RenderBox
0x0000000190f5b000 	/System/Library/Frameworks/IOKit.framework/Versions/A/IOKit
0x00000001a2724000 	/System/Library/Frameworks/CoreServices.framework/Versions/A/CoreServices
0x0000000196742000 	/System/Library/PrivateFrameworks/PerformanceAnalysis.framework/Versions/A/PerformanceAnalysis
0x00000001ea365000 	/System/Library/Frameworks/OpenGL.framework/Versions/A/OpenGL
0x00000001967ff000 	/usr/lib/libxml2.2.dylib
0x000000019a34c000 	/System/Library/PrivateFrameworks/MobileKeyBag.framework/Versions/A/MobileKeyBag
0x000000018d0b0000 	/usr/lib/libobjc.A.dylib
0x000000018d39d000 	/usr/lib/libc++.1.dylib
0x00000001a26a4000 	/System/Library/Frameworks/Accessibility.framework/Versions/A/Accessibility
0x0000000193d07000 	/System/Library/Frameworks/ColorSync.framework/Versions/A/ColorSync
0x000000018d4f3000 	/System/Library/Frameworks/CoreFoundation.framework/Versions/A/CoreFoundation
0x00000001990b3000 	/System/Library/Frameworks/CoreImage.framework/Versions/A/CoreImage
0x000000018fbc2000 	/System/Library/Frameworks/CoreText.framework/Versions/A/CoreText
0x00000001eb8cc000 	/System/Library/Frameworks/CoreTransferable.framework/Versions/A/CoreTransferable
0x00000001ebe6b000 	/System/Library/Frameworks/DeveloperToolsSupport.framework/Versions/A/DeveloperToolsSupport
0x0000000198d31000 	/System/Library/Frameworks/ImageIO.framework/Versions/A/ImageIO
0x000000022d1c6000 	/System/Library/Frameworks/Symbols.framework/Versions/A/Symbols
0x000000019b06e000 	/System/Library/PrivateFrameworks/SoftLinking.framework/Versions/A/SoftLinking
0x00000001cac6a000 	/usr/lib/swift/libswiftAccelerate.dylib
0x000000019e229000 	/usr/lib/swift/libswiftCore.dylib
0x00000001b5576000 	/usr/lib/swift/libswiftCoreFoundation.dylib
0x00000001b55d3000 	/usr/lib/swift/libswiftCoreImage.dylib
0x00000001b2d22000 	/usr/lib/swift/libswiftDarwin.dylib
0x00000001a41de000 	/usr/lib/swift/libswiftDispatch.dylib
0x00000001b55d4000 	/usr/lib/swift/libswiftIOKit.dylib
0x00000001c1e01000 	/usr/lib/swift/libswiftMetal.dylib
0x00000001d00ff000 	/usr/lib/swift/libswiftOSLog.dylib
0x00000001a6dc5000 	/usr/lib/swift/libswiftObjectiveC.dylib
0x000000026dc00000 	/usr/lib/swift/libswiftObservation.dylib
0x00000001c672c000 	/usr/lib/swift/libswiftQuartzCore.dylib
0x00000001cac5b000 	/usr/lib/swift/libswiftUniformTypeIdentifiers.dylib
0x00000001b5588000 	/usr/lib/swift/libswiftXPC.dylib
0x000000026dcf6000 	/usr/lib/swift/libswift_Builtin_float.dylib
0x000000026dcfb000 	/usr/lib/swift/libswift_Concurrency.dylib
0x000000026de63000 	/usr/lib/swift/libswift_StringProcessing.dylib
0x000000026df16000 	/usr/lib/swift/libswift_errno.dylib
0x000000026df18000 	/usr/lib/swift/libswift_math.dylib
0x000000026df1b000 	/usr/lib/swift/libswift_signal.dylib
0x000000026df1c000 	/usr/lib/swift/libswift_stdio.dylib
0x000000026df1d000 	/usr/lib/swift/libswift_time.dylib
0x00000001a6dc9000 	/usr/lib/swift/libswiftos.dylib
0x00000001b8d4c000 	/usr/lib/swift/libswiftsimd.dylib
0x000000026df1e000 	/usr/lib/swift/libswiftsys_time.dylib
0x000000026df1f000 	/usr/lib/swift/libswiftunistd.dylib
0x000000019b21a000 	/usr/lib/libcompression.dylib
0x000000019d6a7000 	/System/Library/PrivateFrameworks/TextureIO.framework/Versions/A/TextureIO
0x000000019c65b000 	/usr/lib/libate.dylib
0x000000019b063000 	/usr/lib/system/libcache.dylib
0x000000019b01c000 	/usr/lib/system/libcommonCrypto.dylib
0x000000019b049000 	/usr/lib/system/libcompiler_rt.dylib
0x000000019b03e000 	/usr/lib/system/libcopyfile.dylib
0x000000018d1ef000 	/usr/lib/system/libcorecrypto.dylib
0x000000018d2d1000 	/usr/lib/system/libdispatch.dylib
0x000000018d48e000 	/usr/lib/system/libdyld.dylib
0x000000019b059000 	/usr/lib/system/libkeymgr.dylib
0x000000019affb000 	/usr/lib/system/libmacho.dylib
0x000000019a440000 	/usr/lib/system/libquarantine.dylib
0x000000019b056000 	/usr/lib/system/libremovefile.dylib
0x0000000193080000 	/usr/lib/system/libsystem_asl.dylib
0x000000018d184000 	/usr/lib/system/libsystem_blocks.dylib
0x000000018d31b000 	/usr/lib/system/libsystem_c.dylib
0x000000019b04d000 	/usr/lib/system/libsystem_collections.dylib
0x0000000199523000 	/usr/lib/system/libsystem_configuration.dylib
0x00000001982e6000 	/usr/lib/system/libsystem_containermanager.dylib
0x000000019ab4f000 	/usr/lib/system/libsystem_coreservices.dylib
0x0000000190bd9000 	/usr/lib/system/libsystem_darwin.dylib
0x000000026e062000 	/usr/lib/system/libsystem_darwindirectory.dylib
0x000000019b05a000 	/usr/lib/system/libsystem_dnssd.dylib
0x000000026e066000 	/usr/lib/system/libsystem_eligibility.dylib
0x000000018d318000 	/usr/lib/system/libsystem_featureflags.dylib
0x000000018d4c3000 	/usr/lib/system/libsystem_info.dylib
0x000000019afbc000 	/usr/lib/system/libsystem_m.dylib
0x000000018d28f000 	/usr/lib/system/libsystem_malloc.dylib
0x0000000192fea000 	/usr/lib/system/libsystem_networkextension.dylib
0x000000019103c000 	/usr/lib/system/libsystem_notify.dylib
0x0000000199528000 	/usr/lib/system/libsystem_sandbox.dylib
0x000000026e06d000 	/usr/lib/system/libsystem_sanitizers.dylib
0x000000019b052000 	/usr/lib/system/libsystem_secinit.dylib
0x000000018d446000 	/usr/lib/system/libsystem_kernel.dylib
0x000000018d4bb000 	/usr/lib/system/libsystem_platform.dylib
0x000000018d481000 	/usr/lib/system/libsystem_pthread.dylib
0x0000000194b89000 	/usr/lib/system/libsystem_symptoms.dylib
0x000000018d1d3000 	/usr/lib/system/libsystem_trace.dylib
0x000000019b02a000 	/usr/lib/system/libunwind.dylib
0x000000018d188000 	/usr/lib/system/libxpc.dylib
0x000000018d42b000 	/usr/lib/libc++abi.dylib
0x000000019b036000 	/usr/lib/liboah.dylib
0x0000000190eda000 	/System/Library/PrivateFrameworks/CoreServicesInternal.framework/Versions/A/CoreServicesInternal
0x000000019b06b000 	/usr/lib/libfakelink.dylib
0x00000001a630b000 	/System/Library/PrivateFrameworks/DiskImages.framework/Versions/A/DiskImages
0x00000001b284f000 	/System/Library/Frameworks/NetFS.framework/Versions/A/NetFS
0x0000000192c21000 	/System/Library/Frameworks/CFNetwork.framework/Versions/A/CFNetwork
0x0000000196779000 	/System/Library/Frameworks/CoreServices.framework/Versions/A/Frameworks/FSEvents.framework/Versions/A/FSEvents
0x0000000190be4000 	/System/Library/Frameworks/CoreServices.framework/Versions/A/Frameworks/CarbonCore.framework/Versions/A/CarbonCore
0x0000000195c41000 	/System/Library/Frameworks/CoreServices.framework/Versions/A/Frameworks/Metadata.framework/Versions/A/Metadata
0x000000019ab56000 	/System/Library/Frameworks/CoreServices.framework/Versions/A/Frameworks/OSServices.framework/Versions/A/OSServices
0x000000019b149000 	/System/Library/Frameworks/CoreServices.framework/Versions/A/Frameworks/SearchKit.framework/Versions/A/SearchKit
0x0000000194b03000 	/System/Library/Frameworks/CoreServices.framework/Versions/A/Frameworks/AE.framework/Versions/A/AE
0x000000018d9e8000 	/System/Library/Frameworks/CoreServices.framework/Versions/A/Frameworks/LaunchServices.framework/Versions/A/LaunchServices
0x000000019c4ad000 	/System/Library/Frameworks/CoreServices.framework/Versions/A/Frameworks/DictionaryServices.framework/Versions/A/DictionaryServices
0x0000000196787000 	/System/Library/Frameworks/CoreServices.framework/Versions/A/Frameworks/SharedFileList.framework/Versions/A/SharedFileList
0x000000019b1e4000 	/usr/lib/libapple_nghttp2.dylib
0x000000019476b000 	/usr/lib/libsqlite3.dylib
0x000000019ef34000 	/System/Library/Frameworks/GSS.framework/Versions/A/GSS
0x0000000194a9c000 	/System/Library/PrivateFrameworks/RunningBoardServices.framework/Versions/A/RunningBoardServices
0x0000000194b92000 	/System/Library/Frameworks/Network.framework/Versions/A/Network
0x000000019afff000 	/usr/lib/system/libkxld.dylib
0x000000026d034000 	/usr/lib/libCoreEntitlements.dylib
0x000000024b828000 	/System/Library/PrivateFrameworks/MessageSecurity.framework/Versions/A/MessageSecurity
0x0000000194751000 	/System/Library/PrivateFrameworks/ProtocolBuffer.framework/Versions/A/ProtocolBuffer
0x000000019ab37000 	/System/Library/PrivateFrameworks/AppleFSCompression.framework/Versions/A/AppleFSCompression
0x000000019a44f000 	/usr/lib/libcoretls.dylib
0x000000019c524000 	/usr/lib/libcoretls_cfhelpers.dylib
0x000000019b214000 	/usr/lib/libpam.2.dylib
0x000000019c597000 	/usr/lib/libxar.1.dylib
0x000000019b0c0000 	/usr/lib/libarchive.2.dylib
0x00000001a0625000 	/System/Library/Frameworks/Combine.framework/Versions/A/Combine
0x0000000236207000 	/System/Library/PrivateFrameworks/CollectionsInternal.framework/Versions/A/CollectionsInternal
0x000000025372b000 	/System/Library/PrivateFrameworks/ReflectionInternal.framework/Versions/A/ReflectionInternal
0x00000002543c3000 	/System/Library/PrivateFrameworks/RuntimeInternal.framework/Versions/A/RuntimeInternal
0x000000026dc7d000 	/usr/lib/swift/libswiftSystem.dylib
0x0000000199531000 	/System/Library/PrivateFrameworks/AppleSystemInfo.framework/Versions/A/AppleSystemInfo
0x00000001b5469000 	/System/Library/PrivateFrameworks/LoggingSupport.framework/Versions/A/LoggingSupport
0x0000000196989000 	/System/Library/PrivateFrameworks/UserManagement.framework/Versions/A/UserManagement
0x0000000192b56000 	/usr/lib/libboringssl.dylib
0x0000000194b78000 	/usr/lib/libdns_services.dylib
0x00000001b4658000 	/usr/lib/libquic.dylib
0x000000019e1b9000 	/usr/lib/libusrtcp.dylib
0x00000001d7788000 	/System/Library/PrivateFrameworks/InternalSwiftProtobuf.framework/Versions/A/InternalSwiftProtobuf
0x000000026dbc8000 	/usr/lib/swift/libswiftDistributed.dylib
0x0000000192c20000 	/usr/lib/libnetwork.dylib
0x000000019b1be000 	/System/Library/PrivateFrameworks/AppleSauce.framework/Versions/A/AppleSauce
0x000000018e1dc000 	/System/Library/PrivateFrameworks/Lexicon.framework/Versions/A/Lexicon
0x0000000245649000 	/System/Library/PrivateFrameworks/IO80211.framework/Versions/A/IO80211
0x00000001a447d000 	/System/Library/PrivateFrameworks/FrontBoardServices.framework/Versions/A/FrontBoardServices
0x000000019a377000 	/System/Library/Frameworks/SecurityFoundation.framework/Versions/A/SecurityFoundation
0x0000000199658000 	/System/Library/PrivateFrameworks/LinguisticData.framework/Versions/A/LinguisticData
0x000000019a14b000 	/System/Library/PrivateFrameworks/IOMobileFramebuffer.framework/Versions/A/IOMobileFramebuffer
0x00000001949b7000 	/System/Library/PrivateFrameworks/BaseBoard.framework/Versions/A/BaseBoard
0x00000001a4549000 	/System/Library/PrivateFrameworks/BoardServices.framework/Versions/A/BoardServices
0x000000019a369000 	/System/Library/PrivateFrameworks/AssertionServices.framework/Versions/A/AssertionServices
0x00000001a6147000 	/System/Library/PrivateFrameworks/BackBoardServices.framework/Versions/A/BackBoardServices
0x0000000198745000 	/System/Library/PrivateFrameworks/FontServices.framework/libFontParser.dylib
0x0000000193099000 	/System/Library/PrivateFrameworks/TCC.framework/Versions/A/TCC
0x00000001a9bec000 	/System/Library/PrivateFrameworks/IOSurfaceAccelerator.framework/Versions/A/IOSurfaceAccelerator
0x000000019d009000 	/System/Library/PrivateFrameworks/WatchdogClient.framework/Versions/A/WatchdogClient
0x000000018f6ef000 	/System/Library/Frameworks/CoreDisplay.framework/Versions/A/CoreDisplay
0x00000001985da000 	/System/Library/Frameworks/CoreMedia.framework/Versions/A/CoreMedia
0x000000019832e000 	/System/Library/PrivateFrameworks/IOAccelerator.framework/Versions/A/IOAccelerator
0x00000001968e9000 	/System/Library/Frameworks/CoreVideo.framework/Versions/A/CoreVideo
0x000000019b212000 	/System/Library/Frameworks/MetalPerformanceShaders.framework/Versions/A/MetalPerformanceShaders
0x0000000252c53000 	/System/Library/PrivateFrameworks/ProDisplayLibrary.framework/Versions/A/ProDisplayLibrary
0x000000019d050000 	/System/Library/Frameworks/VideoToolbox.framework/Versions/A/VideoToolbox
0x000000019952f000 	/System/Library/PrivateFrameworks/AggregateDictionary.framework/Versions/A/AggregateDictionary
0x000000019c526000 	/System/Library/PrivateFrameworks/APFS.framework/Versions/A/APFS
0x0000000232990000 	/System/Library/PrivateFrameworks/AppleKeyStore.framework/Versions/A/AppleKeyStore
0x000000019c5a6000 	/usr/lib/libutil.dylib
0x000000019c505000 	/usr/lib/liblzma.5.dylib
0x0000000195cd4000 	/System/Library/Frameworks/Accelerate.framework/Versions/A/Frameworks/vImage.framework/Versions/A/vImage
0x00000001a26ff000 	/System/Library/Frameworks/Accelerate.framework/Versions/A/Frameworks/vecLib.framework/Versions/A/vecLib
0x000000019c5de000 	/System/Library/Frameworks/Accelerate.framework/Versions/A/Frameworks/vecLib.framework/Versions/A/libvMisc.dylib
0x000000018de4c000 	/System/Library/Frameworks/Accelerate.framework/Versions/A/Frameworks/vecLib.framework/Versions/A/libBLAS.dylib
0x000000019eb10000 	/System/Library/Frameworks/ApplicationServices.framework/Versions/A/Frameworks/ATS.framework/Versions/A/ATS
0x0000000193ebf000 	/System/Library/Frameworks/ApplicationServices.framework/Versions/A/Frameworks/HIServices.framework/Versions/A/HIServices
0x000000019d62f000 	/System/Library/Frameworks/ApplicationServices.framework/Versions/A/Frameworks/PrintCore.framework/Versions/A/PrintCore
0x000000019eefc000 	/System/Library/Frameworks/ApplicationServices.framework/Versions/A/Frameworks/QD.framework/Versions/A/QD
0x000000019eef3000 	/System/Library/Frameworks/ApplicationServices.framework/Versions/A/Frameworks/ColorSyncLegacy.framework/Versions/A/ColorSyncLegacy
0x000000019eae2000 	/System/Library/Frameworks/ApplicationServices.framework/Versions/A/Frameworks/SpeechSynthesis.framework/Versions/A/SpeechSynthesis
0x000000019a118000 	/System/Library/PrivateFrameworks/CoreEmoji.framework/Versions/A/CoreEmoji
0x000000023cca6000 	/System/Library/PrivateFrameworks/FontServices.framework/Versions/A/FontServices
0x000000019cb42000 	/System/Library/PrivateFrameworks/OTSVG.framework/Versions/A/OTSVG
0x0000000196478000 	/System/Library/Frameworks/ApplicationServices.framework/Versions/A/Frameworks/ATS.framework/Versions/A/Resources/libFontRegistry.dylib
0x000000019cb8c000 	/System/Library/PrivateFrameworks/FontServices.framework/libhvf.dylib
0x000000024ecb6000 	/System/Library/PrivateFrameworks/ParsingInternal.framework/Versions/A/ParsingInternal
0x000000026dc1f000 	/usr/lib/swift/libswiftRegexBuilder.dylib
0x000000026ddbc000 	/usr/lib/swift/libswift_RegexParser.dylib
0x000000019ced0000 	/System/Library/PrivateFrameworks/AppleJPEG.framework/Versions/A/AppleJPEG
0x000000019c957000 	/usr/lib/libexpat.1.dylib
0x000000019d504000 	/System/Library/Frameworks/ImageIO.framework/Versions/A/Resources/libPng.dylib
0x000000019d52f000 	/System/Library/Frameworks/ImageIO.framework/Versions/A/Resources/libTIFF.dylib
0x000000019d61a000 	/System/Library/Frameworks/ImageIO.framework/Versions/A/Resources/libGIF.dylib
0x000000019cf16000 	/System/Library/Frameworks/ImageIO.framework/Versions/A/Resources/libJP2.dylib
0x000000019d5c0000 	/System/Library/Frameworks/ImageIO.framework/Versions/A/Resources/libJPEG.dylib
0x000000019d5b7000 	/System/Library/Frameworks/ImageIO.framework/Versions/A/Resources/libRadiance.dylib
0x0000000241a6e000 	/System/Library/PrivateFrameworks/GPUCompiler.framework/Versions/32023/Libraries/libllvm-flatbuffers.dylib
0x000000023cd6c000 	/System/Library/PrivateFrameworks/FramePacing.framework/Versions/A/FramePacing
0x00000001ea357000 	/System/Library/Frameworks/OpenGL.framework/Versions/A/Libraries/libCoreFSCache.dylib
0x000000023d917000 	/System/Library/PrivateFrameworks/GPUCompiler.framework/Versions/32023/Libraries/libGPUCompilerUtils.dylib
0x000000023cca7000 	/System/Library/PrivateFrameworks/FontServices.framework/libXTFontStaticRegistryData.dylib
0x00000001a7f02000 	/System/Library/PrivateFrameworks/ASEProcessing.framework/Versions/A/ASEProcessing
0x00000001d3895000 	/System/Library/PrivateFrameworks/Symbolication.framework/Versions/A/Symbolication
0x0000000251e69000 	/System/Library/PrivateFrameworks/PhotosensitivityProcessing.framework/Versions/A/PhotosensitivityProcessing
0x000000019cb36000 	/System/Library/PrivateFrameworks/GraphVisualizer.framework/Versions/A/GraphVisualizer
0x00000001ea3b7000 	/System/Library/Frameworks/OpenGL.framework/Versions/A/Libraries/libGLU.dylib
0x00000001ea379000 	/System/Library/Frameworks/OpenGL.framework/Versions/A/Libraries/libGFXShared.dylib
0x00000001ea54a000 	/System/Library/Frameworks/OpenGL.framework/Versions/A/Libraries/libGL.dylib
0x00000001ea382000 	/System/Library/Frameworks/OpenGL.framework/Versions/A/Libraries/libGLImage.dylib
0x00000001ea376000 	/System/Library/Frameworks/OpenGL.framework/Versions/A/Libraries/libCVMSPluginSupport.dylib
0x000000026d1d8000 	/usr/lib/libRosetta.dylib
0x00000001ea35f000 	/System/Library/Frameworks/OpenGL.framework/Versions/A/Libraries/libCoreVMClient.dylib
0x0000000199471000 	/System/Library/Frameworks/MetalPerformanceShaders.framework/Versions/A/Frameworks/MPSCore.framework/Versions/A/MPSCore
0x000000019aaa3000 	/System/Library/Frameworks/MetalPerformanceShaders.framework/Versions/A/Frameworks/MPSImage.framework/Versions/A/MPSImage
0x000000019a4f2000 	/System/Library/Frameworks/MetalPerformanceShaders.framework/Versions/A/Frameworks/MPSNeuralNetwork.framework/Versions/A/MPSNeuralNetwork
0x000000019a928000 	/System/Library/Frameworks/MetalPerformanceShaders.framework/Versions/A/Frameworks/MPSMatrix.framework/Versions/A/MPSMatrix
0x000000019a740000 	/System/Library/Frameworks/MetalPerformanceShaders.framework/Versions/A/Frameworks/MPSRayIntersector.framework/Versions/A/MPSRayIntersector
0x000000019a95a000 	/System/Library/Frameworks/MetalPerformanceShaders.framework/Versions/A/Frameworks/MPSNDArray.framework/Versions/A/MPSNDArray
0x00000001ee12f000 	/System/Library/Frameworks/MetalPerformanceShaders.framework/Versions/A/Frameworks/MPSFunctions.framework/Versions/A/MPSFunctions
0x00000001ee113000 	/System/Library/Frameworks/MetalPerformanceShaders.framework/Versions/A/Frameworks/MPSBenchmarkLoop.framework/Versions/A/MPSBenchmarkLoop
0x000000018dcd0000 	/System/Library/PrivateFrameworks/MetalTools.framework/Versions/A/MetalTools
0x00000001ba0b6000 	/System/Library/PrivateFrameworks/IOAccelMemoryInfo.framework/Versions/A/IOAccelMemoryInfo
0x00000001c6b28000 	/System/Library/PrivateFrameworks/kperf.framework/Versions/A/kperf
0x00000001b554d000 	/System/Library/PrivateFrameworks/GPURawCounter.framework/Versions/A/GPURawCounter
0x00000001a4990000 	/System/Library/PrivateFrameworks/CoreSymbolication.framework/Versions/A/CoreSymbolication
0x00000001b54e7000 	/System/Library/PrivateFrameworks/MallocStackLogging.framework/Versions/A/MallocStackLogging
0x000000019c6f5000 	/System/Library/PrivateFrameworks/CrashReporterSupport.framework/Versions/A/CrashReporterSupport
0x00000001a494a000 	/System/Library/PrivateFrameworks/DebugSymbols.framework/Versions/A/DebugSymbols
0x00000001c5dc0000 	/System/Library/PrivateFrameworks/OSAnalytics.framework/Versions/A/OSAnalytics
0x000000019d5eb000 	/System/Library/Frameworks/ApplicationServices.framework/Versions/A/Frameworks/ATSUI.framework/Versions/A/ATSUI
0x000000019ee86000 	/usr/lib/libcups.2.dylib
0x000000019ef22000 	/System/Library/Frameworks/Kerberos.framework/Versions/A/Kerberos
0x000000019eb8f000 	/usr/lib/libresolv.9.dylib
0x000000019b0a5000 	/usr/lib/libiconv.2.dylib
0x000000019cb9f000 	/System/Library/PrivateFrameworks/Heimdal.framework/Versions/A/Heimdal
0x00000001a6d20000 	/System/Library/Frameworks/Kerberos.framework/Versions/A/Libraries/libHeimdalProxy.dylib
0x000000019c972000 	/usr/lib/libheimdal-asn1.dylib
0x000000019674c000 	/System/Library/Frameworks/OpenDirectory.framework/Versions/A/OpenDirectory
0x000000019ef8f000 	/System/Library/PrivateFrameworks/CommonAuth.framework/Versions/A/CommonAuth
0x000000019675a000 	/System/Library/Frameworks/OpenDirectory.framework/Versions/A/Frameworks/CFOpenDirectory.framework/Versions/A/CFOpenDirectory
0x000000019affa000 	/usr/lib/libcharset.1.dylib
0x00000001ea8ea000 	/System/Library/Frameworks/AVFAudio.framework/Versions/A/AVFAudio
0x00000001af6a3000 	/System/Library/PrivateFrameworks/AXCoreUtilities.framework/Versions/A/AXCoreUtilities
0x0000000248468000 	/System/Library/PrivateFrameworks/IsolatedCoreAudioClient.framework/Versions/A/IsolatedCoreAudioClient
0x000000019eac9000 	/usr/lib/libAudioStatistics.dylib
0x00000001985b2000 	/System/Library/PrivateFrameworks/caulk.framework/Versions/A/caulk
0x000000018f810000 	/System/Library/PrivateFrameworks/AudioToolboxCore.framework/Versions/A/AudioToolboxCore
0x00000001a8fac000 	/System/Library/Frameworks/CoreMIDI.framework/Versions/A/CoreMIDI
0x000000019ea6c000 	/System/Library/PrivateFrameworks/AudioSession.framework/Versions/A/AudioSession
0x00000001a0395000 	/System/Library/Frameworks/IOBluetooth.framework/Versions/A/IOBluetooth
0x000000019ca5c000 	/System/Library/PrivateFrameworks/MediaExperience.framework/Versions/A/MediaExperience
0x000000025fcb4000 	/System/Library/PrivateFrameworks/Tightbeam.framework/Versions/A/Tightbeam
0x00000001cb32e000 	/System/Library/PrivateFrameworks/AFKUser.framework/Versions/A/AFKUser
0x000000019cb82000 	/System/Library/PrivateFrameworks/AppServerSupport.framework/Versions/A/AppServerSupport
0x000000019ef06000 	/System/Library/PrivateFrameworks/perfdata.framework/Versions/A/perfdata
0x00000001b474f000 	/System/Library/PrivateFrameworks/SystemPolicy.framework/Versions/A/SystemPolicy
0x000000019eda5000 	/usr/lib/libSMC.dylib
0x000000019d4ce000 	/usr/lib/libAudioToolboxUtility.dylib
0x000000019ef14000 	/usr/lib/libperfcheck.dylib
0x0000000232f75000 	/System/Library/PrivateFrameworks/AudioAnalytics.framework/Versions/A/AudioAnalytics
0x00000001de8ba000 	/System/Library/PrivateFrameworks/FeatureFlags.framework/Versions/A/FeatureFlags
0x00000001d7554000 	/System/Library/Frameworks/OSLog.framework/Versions/A/OSLog
0x000000019ab43000 	/usr/lib/libbz2.1.0.dylib
0x00000001b5519000 	/usr/lib/libmis.dylib
0x000000019e87f000 	/System/Library/PrivateFrameworks/AudioSession.framework/libSessionUtility.dylib
0x000000019d620000 	/System/Library/PrivateFrameworks/CMCaptureCore.framework/Versions/A/CMCaptureCore
0x00000001ebfba000 	/System/Library/Frameworks/ExtensionFoundation.framework/Versions/A/ExtensionFoundation
0x00000001a4aa4000 	/System/Library/PrivateFrameworks/CoreTime.framework/Versions/A/CoreTime
0x000000019c854000 	/System/Library/PrivateFrameworks/PlugInKit.framework/Versions/A/PlugInKit
0x00000001a36d9000 	/System/Library/PrivateFrameworks/PowerLog.framework/Versions/A/PowerLog
0x00000001a35e8000 	/System/Library/Frameworks/CoreBluetooth.framework/Versions/A/CoreBluetooth
0x00000001a6d21000 	/System/Library/Frameworks/AudioUnit.framework/Versions/A/AudioUnit
0x000000019a1db000 	/System/Library/PrivateFrameworks/CoreUtils.framework/Versions/A/CoreUtils
0x0000000239b6e000 	/System/Library/PrivateFrameworks/CoreUtilsExtras.framework/Versions/A/CoreUtilsExtras
0x00000001a2a1d000 	/System/Library/Frameworks/MediaAccessibility.framework/Versions/A/MediaAccessibility
0x00000001bd96d000 	/System/Library/PrivateFrameworks/AttributeGraph.framework/Versions/A/AttributeGraph
0x000000026ce78000 	/usr/lib/libAXSafeCategoryBundle.dylib
0x00000001af760000 	/usr/lib/libAccessibility.dylib
0x000000019a025000 	/System/Library/Frameworks/Accelerate.framework/Versions/A/Frameworks/vecLib.framework/Versions/A/libvDSP.dylib
0x000000019b2f0000 	/System/Library/Frameworks/Accelerate.framework/Versions/A/Frameworks/vecLib.framework/Versions/A/libLAPACK.dylib
0x000000019a4dd000 	/System/Library/Frameworks/Accelerate.framework/Versions/A/Frameworks/vecLib.framework/Versions/A/libLinearAlgebra.dylib
0x000000019b1ff000 	/System/Library/Frameworks/Accelerate.framework/Versions/A/Frameworks/vecLib.framework/Versions/A/libSparseBLAS.dylib
0x000000019b2eb000 	/System/Library/Frameworks/Accelerate.framework/Versions/A/Frameworks/vecLib.framework/Versions/A/libQuadrature.dylib
0x000000019965f000 	/System/Library/Frameworks/Accelerate.framework/Versions/A/Frameworks/vecLib.framework/Versions/A/libBNNS.dylib
0x000000018e2de000 	/System/Library/Frameworks/Accelerate.framework/Versions/A/Frameworks/vecLib.framework/Versions/A/libSparse.dylib
0x00000002499cb000 	/System/Library/PrivateFrameworks/MIL.framework/Versions/A/MIL
0x000000019d5b2000 	/System/Library/PrivateFrameworks/GPUWrangler.framework/Versions/A/GPUWrangler
0x000000019d592000 	/System/Library/PrivateFrameworks/IOPresentment.framework/Versions/A/IOPresentment
0x000000019d5ba000 	/System/Library/PrivateFrameworks/DSExternalDisplay.framework/Versions/A/DSExternalDisplay
0x00000001d7961000 	/System/Library/PrivateFrameworks/HIDDisplay.framework/Versions/A/HIDDisplay
0x00000001ae474000 	/System/Library/PrivateFrameworks/HID.framework/Versions/A/HID
0x00000002634d6000 	/System/Library/PrivateFrameworks/VideoToolboxParavirtualizationSupport.framework/Versions/A/VideoToolboxParavirtualizationSupport
0x000000019c90d000 	/System/Library/PrivateFrameworks/AppleVA.framework/Versions/A/AppleVA
0x00000001a45f3000 	/System/Library/PrivateFrameworks/GraphicsServices.framework/Versions/A/GraphicsServices
0x000000019f0fc000 	/System/Library/PrivateFrameworks/CorePhoneNumbers.framework/Versions/A/CorePhoneNumbers
0x00000001a37c9000 	/System/Library/PrivateFrameworks/MediaKit.framework/Versions/A/MediaKit
0x00000001a3714000 	/System/Library/Frameworks/DiscRecording.framework/Versions/A/DiscRecording
0x000000019eee6000 	/System/Library/PrivateFrameworks/NetAuth.framework/Versions/A/NetAuth
0x000000019694a000 	/System/Library/PrivateFrameworks/login.framework/Versions/A/Frameworks/loginsupport.framework/Versions/A/loginsupport
0x000000019c97d000 	/System/Library/PrivateFrameworks/IconFoundation.framework/Versions/A/IconFoundation
0x000000019c6ec000 	/usr/lib/libIOReport.dylib
0x0000000232b90000 	/System/Library/PrivateFrameworks/AppleMobileFileIntegrity.framework/Versions/A/AppleMobileFileIntegrity
0x000000026d21e000 	/usr/lib/libTLE.dylib
0x00000001e72c5000 	/System/Library/PrivateFrameworks/ConfigProfileHelper.framework/Versions/A/ConfigProfileHelper
0x000000019a479000 	/usr/lib/libmecab.dylib
0x000000018e3d3000 	/usr/lib/libCRFSuite.dylib
0x0000000199538000 	/System/Library/PrivateFrameworks/CoreNLP.framework/Versions/A/CoreNLP
0x000000019a4da000 	/usr/lib/libgermantok.dylib
0x000000019b1b5000 	/usr/lib/libThaiTokenizer.dylib
0x000000019a443000 	/usr/lib/libCheckFix.dylib
0x0000000195be1000 	/System/Library/PrivateFrameworks/MetadataUtilities.framework/Versions/A/MetadataUtilities
0x0000000245892000 	/System/Library/PrivateFrameworks/InstalledContentLibrary.framework/Versions/A/InstalledContentLibrary
0x0000000190f1a000 	/System/Library/PrivateFrameworks/CoreServicesStore.framework/Versions/A/CoreServicesStore
0x00000001c6c34000 	/System/Library/PrivateFrameworks/MobileSystemServices.framework/Versions/A/MobileSystemServices
0x000000019c5aa000 	/usr/lib/libxslt.1.dylib
0x000000019a405000 	/System/Library/PrivateFrameworks/BackgroundTaskManagement.framework/Versions/A/BackgroundTaskManagement
0x00000001a64cd000 	/usr/lib/libcurl.4.dylib
0x000000026d457000 	/usr/lib/libcrypto.46.dylib
0x000000026d9a4000 	/usr/lib/libssl.48.dylib
0x00000001a61a1000 	/System/Library/Frameworks/LDAP.framework/Versions/A/LDAP
0x00000001a61dd000 	/System/Library/PrivateFrameworks/TrustEvaluationAgent.framework/Versions/A/TrustEvaluationAgent
0x000000019eba8000 	/usr/lib/libsasl2.2.dylib
0x00000001b2d21000 	/usr/lib/swift/libswiftCoreGraphics.dylib
0x00000001a3057000 	/usr/lib/swift/libswiftFoundation.dylib
0x00000001e6d7c000 	/usr/lib/swift/libswiftSwiftOnoneSupport.dylib
0x00000001d402a000 	/System/Library/PrivateFrameworks/CoreMaterial.framework/Versions/A/CoreMaterial
0x00000002544b6000 	/System/Library/PrivateFrameworks/SFSymbols.framework/Versions/A/SFSymbols
0x00000001a231d000 	/System/Library/PrivateFrameworks/SpeechRecognitionCore.framework/Versions/A/SpeechRecognitionCore
0x0000000103da0000 	/Users/hibatullaha/Library/Java/JavaVirtualMachines/graalvm-ce-17.0.9-1/Contents/Home/lib/server/libjvm.dylib
0x0000000102d90000 	/Users/hibatullaha/Library/Java/JavaVirtualMachines/graalvm-ce-17.0.9-1/Contents/Home/lib/libjimage.dylib
0x0000000102dec000 	/Users/hibatullaha/Library/Java/JavaVirtualMachines/graalvm-ce-17.0.9-1/Contents/Home/lib/libjdwp.dylib
0x0000000102e9c000 	/Users/hibatullaha/Library/Java/JavaVirtualMachines/graalvm-ce-17.0.9-1/Contents/Home/lib/libjava.dylib
0x0000000102dbc000 	/Users/hibatullaha/Library/Java/JavaVirtualMachines/graalvm-ce-17.0.9-1/Contents/Home/lib/libinstrument.dylib
0x0000000102f38000 	/Users/hibatullaha/Library/Java/JavaVirtualMachines/graalvm-ce-17.0.9-1/Contents/Home/lib/libzip.dylib
0x0000000148000000 	/Users/hibatullaha/Library/Java/JavaVirtualMachines/graalvm-ce-17.0.9-1/Contents/Home/lib/libjvmcicompiler.dylib
0x000000026ce6a000 	/usr/lib/i18n/libiconv_std.dylib
0x000000026ce60000 	/usr/lib/i18n/libUTF8.dylib
0x000000026ce6f000 	/usr/lib/i18n/libmapper_none.dylib
0x0000000102f24000 	/Users/hibatullaha/Library/Java/JavaVirtualMachines/graalvm-ce-17.0.9-1/Contents/Home/lib/libdt_socket.dylib
0x00000001039c0000 	/Users/hibatullaha/Library/Java/JavaVirtualMachines/graalvm-ce-17.0.9-1/Contents/Home/lib/libnio.dylib
0x0000000103c24000 	/Users/hibatullaha/Library/Java/JavaVirtualMachines/graalvm-ce-17.0.9-1/Contents/Home/lib/libnet.dylib
0x00000001039e0000 	/Users/hibatullaha/Library/Java/JavaVirtualMachines/graalvm-ce-17.0.9-1/Contents/Home/lib/libverify.dylib
0x000000013f3dc000 	/Users/hibatullaha/.javacpp/cache/openblas-0.3.26-1.5.10-macosx-arm64.jar/org/bytedeco/openblas/macosx-arm64/libopenblas_nolapack.0.dylib
0x0000000103c94000 	/Users/hibatullaha/.javacpp/cache/openblas-0.3.26-1.5.10-macosx-arm64.jar/org/bytedeco/openblas/macosx-arm64/libjniopenblas_nolapack.dylib
0x00000001039a0000 	/Users/hibatullaha/.javacpp/cache/javacpp-1.5.10-macosx-arm64.jar/org/bytedeco/javacpp/macosx-arm64/libjnijavacpp.dylib
0x000000014c464000 	/Users/hibatullaha/.javacpp/cache/openblas-0.3.26-1.5.10-macosx-arm64.jar/org/bytedeco/openblas/macosx-arm64/libopenblas.0.dylib
0x0000000323b3c000 	/Users/hibatullaha/.javacpp/cache/openblas-0.3.26-1.5.10-macosx-arm64.jar/org/bytedeco/openblas/macosx-arm64/libjniopenblas.dylib
0x000000013c800000 	/Users/hibatullaha/.javacpp/cache/opencv-4.9.0-1.5.10-macosx-arm64.jar/org/bytedeco/opencv/macosx-arm64/libopencv_core.409.dylib
0x00000001ea6d8000 	/System/Library/Frameworks/OpenCL.framework/Versions/A/OpenCL
0x000000013eaa8000 	/Users/hibatullaha/.javacpp/cache/opencv-4.9.0-1.5.10-macosx-arm64.jar/org/bytedeco/opencv/macosx-arm64/libopencv_imgproc.409.dylib
0x000000014db00000 	/Users/hibatullaha/.javacpp/cache/opencv-4.9.0-1.5.10-macosx-arm64.jar/org/bytedeco/opencv/macosx-arm64/libjniopencv_core.dylib
0x0000000103c00000 	/Users/hibatullaha/Library/Java/JavaVirtualMachines/graalvm-ce-17.0.9-1/Contents/Home/lib/libmanagement.dylib
0x0000000103c48000 	/Users/hibatullaha/Library/Java/JavaVirtualMachines/graalvm-ce-17.0.9-1/Contents/Home/lib/libmanagement_ext.dylib
0x000000011ff00000 	/Users/hibatullaha/Library/Java/JavaVirtualMachines/graalvm-ce-17.0.9-1/Contents/Home/lib/libawt.dylib
0x000000010f984000 	/Users/hibatullaha/Library/Java/JavaVirtualMachines/graalvm-ce-17.0.9-1/Contents/Home/lib/libmlib_image.dylib
0x00000001ed406000 	/System/Library/Frameworks/JavaRuntimeSupport.framework/Versions/A/JavaRuntimeSupport
0x00000001b418c000 	/System/Library/Frameworks/Carbon.framework/Versions/A/Carbon
0x00000001ab5b2000 	/System/Library/Frameworks/Carbon.framework/Versions/A/Frameworks/CommonPanels.framework/Versions/A/CommonPanels
0x00000001a64b8000 	/System/Library/Frameworks/Carbon.framework/Versions/A/Frameworks/Help.framework/Versions/A/Help
0x00000001ab5b6000 	/System/Library/Frameworks/Carbon.framework/Versions/A/Frameworks/ImageCapture.framework/Versions/A/ImageCapture
0x00000001ab591000 	/System/Library/Frameworks/Carbon.framework/Versions/A/Frameworks/OpenScripting.framework/Versions/A/OpenScripting
0x00000001ab5b1000 	/System/Library/Frameworks/Carbon.framework/Versions/A/Frameworks/Ink.framework/Versions/A/Ink
0x00000001ab5ae000 	/System/Library/Frameworks/Carbon.framework/Versions/A/Frameworks/SecurityHI.framework/Versions/A/SecurityHI
0x000000012cc20000 	/Users/hibatullaha/Library/Java/JavaVirtualMachines/graalvm-ce-17.0.9-1/Contents/Home/lib/libawt_lwawt.dylib
0x0000000103ce0000 	/Users/hibatullaha/Library/Java/JavaVirtualMachines/graalvm-ce-17.0.9-1/Contents/Home/lib/libosxapp.dylib
0x00000001b2d85000 	/System/Library/Frameworks/ExceptionHandling.framework/Versions/A/ExceptionHandling
0x0000000103d54000 	/Users/hibatullaha/Library/Java/JavaVirtualMachines/graalvm-ce-17.0.9-1/Contents/Home/lib/libjavajpeg.dylib
0x000000013ee10000 	/Users/hibatullaha/Library/Java/JavaVirtualMachines/graalvm-ce-17.0.9-1/Contents/Home/lib/libfontmanager.dylib
0x000000012cd44000 	/Users/hibatullaha/Library/Java/JavaVirtualMachines/graalvm-ce-17.0.9-1/Contents/Home/lib/libfreetype.dylib
0x0000000103d10000 	/Users/hibatullaha/Library/Caches/JNA/temp/jna3723072929043281702.tmp
0x000000013f00c000 	/opt/homebrew/Cellar/tesseract/5.5.1/lib/libtesseract.5.dylib
0x000000013fd1c000 	/opt/homebrew/Cellar/leptonica/1.85.0/lib/libleptonica.6.dylib
0x000000012ee64000 	/opt/homebrew/Cellar/libarchive/3.8.1/lib/libarchive.13.dylib
0x000000011ffb0000 	/opt/homebrew/Cellar/libpng/1.6.49/lib/libpng16.16.dylib
0x000000012cb78000 	/opt/homebrew/Cellar/jpeg-turbo/3.1.1/lib/libjpeg.8.3.2.dylib
0x0000000103c5c000 	/opt/homebrew/Cellar/giflib/5.2.2/lib/libgif.7.2.0.dylib
0x000000013cab4000 	/opt/homebrew/Cellar/libtiff/4.7.0/lib/libtiff.6.dylib
0x000000012ef14000 	/opt/homebrew/Cellar/webp/1.5.0/lib/libwebp.7.1.10.dylib
0x0000000103c70000 	/opt/homebrew/Cellar/webp/1.5.0/lib/libwebpmux.3.1.1.dylib
0x000000012ef6c000 	/opt/homebrew/Cellar/openjpeg/2.5.3/lib/libopenjp2.2.5.3.dylib
0x000000013cbdc000 	/opt/homebrew/Cellar/zstd/1.5.7/lib/libzstd.1.5.7.dylib
0x000000012cb30000 	/opt/homebrew/Cellar/xz/5.8.1/lib/liblzma.5.dylib
0x0000000103d38000 	/opt/homebrew/Cellar/webp/1.5.0/lib/libsharpyuv.0.1.1.dylib
0x000000012cbf0000 	/opt/homebrew/Cellar/lz4/1.10.0/lib/liblz4.1.10.0.dylib
0x000000012cb00000 	/opt/homebrew/Cellar/libb2/0.98.1/lib/libb2.1.dylib


VM Arguments:
jvm_args: -XX:ThreadPriorityPolicy=1 -XX:+UnlockExperimentalVMOptions -XX:+EnableJVMCIProduct -XX:-UnlockExperimentalVMOptions -agentlib:jdwp=transport=dt_socket,address=127.0.0.1:50040,suspend=y,server=n -ea -Djna.library.path=/opt/homebrew/Cellar/tesseract/5.5.1/lib -Didea.test.cyclic.buffer.size=1048576 -javaagent:/Users/hibatullaha/Library/Caches/JetBrains/IntelliJIdea2024.3/captureAgent/debugger-agent.jar -Dkotlinx.coroutines.debug.enable.creation.stack.trace=false -Ddebugger.agent.enable.coroutines=true -Dkotlinx.coroutines.debug.enable.flows.stack.trace=true -Dkotlinx.coroutines.debug.enable.mutable.state.flows.stack.trace=true -Dfile.encoding=UTF-8 
java_command: com.intellij.rt.junit.JUnitStarter -ideVersion5 -junit5 com.irfaan.efaktur.service.FakturValidationServiceTest,testProcessingFakturFromFile
java_class_path (initial): /Users/hibatullaha/.m2/repository/org/junit/platform/junit-platform-launcher/1.10.2/junit-platform-launcher-1.10.2.jar:/Applications/IntelliJ IDEA.app/Contents/lib/idea_rt.jar:/Applications/IntelliJ IDEA.app/Contents/plugins/junit/lib/junit5-rt.jar:/Applications/IntelliJ IDEA.app/Contents/plugins/junit/lib/junit-rt.jar:/Users/hibatullaha/project-irfaan/e-faktur/target/test-classes:/Users/hibatullaha/project-irfaan/e-faktur/target/classes:/Users/hibatullaha/.m2/repository/org/springframework/boot/spring-boot-starter-web/3.2.4/spring-boot-starter-web-3.2.4.jar:/Users/hibatullaha/.m2/repository/org/springframework/boot/spring-boot-starter/3.2.4/spring-boot-starter-3.2.4.jar:/Users/hibatullaha/.m2/repository/org/springframework/boot/spring-boot/3.2.4/spring-boot-3.2.4.jar:/Users/hibatullaha/.m2/repository/org/springframework/boot/spring-boot-autoconfigure/3.2.4/spring-boot-autoconfigure-3.2.4.jar:/Users/hibatullaha/.m2/repository/org/springframework/boot/spring-boot-starter-logging/3.2.4/spring-boot-starter-logging-3.2.4.jar:/Users/hibatullaha/.m2/repository/ch/qos/logback/logback-classic/1.4.14/logback-classic-1.4.14.jar:/Users/hibatullaha/.m2/repository/ch/qos/logback/logback-core/1.4.14/logback-core-1.4.14.jar:/Users/hibatullaha/.m2/repository/org/apache/logging/log4j/log4j-to-slf4j/2.21.1/log4j-to-slf4j-2.21.1.jar:/Users/hibatullaha/.m2/repository/org/apache/logging/log4j/log4j-api/2.21.1/log4j-api-2.21.1.jar:/Users/hibatullaha/.m2/repository/org/slf4j/jul-to-slf4j/2.0.12/jul-to-slf4j-2.0.12.jar:/Users/hibatullaha/.m2/repository/jakarta/annotation/jakarta.annotation-api/2.1.1/jakarta.annotation-api-2.1.1.jar:/Users/hibatullaha/.m2/repository/org/yaml/snakeyaml/2.2/snakeyaml-2.2.jar:/Users/hibatullaha/.m2/repository/org/springframework/boot/spring-boot-starter-json/3.2.4/spring-boot-starter-json-3.2.4.jar:/Users/hibatullaha/.m2/repository/com/fasterxml/jackson/core/jackson-databind/2.15.4/jackson-databind-2.15.4.jar:/Users/hibatullaha/.m2
Launcher Type: SUN_STANDARD

[Global flags]
     intx CICompilerCount                          = 4                                         {product} {ergonomic}
     uint ConcGCThreads                            = 2                                         {product} {ergonomic}
     bool EnableJVMCIProduct                       = true                                {JVMCI product} {jimage}
     uint G1ConcRefinementThreads                  = 8                                         {product} {ergonomic}
   size_t G1HeapRegionSize                         = 2097152                                   {product} {ergonomic}
    uintx GCDrainStackTargetSize                   = 64                                        {product} {ergonomic}
   size_t InitialHeapSize                          = 268435456                                 {product} {ergonomic}
   size_t MarkStackSize                            = 4194304                                   {product} {ergonomic}
   size_t MaxHeapSize                              = 4294967296                                {product} {ergonomic}
   size_t MaxNewSize                               = 2575302656                                {product} {ergonomic}
   size_t MinHeapDeltaBytes                        = 2097152                                   {product} {ergonomic}
   size_t MinHeapSize                              = 8388608                                   {product} {ergonomic}
    uintx NonNMethodCodeHeapSize                   = 6979684                                {pd product} {ergonomic}
    uintx NonProfiledCodeHeapSize                  = 122339278                              {pd product} {ergonomic}
    uintx ProfiledCodeHeapSize                     = 122339278                              {pd product} {ergonomic}
    uintx ReservedCodeCacheSize                    = 251658240                              {pd product} {ergonomic}
     bool SegmentedCodeCache                       = true                                      {product} {ergonomic}
   size_t SoftMaxHeapSize                          = 4294967296                             {manageable} {ergonomic}
     intx ThreadPriorityPolicy                     = 1                                         {product} {jimage}
     bool UseCompressedClassPointers               = true                           {product lp64_product} {ergonomic}
     bool UseCompressedOops                        = true                           {product lp64_product} {ergonomic}
     bool UseG1GC                                  = true                                      {product} {ergonomic}
     bool UseNUMA                                  = false                                     {product} {ergonomic}
     bool UseNUMAInterleaving                      = false                                     {product} {ergonomic}

Logging:
Log output configuration:
 #0: stdout all=warning uptime,level,tags
 #1: stderr all=off uptime,level,tags

Environment Variables:
JAVA_HOME=/Users/hibatullaha/Library/Java/JavaVirtualMachines/azul-1.8.0_432/Contents/Home
PATH=/Users/hibatullaha/go/bin:/opt/homebrew/bin:/Users/hibatullaha/Library/Java/JavaVirtualMachines/azul-1.8.0_432/Contents/Home/bin:/usr/local/bin:/System/Cryptexes/App/usr/bin:/usr/bin:/bin:/usr/sbin:/sbin:/var/run/com.apple.security.cryptexd/codex.system/bootstrap/usr/local/bin:/var/run/com.apple.security.cryptexd/codex.system/bootstrap/usr/bin:/var/run/com.apple.security.cryptexd/codex.system/bootstrap/usr/appleinternal/bin:/usr/local/sbin:/Users/hibatullaha/apache-maven-3.6.3/bin
SHELL=/bin/bash
LC_CTYPE=en_US.UTF-8
TMPDIR=/var/folders/kt/79t85h_x5zd45qvth9363sm4b8x790/T/

Active Locale:
LC_ALL=C/en_US.UTF-8/C/C/C/C
LC_COLLATE=C
LC_CTYPE=en_US.UTF-8
LC_MESSAGES=C
LC_MONETARY=C
LC_NUMERIC=C
LC_TIME=C

Signal Handlers:
   SIGSEGV: crash_handler in libjvm.dylib, mask=11100110000111110111111111111111, flags=SA_RESTART|SA_SIGINFO, unblocked
    SIGBUS: crash_handler in libjvm.dylib, mask=11100110000111110111111111111111, flags=SA_RESTART|SA_SIGINFO, unblocked
    SIGFPE: crash_handler in libjvm.dylib, mask=11100110000111110111111111111111, flags=SA_RESTART|SA_SIGINFO, unblocked
   SIGPIPE: javaSignalHandler in libjvm.dylib, mask=11100110000111110111111111111111, flags=SA_RESTART|SA_SIGINFO, blocked
   SIGXFSZ: javaSignalHandler in libjvm.dylib, mask=11100110000111110111111111111111, flags=SA_RESTART|SA_SIGINFO, blocked
    SIGILL: crash_handler in libjvm.dylib, mask=11100110000111110111111111111111, flags=SA_RESTART|SA_SIGINFO, unblocked
   SIGUSR2: SR_handler in libjvm.dylib, mask=00000000000000000000000000000000, flags=SA_RESTART|SA_SIGINFO, blocked
    SIGHUP: UserHandler in libjvm.dylib, mask=11100110000111110111111111111111, flags=SA_RESTART|SA_SIGINFO, blocked
    SIGINT: UserHandler in libjvm.dylib, mask=11100110000111110111111111111111, flags=SA_RESTART|SA_SIGINFO, blocked
   SIGTERM: UserHandler in libjvm.dylib, mask=11100110000111110111111111111111, flags=SA_RESTART|SA_SIGINFO, blocked
   SIGQUIT: UserHandler in libjvm.dylib, mask=11100110000111110111111111111111, flags=SA_RESTART|SA_SIGINFO, blocked
   SIGTRAP: crash_handler in libjvm.dylib, mask=11100110000111110111111111111111, flags=SA_RESTART|SA_SIGINFO, unblocked


Periodic native trim disabled


---------------  S Y S T E M  ---------------

OS:
uname: Darwin 24.3.0 Darwin Kernel Version 24.3.0: Thu Jan  2 20:24:06 PST 2025; root:xnu-11215.81.4~3/RELEASE_ARM64_T8103 arm64
OS uptime: 0 days 1:12 hours
rlimit (soft/hard): STACK 8176k/65520k , CORE 0k/infinity , NPROC 2666/4000 , NOFILE 10240/infinity , AS infinity/infinity , CPU infinity/infinity , DATA infinity/infinity , FSIZE infinity/infinity , MEMLOCK infinity/infinity , RSS infinity/infinity
load average: 3.95 2.46 2.32

CPU: total 8 (initial active 8) 0x61:0x0:0x1b588bb3:0, fp, simd, crc, lse
machdep.cpu.brand_string:Apple M1
hw.cachelinesize:128
hw.l1icachesize:131072
hw.l1dcachesize:65536
hw.l2cachesize:4194304

Memory: 16k page, physical 16777216k(99552k free), swap 0k(0k free)

vm_info: OpenJDK 64-Bit Server VM (17.0.9+9-jvmci-23.0-b22) for bsd-aarch64 JRE (17.0.9+9-jvmci-23.0-b22), built on Oct 18 2023 05:07:37 by "graal" with clang Apple LLVM 12.0.0 (clang-1200.0.32.29)

END.
